OrderID,Transaction
536370,"['ALARM CLOCK BAKELIKE GREEN', 'ALARM CLOCK BAKELIKE PINK', 'ALARM CLOCK BAKELIKE RED ', 'CHARLOTTE BAG DOLLY GIRL DESIGN', 'CIRCUS PARADE LUNCH BOX ', 'INFLATABLE POLITICAL GLOBE ', 'LUNCH BOX I LOVE LONDON', 'MINI JIGSAW CIRCUS PARADE ', 'MINI JIGSAW SPACEBOY', 'MINI PAINT SET VINTAGE ', 'PANDA AND BUNNIES STICKER SHEET', 'RED TOADSTOOL LED NIGHT LIGHT', 'ROUND SNACK BOXES SET OF4 WOODLAND ', 'SET 2 TEA TOWELS I LOVE LONDON ', 'SET2 RED RETROSPOT TEA TOWELS ', 'SPACEBOY LUNCH BOX ', 'STARS GIFT TAPE ', 'VINTAGE HEADS AND TAILS CARD GAME ', 'VINTAGE SEASIDE JIGSAW PUZZLES', 'Segment_Corporate', 'Region_Northeast']"
536852,"['CHARLOTTE BAG DOLLY GIRL DESIGN', 'MINI JIGSAW DOLLY GIRL', 'MINI JIGSAW SPACEBOY', 'PICTURE DOMINOES', 'POLKADOT RAIN HAT ', 'VINTAGE HEADS AND TAILS CARD GAME ', 'Segment_Consumer', 'Region_Northeast']"
536974,"['ASSORTED COLOUR MINI CASES', 'BIG DOUGHNUT FRIDGE MAGNETS', 'EDWARDIAN PARASOL BLACK', 'EDWARDIAN PARASOL PINK', 'EDWARDIAN PARASOL RED', 'LUNCH BAG RED RETROSPOT', 'LUNCH BAG WOODLAND', 'LUNCH BOX I LOVE LONDON', 'LUNCH BOX WITH CUTLERY RETROSPOT ', 'POPPYS PLAYHOUSE KITCHEN', 'RED  HARMONICA IN BOX ', 'RED RETROSPOT MINI CASES', 'RIBBON REEL POLKADOTS ', 'SET OF SALT AND PEPPER TOADSTOOLS', 'TEA PARTY BIRTHDAY CARD', 'Segment_Consumer', 'Region_Northeast']"
537065,"['5 HOOK HANGER RED MAGIC TOADSTOOL', 'ALARM CLOCK BAKELIKE GREEN', 'ALARM CLOCK BAKELIKE ORANGE', 'ALARM CLOCK BAKELIKE PINK', 'ALARM CLOCK BAKELIKE RED ', 'ASSORTED COLOUR MINI CASES', 'BASKET OF TOADSTOOLS', 'BLUE 3 PIECE POLKADOT CUTLERY SET', 'BLUE GEISHA GIRL ', 'BREAD BIN DINER STYLE RED ', 'CERAMIC CHERRY CAKE MONEY BANK', 'CERAMIC STRAWBERRY MONEY BOX', 'CERAMIC STRAWBERRY TRINKET TRAY', 'CHERRY BLOSSOM  DECORATIVE FLASK', 'CHILDS BREAKFAST SET CIRCUS PARADE', 'CHILDS BREAKFAST SET DOLLY GIRL ', 'CHILDS BREAKFAST SET SPACEBOY ', 'CLASSICAL ROSE SMALL VASE', 'DECORATIVE CATS BATHROOM BOTTLE', 'DINOSAUR KEYRINGS ASSORTED', 'FIVE HEART HANGING DECORATION', 'GREEN 3 PIECE POLKADOT CUTLERY SET', 'GREEN GEISHA GIRL ', 'GUMBALL COAT RACK', 'HAND WARMER RED RETROSPOT', 'HOT WATER BOTTLE BABUSHKA ', 'LUNCH BAG CARS BLUE', 'LUNCH BAG RED RETROSPOT', 'LUNCH BAG WOODLAND', 'LUNCH BOX WITH CUTLERY RETROSPOT ', 'NURSES BAG SOFT TOY', 'PACK OF 12 CIRCUS PARADE TISSUES ', 'PACK OF 12 RED RETROSPOT TISSUES ', 'PACK OF 12 SPACEBOY TISSUES', 'PACK OF 12 SUKI TISSUES ', 'PACK OF 12 WOODLAND TISSUES ', 'PAPERWEIGHT CHILDHOOD MEMORIES', 'PARTY BUNTING', 'PARTY TIME PENCIL ERASERS', 'PINK  HONEYCOMB PAPER BALL ', 'PINK PAINTED KASHMIRI CHAIR', 'PLASTERS IN TIN SPACEBOY', 'PLASTERS IN TIN WOODLAND ANIMALS', 'POLKADOT RAIN HAT ', 'RAIN PONCHO RETROSPOT', 'RED 3 PIECE RETROSPOT CUTLERY SET', 'RED GINGHAM TEDDY BEAR ', 'RED RETROSPOT BUTTER DISH', 'RED RETROSPOT MINI CASES', 'RED RETROSPOT PURSE ', 'REGENCY CAKESTAND 3 TIER', 'RETROSPOT LAMP', 'RETROSPOT LARGE MILK JUG', 'ROSE COTTAGE KEEPSAKE BOX ', 'ROUND SNACK BOXES SET OF4 WOODLAND ', 'SET OF 6 3D KIT CARDS FOR KIDS', 'SET OF 6 SOLDIER SKITTLES', 'SET OF SALT AND PEPPER TOADSTOOLS', 'SET10 RED POLKADOT PARTY CANDLES', 'STRAWBERRY LUNCH BOX WITH CUTLERY', 'TOOL BOX SOFT TOY ', 'TRADITIONAL WOODEN CATCH CUP GAME ', 'Segment_Corporate', 'Region_Southeast']"
537463,"['BIG DOUGHNUT FRIDGE MAGNETS', 'BLACK RECORD COVER FRAME', 'BOOM BOX SPEAKER BOYS', 'BOX OF 24 COCKTAIL PARASOLS', 'CANDY SHOP  STICKER SHEET', 'COFFEE MUG CAT  BIRD DESIGN', 'COFFEE MUG DOG  BALL DESIGN', 'DOORMAT RESPECTABLE HOUSE', 'FANCY FONT BIRTHDAY CARD, ', 'GUMBALL COAT RACK', 'IVORY DINER WALL CLOCK', 'JAM MAKING SET PRINTED', 'LOVELY BONBON STICKER SHEET', 'LUNCH BOX WITH CUTLERY RETROSPOT ', 'METAL SIGN TAKE IT OR LEAVE IT ', 'OFFICE MUG WARMER PINK', 'OFFICE MUG WARMER POLKADOT', 'PACK OF 20 NAPKINS RED APPLES', 'PACK OF 72 RETROSPOT CAKE CASES', 'PINK POLKADOT CHILDRENS UMBRELLA', 'PLASTERS IN TIN WOODLAND ANIMALS', 'RECORD FRAME 7 SINGLE SIZE ', 'RED RETROSPOT CHILDRENS UMBRELLA', 'RED RETROSPOT CUP', 'RED TOADSTOOL LED NIGHT LIGHT', 'ROBOT BIRTHDAY CARD', 'ROUND SNACK BOXES SET OF4 WOODLAND ', 'SET OF 2 TEA TOWELS APPLE AND PEARS', 'SET OF SALT AND PEPPER TOADSTOOLS', 'SET10 BLUE POLKADOT PARTY CANDLES', 'SET10 RED POLKADOT PARTY CANDLES', 'SET4 SKULL BADGES', 'SKULLS  WATER TRANSFER TATTOOS ', 'SNOWSTORM PHOTO FRAME FRIDGE MAGNET', 'STRAWBERRY LUNCH BOX WITH CUTLERY', 'TABLECLOTH RED APPLES DESIGN ', 'TEA BAG PLATE RED RETROSPOT', 'TEA PARTY BIRTHDAY CARD', 'WOODLAND  STICKERS', 'WOODLAND CHARLOTTE BAG', 'Segment_Corporate', 'Region_Northeast']"
537468,"['10 COLOUR SPACEBOY PEN', 'BIRD HOUSE HOT WATER BOTTLE', 'CLOTHES PEGS RETROSPOT PACK 24 ', 'DELUXE SEWING KIT ', 'FELTCRAFT DOLL MARIA', 'FELTCRAFT PRINCESS CHARLOTTE DOLL', 'FELTCRAFT PRINCESS LOLA DOLL', 'GREY HEART HOT WATER BOTTLE', 'HOT WATER BOTTLE BABUSHKA ', 'HOT WATER BOTTLE TEA AND SYMPATHY', 'LUNCH BAG RED RETROSPOT', 'LUNCH BAG SPACEBOY DESIGN ', 'LUNCH BAG SUKI  DESIGN ', 'MAGIC DRAWING SLATE CIRCUS PARADE  ', 'POPPYS PLAYHOUSE BATHROOM', 'POPPYS PLAYHOUSE BEDROOM ', 'POPPYS PLAYHOUSE KITCHEN', 'RETROSPOT HEART HOT WATER BOTTLE', 'SCOTTIE DOG HOT WATER BOTTLE', 'Segment_Consumer', 'Region_Southeast']"
537693,"['BLUE SCANDINAVIAN PAISLEY WRAP', 'FAIRY CAKE BIRTHDAY CANDLE SET', 'MAKE YOUR OWN MONSOON CARD KIT', 'MAKE YOUR OWN PLAYTIME CARD KIT', 'PAPER CHAIN KIT 50S CHRISTMAS ', 'PAPER CHAIN KIT VINTAGE CHRISTMAS', 'TEA TIME PARTY BUNTING', 'TRADITIONAL CHRISTMAS RIBBONS', 'VINTAGE CARAVAN GIFT WRAP', 'WRAP I LOVE LONDON ', 'Segment_Consumer', 'Region_Southeast']"
537893,"['CHILDS BREAKFAST SET SPACEBOY ', 'DOLLY GIRL LUNCH BOX', 'SILK PURSE BABUSHKA BLUE', 'Segment_Consumer', 'Region_Southeast']"
537897,"['CHARLOTTE BAG DOLLY GIRL DESIGN', 'CHILDRENS DOLLY GIRL MUG', 'CHRISTMAS RETROSPOT ANGEL WOOD', 'CLOTHES PEGS RETROSPOT PACK 24 ', 'DOORMAT RED RETROSPOT', 'FAWN BLUE HOT WATER BOTTLE', 'FELT TOADSTOOL  SMALL', 'MEASURING TAPE BABUSHKA RED', 'RED TOADSTOOL LED NIGHT LIGHT', 'RED WOOLLY HOTTIE WHITE HEART.', 'SET 7 BABUSHKA NESTING BOXES', 'SET OF 2 ROUND TINS CAMEMBERT ', 'Segment_Consumer', 'Region_Northeast']"
537967,"['RECIPE BOX RETROSPOT ', 'RED RETROSPOT CAKE STAND', 'Segment_Consumer', 'Region_Southeast']"
538008,"['60 CAKE CASES DOLLY GIRL DESIGN', '72 SWEETHEART FAIRY CAKE CASES', 'BLUE PARTY BAGS ', 'CHILDRENS APRON APPLES DESIGN', 'CHILDRENS APRON DOLLY GIRL ', 'CHILDRENS CIRCUS PARADE MUG', 'CHILDRENS DOLLY GIRL MUG', 'CHILDRENS SPACEBOY MUG', 'CHILDS BREAKFAST SET CIRCUS PARADE', 'CIRCUS PARADE CHILDRENS EGG CUP ', 'CUPCAKE LACE PAPER SET 6', 'DOLLY GIRL CHILDRENS EGG CUP', 'DOLLY GIRL LUNCH BOX', 'EASTER TIN BUNNY BOUQUET', 'LUNCH BOX WITH CUTLERY RETROSPOT ', 'OVEN MITT APPLES DESIGN', 'PACK OF 20 NAPKINS PANTRY DESIGN', 'PACK OF 20 NAPKINS RED APPLES', 'PINK 3 PIECE POLKADOT CUTLERY SET', 'PINK CREAM FELT CRAFT TRINKET BOX ', 'PINK PARTY BAGS', 'RED RETROSPOT CAKE STAND', 'RED RETROSPOT OVEN GLOVE ', 'RETROSPOT PARTY BAG  STICKER SET', 'SET OF 2 TEA TOWELS APPLE AND PEARS', 'SET OF 20 VINTAGE CHRISTMAS NAPKINS', 'SET OF 9 BLACK SKULL BALLOONS', 'SET OF 9 HEART SHAPED BALLOONS', 'SET10 BLUE POLKADOT PARTY CANDLES', 'SET10 IVORY POLKADOT PARTY CANDLES', 'SET10 PINK POLKADOT PARTY CANDLES', 'SET10 RED POLKADOT PARTY CANDLES', 'SET6 RED SPOTTY PAPER CUPS', 'SET6 RED SPOTTY PAPER PLATES', 'SPACEBOY CHILDRENS EGG CUP', 'STRAWBERRY LUNCH BOX WITH CUTLERY', 'TABLECLOTH RED APPLES DESIGN ', 'WOODLAND PARTY BAG  STICKER SET', 'WRAP GREEN PEARS ', 'WRAP RED APPLES ', 'Segment_Consumer', 'Region_Northeast']"
538093,"['4 TRADITIONAL SPINNING TOPS', '6 RIBBONS RUSTIC CHARM', 'ASSORTED COLOUR MINI CASES', 'BIG DOUGHNUT FRIDGE MAGNETS', 'BIRD DECORATION RED RETROSPOT', 'EDWARDIAN PARASOL BLACK', 'EDWARDIAN PARASOL RED', 'HAIRCLIPS FORTIES FABRIC ASSORTED', 'INFLATABLE POLITICAL GLOBE ', 'JAM MAKING SET PRINTED', 'JUMBO BAG PINK POLKADOT', 'JUMBO BAG SPACEBOY DESIGN', 'LUNCH BAG RED RETROSPOT', 'LUNCH BAG SPACEBOY DESIGN ', 'LUNCH BAG SUKI  DESIGN ', 'LUNCH BAG WOODLAND', 'METAL DECORATION NAUGHTY CHILDREN ', 'PLASTERS IN TIN CIRCUS PARADE ', 'PLASTERS IN TIN SPACEBOY', 'PLASTERS IN TIN WOODLAND ANIMALS', 'RED RETROSPOT MINI CASES', 'RED TOADSTOOL LED NIGHT LIGHT', 'RIBBON REEL MAKING SNOWMEN ', 'RIBBON REEL SNOWY VILLAGE', 'RIBBON REEL STRIPES DESIGN ', 'SET OF 20 VINTAGE CHRISTMAS NAPKINS', 'SET3 DECOUPAGE STACKING TINS', 'SKULL LUNCH BOX WITH CUTLERY ', 'SMALL POPCORN HOLDER', 'STRAWBERRY LUNCH BOX WITH CUTLERY', 'TOADSTOOL MONEY BOX', 'VINTAGE HEADS AND TAILS CARD GAME ', 'Segment_Consumer', 'Region_Northeast']"
538196,"['ASSORTED COLOUR BIRD ORNAMENT', 'BLUE HARMONICA IN BOX ', 'CLOTHES PEGS RETROSPOT PACK 24 ', 'DOORMAT RED RETROSPOT', 'DOORMAT UNION FLAG', 'ELEPHANT, BIRTHDAY CARD, ', 'INFLATABLE POLITICAL GLOBE ', 'LUNCH BAG RED RETROSPOT', 'PICTURE DOMINOES', 'RED  HARMONICA IN BOX ', 'RED RETROSPOT CHILDRENS UMBRELLA', 'RED RETROSPOT TRADITIONAL TEAPOT ', 'RETROSPOT LARGE MILK JUG', 'TRADITIONAL MODELLING CLAY', 'WOODEN BOX OF DOMINOES', 'Segment_Corporate', 'Region_Southeast']"
539050,"['12 PENCILS TALL TUBE RED RETROSPOT', '6 RIBBONS EMPIRE  ', 'AGED GLASS SILVER TLIGHT HOLDER', 'AIRLINE BAG VINTAGE JET SET BROWN', 'AIRLINE BAG VINTAGE JET SET RED', 'ANTIQUE ALL GLASS CANDLESTICK', 'ANTIQUE GLASS PEDESTAL BOWL', 'ANTIQUE SILVER TEA GLASS ENGRAVED', 'ASSTD DESIGN 3D PAPER STICKERS', 'BALLOONS  WRITING SET ', 'BLACK CANDELABRA TLIGHT HOLDER', 'BLUE TEA TOWEL CLASSIC DESIGN', 'CAROUSEL DESIGN WASHBAG', 'CHRISTMAS METAL TAGS ASSORTED ', 'CIRCUS PARADE LUNCH BOX ', 'ETCHED GLASS COASTER', 'FELTCRAFT CHRISTMAS FAIRY', 'FELTCRAFT PRINCESS CHARLOTTE DOLL', 'FUNKY WASHING UP GLOVES ASSORTED', 'GREY FLORAL FELTCRAFT SHOULDER BAG', 'HEART OF WICKER SMALL', 'KEEP OUT BOYS DOOR HANGER ', 'KEY FOB , BACK DOOR ', 'KEY FOB , SHED', 'LETS GO SHOPPING COTTON TOTE BAG', 'MAGNETS PACK OF 4 CHILDHOOD MEMORY', 'MAGNETS PACK OF 4 VINTAGE COLLAGE', 'MAGNETS PACK OF 4 VINTAGE LABELS ', 'METAL SIGN TAKE IT OR LEAVE IT ', 'MOTORING TISSUE BOX', 'NINJA RABBIT PINK', 'PACK OF 12 HEARTS DESIGN TISSUES ', 'PACK OF 12 PINK POLKADOT TISSUES', 'PACK OF 12 RED RETROSPOT TISSUES ', 'PACK OF 12 SUKI TISSUES ', 'PACK OF 12 WOODLAND TISSUES ', 'PAPER CHAIN KIT VINTAGE CHRISTMAS', 'PHOTO CUBE', 'PINK CREAM FELT CRAFT TRINKET BOX ', 'PLACE SETTING WHITE HEART', 'RED RETROSPOT TISSUE BOX', 'RED TEA TOWEL CLASSIC DESIGN', 'REX CASHCARRY JUMBO SHOPPER', 'RIBBON REEL CHRISTMAS SOCK BAUBLE', 'RIBBON REEL HEARTS DESIGN ', 'RIBBON REEL LACE DESIGN ', 'RIBBON REEL STRIPES DESIGN ', 'S6 SEW ON CROCHET FLOWERS', 'SANDWICH BATH SPONGE', 'SCANDINAVIAN REDS RIBBONS', 'SCOTTIES DESIGN WASHBAG', 'SET OF 20 VINTAGE CHRISTMAS NAPKINS', 'SET OF 3 CAKE TINS PANTRY DESIGN ', 'SET OF 3 HEART COOKIE CUTTERS', 'SET OF 3 NOTEBOOKS IN PARCEL', 'SET OF 4 NAPKIN CHARMS CROWNS ', 'SET OF 4 NAPKIN CHARMS CUTLERY', 'SET OF 9 HEART SHAPED BALLOONS', 'SPACE CADET RED', 'SPACE OWL', 'SQUARECUSHION COVER PINK UNION FLAG', 'STRAWBERRY BATH SPONGE ', 'URBAN BLACK RIBBONS ', 'VINTAGE BILLBOARD TEA MUG', 'WICKER WREATH LARGE', 'WOODLAND DESIGN  COTTON TOTE BAG', 'ZINC METAL HEART DECORATION', 'Segment_Consumer', 'Region_Northeast']"
539104,"['LUNCH BAG DOLLY GIRL DESIGN', 'Segment_Consumer', 'Region_Southeast']"
539113,"['LUNCH BAG DOLLY GIRL DESIGN', 'Segment_Corporate', 'Region_Southeast']"
539114,"['RECIPE BOX RETROSPOT ', 'Segment_Corporate', 'Region_Northeast']"
539407,"['BLUE HARMONICA IN BOX ', 'FELT FARM ANIMAL WHITE BUNNY ', 'FELT TOADSTOOL  SMALL', 'MINI PAINT SET VINTAGE ', 'RETROSPOT PARTY BAG  STICKER SET', 'Segment_Corporate', 'Region_Southeast']"
539435,"['RED RETROSPOT MINI CASES', 'RED TOADSTOOL LED NIGHT LIGHT', 'ROUND SNACK BOXES SET OF4 WOODLAND ', 'TOADSTOOL MONEY BOX', 'Segment_Corporate', 'Region_Northeast']"
539551,"['ASS COLOUR GLOWING TIARAS', 'EDWARDIAN PARASOL NATURAL', 'EDWARDIAN PARASOL PINK', 'FAIRY TALE COTTAGE NIGHTLIGHT', 'HAND WARMER BABUSHKA DESIGN', 'LUNCH BAG WOODLAND', 'PINK HEART SHAPE EGG FRYING PAN', 'PINK POLKADOT CHILDRENS UMBRELLA', 'RED DRAGONFLY HELICOPTER', 'RED RETROSPOT CHILDRENS UMBRELLA', 'RED TOADSTOOL LED NIGHT LIGHT', 'RETROSPOT PARTY BAG  STICKER SET', 'TOAST ITS  I LOVE YOU ', 'WOODLAND PARTY BAG  STICKER SET', 'Segment_Consumer', 'Region_Southeast']"
539607,"['BIG DOUGHNUT FRIDGE MAGNETS', 'BLACK RECORD COVER FRAME', 'BLUE POLKADOT CUP', 'BOOM BOX SPEAKER GIRLS', 'CABIN BAG VINTAGE RETROSPOT', 'CHARLOTTE BAG PINK POLKADOT', 'CHILDRENS CIRCUS PARADE MUG', 'CIRCUS PARADE CHILDRENS EGG CUP ', 'COFFEE MUG APPLES DESIGN', 'COFFEE MUG PEARS  DESIGN', 'DOORMAT RESPECTABLE HOUSE', 'DOORMAT UNION FLAG', 'FANCY FONT BIRTHDAY CARD, ', 'FIRST CLASS PASSPORT COVER ', 'GINGERBREAD MAN COOKIE CUTTER', 'JAM MAKING SET PRINTED', 'LARGE POPCORN HOLDER ', 'LONDON BUS COFFEE MUG', 'LUNCH BOX WITH CUTLERY RETROSPOT ', 'METAL SIGN TAKE IT OR LEAVE IT ', 'NO SINGING METAL SIGN', 'OFFICE MUG WARMER CHOCBLUE', 'OFFICE MUG WARMER POLKADOT', 'PACK OF 6 SKULL PAPER CUPS', 'PACK OF 60 MUSHROOM CAKE CASES', 'PACK OF 72 SKULL CAKE CASES', 'PINK 3 PIECE POLKADOT CUTLERY SET', 'PINK UNION JACK  PASSPORT COVER ', 'PLASTERS IN TIN CIRCUS PARADE ', 'PLASTERS IN TIN STRONGMAN', 'PLASTERS IN TIN WOODLAND ANIMALS', 'RECORD FRAME 7 SINGLE SIZE ', 'RED RETROSPOT MINI CASES', 'RED TOADSTOOL LED NIGHT LIGHT', 'SET OF 2 TEA TOWELS APPLE AND PEARS', 'SET OF SALT AND PEPPER TOADSTOOLS', 'SET20 RED RETROSPOT PAPER NAPKINS ', 'SET4 SKULL BADGES', 'SET6 RED SPOTTY PAPER CUPS', 'SMALL POPCORN HOLDER', 'SNOWSTORM PHOTO FRAME FRIDGE MAGNET', 'SPACEBOY BIRTHDAY CARD', 'STARS GIFT TAPE ', 'STRAWBERRY LUNCH BOX WITH CUTLERY', 'TRAVEL SEWING KIT', 'UNION JACK FLAG PASSPORT COVER ', 'Segment_Corporate', 'Region_Northeast']"
539727,"['BAKING MOULD EASTER EGG MILK CHOC', 'BAKING MOULD EASTER EGG WHITE CHOC', 'CLOTHES PEGS RETROSPOT PACK 24 ', 'Segment_Consumer', 'Region_Northeast']"
539829,"['CAKE PLATE LOVEBIRD PINK', 'CAKE PLATE LOVEBIRD WHITE', 'METAL SIGN CUPCAKE SINGLE HOOK', 'METAL SIGN,CUPCAKE SINGLE HOOK', 'Segment_Consumer', 'Region_Southeast']"
540151,"['RED RETROSPOT CAKE STAND', 'Segment_Consumer', 'Region_Northeast']"
540156,"['RED RETROSPOT CAKE STAND', 'Segment_Consumer', 'Region_Northeast']"
540178,"['12 PENCIL SMALL TUBE WOODLAND', '12 PENCILS SMALL TUBE RED RETROSPOT', '4 TRADITIONAL SPINNING TOPS', 'BOOM BOX SPEAKER BOYS', 'CABIN BAG VINTAGE RETROSPOT', 'CALENDAR PAPER CUT DESIGN', 'CUTE CATS TAPE', 'DOLLY MIXTURE CHILDRENS UMBRELLA', 'DOORMAT RESPECTABLE HOUSE', 'FOLDING UMBRELLA CREAM POLKADOT', 'FOLDING UMBRELLA REDWHITE POLKADOT', 'GINGERBREAD MAN COOKIE CUTTER', 'GUMBALL COAT RACK', 'JAM MAKING SET PRINTED', 'LUNCH BOX WITH CUTLERY RETROSPOT ', 'OFFICE MUG WARMER CHOCBLUE', 'OFFICE MUG WARMER PINK', 'PACK OF 20 SKULL PAPER NAPKINS', 'PACK OF 72 RETROSPOT CAKE CASES', 'PLASTERS IN TIN CIRCUS PARADE ', 'PLASTERS IN TIN WOODLAND ANIMALS', 'POLKADOT RAIN HAT ', 'RED RETROSPOT CHILDRENS UMBRELLA', 'RED RETROSPOT CUP', 'ROBOT BIRTHDAY CARD', 'SET OF 2 TEA TOWELS APPLE AND PEARS', 'SET OF SALT AND PEPPER TOADSTOOLS', 'SET4 SKULL BADGES', 'SET6 RED SPOTTY PAPER CUPS', 'SKULLS  WATER TRANSFER TATTOOS ', 'TABLECLOTH RED APPLES DESIGN ', 'TEA BAG PLATE RED RETROSPOT', 'TEA PARTY BIRTHDAY CARD', 'Segment_Consumer', 'Region_Northeast']"
540239,"['ASSORTED BOTTLE TOP  MAGNETS ', 'ASSORTED COLOUR MINI CASES', 'BLUE ROSE FABRIC MIRROR', 'CALENDAR PAPER CUT DESIGN', 'CHERRY BLOSSOM  DECORATIVE FLASK', 'CIRCUS PARADE CHILDRENS EGG CUP ', 'CLOTHES PEGS RETROSPOT PACK 24 ', 'COFFEE MUG PEARS  DESIGN', 'EASTER TIN BUNNY BOUQUET', 'EDWARDIAN PARASOL BLACK', 'EDWARDIAN PARASOL NATURAL', 'EDWARDIAN PARASOL PINK', 'EDWARDIAN PARASOL RED', 'GINGERBREAD MAN COOKIE CUTTER', 'INFLATABLE POLITICAL GLOBE ', 'JAM JAR WITH PINK LID', 'JAM MAKING SET PRINTED', 'LUNCH BOX WITH CUTLERY RETROSPOT ', 'PACK OF 60 MUSHROOM CAKE CASES', 'PACK OF 60 PINK PAISLEY CAKE CASES', 'PAPER BUNTING RETROSPOT', 'PINK DOUGHNUT TRINKET POT ', 'PLASTERS IN TIN CIRCUS PARADE ', 'PLASTERS IN TIN SPACEBOY', 'PLASTERS IN TIN WOODLAND ANIMALS', 'RED  HARMONICA IN BOX ', 'RED RETROSPOT MINI CASES', 'REGENCY CAKESTAND 3 TIER', 'RETROSPOT PARTY BAG  STICKER SET', 'ROUND SNACK BOXES SET OF 4 FRUITS ', 'ROUND SNACK BOXES SET OF4 WOODLAND ', 'SET OF 2 TEA TOWELS APPLE AND PEARS', 'SET OF 9 HEART SHAPED BALLOONS', 'SILK PURSE BABUSHKA RED', 'STRAWBERRY LUNCH BOX WITH CUTLERY', 'TEA FOR ONE POLKADOT', 'TEA PARTY BIRTHDAY CARD', 'VINTAGE HEADS AND TAILS CARD GAME ', 'WOODLAND PARTY BAG  STICKER SET', 'Segment_Consumer', 'Region_Southeast']"
540351,"['60 CAKE CASES DOLLY GIRL DESIGN', 'CERAMIC CHERRY CAKE MONEY BANK', 'CERAMIC HEART FAIRY CAKE MONEY BANK', 'CERAMIC PIRATE CHEST MONEY BANK', 'DOCTORS BAG SOFT TOY', 'LUNCH BAG RED RETROSPOT', 'MINI FUNKY DESIGN TAPES', 'NURSES BAG SOFT TOY', 'PACK OF 12 RED RETROSPOT TISSUES ', 'PACK OF 60 DINOSAUR CAKE CASES', 'PACK OF 72 RETROSPOT CAKE CASES', 'PIGGY BANK RETROSPOT ', 'PLASTERS IN TIN SPACEBOY', 'PLASTERS IN TIN VINTAGE PAISLEY ', 'ROMANTIC IMAGES GIFT WRAP SET', 'SET 12 KIDS  WHITE CHALK STICKS', 'SET 12 KIDS COLOUR  CHALK STICKS', 'TOOL BOX SOFT TOY ', 'WOOD STAMP SET HAPPY BIRTHDAY', 'WOODEN CROQUET GARDEN SET', 'WOODEN SKITTLES GARDEN SET', 'Segment_Consumer', 'Region_Northeast']"
540365,"['10 COLOUR SPACEBOY PEN', 'BAKING SET 9 PIECE RETROSPOT ', 'BAKING SET SPACEBOY DESIGN', 'BALLOONS  WRITING SET ', 'BLACKBLUE POLKADOT UMBRELLA', 'CABIN BAG VINTAGE RETROSPOT', 'CHARLOTTE BAG PINK POLKADOT', 'CHILDS BREAKFAST SET SPACEBOY ', 'EDWARDIAN PARASOL RED', 'FELTCRAFT DOLL MOLLY', 'FELTCRAFT PRINCESS LOLA DOLL', 'JUMBO BAG RED RETROSPOT', 'POPPYS PLAYHOUSE KITCHEN', 'RED RETROSPOT CHARLOTTE BAG', 'RED RETROSPOT MINI CASES', 'RED RETROSPOT PICNIC BAG', 'RED RETROSPOT SHOPPING BAG', 'ROUND SNACK BOXES SET OF4 WOODLAND ', 'SET20 RED RETROSPOT PAPER NAPKINS ', 'SET6 RED SPOTTY PAPER CUPS', 'SET6 RED SPOTTY PAPER PLATES', 'STARS GIFT TAPE ', 'TOOL BOX SOFT TOY ', 'Segment_Consumer', 'Region_Northeast']"
540455,"['ALARM CLOCK BAKELIKE GREEN', 'ALARM CLOCK BAKELIKE ORANGE', 'ALARM CLOCK BAKELIKE PINK', 'ALARM CLOCK BAKELIKE RED ', 'CHILDRENS APRON SPACEBOY DESIGN', 'PAPERWEIGHT CHILDHOOD MEMORIES', 'PLASTERS IN TIN CIRCUS PARADE ', 'PLASTERS IN TIN SPACEBOY', 'PLASTERS IN TIN STRONGMAN', 'RED RETROSPOT APRON ', 'RED RETROSPOT MINI CASES', 'RED TOADSTOOL LED NIGHT LIGHT', 'RETROSPOT PARTY BAG  STICKER SET', 'ROUND SNACK BOXES SET OF4 WOODLAND ', 'SET10 RED POLKADOT PARTY CANDLES', 'SET20 RED RETROSPOT PAPER NAPKINS ', 'SET6 RED SPOTTY PAPER CUPS', 'SET6 RED SPOTTY PAPER PLATES', 'STARS GIFT TAPE ', 'WOODLAND CHARLOTTE BAG', 'WOODLAND PARTY BAG  STICKER SET', 'Segment_Consumer', 'Region_Northeast']"
540463,"['BAKING SET 9 PIECE RETROSPOT ', 'CREAM FELT EASTER EGG BASKET', 'GUMBALL COAT RACK', 'NURSES BAG SOFT TOY', 'PAPER BUNTING RETROSPOT', 'PLASTERS IN TIN CIRCUS PARADE ', 'RED RETROSPOT CAKE STAND', 'RED RETROSPOT MINI CASES', 'RETROSPOT TEA SET CERAMIC 11 PC ', 'SET OF 20 KIDS COOKIE CUTTERS', 'SILK PURSE BABUSHKA PINK', 'TEA PARTY BIRTHDAY CARD', 'WOODEN SKITTLES GARDEN SET', 'WOODLAND DESIGN  COTTON TOTE BAG', 'Segment_Consumer', 'Region_Southeast']"
540521,"['BAKING SET 9 PIECE RETROSPOT ', 'CUTE CATS TAPE', 'EDWARDIAN PARASOL BLACK', 'RED POLKADOT COFFEE  MUG', 'RETRO PLASTIC POLKA TRAY', 'SET OF SALT AND PEPPER TOADSTOOLS', 'SET2 RED RETROSPOT TEA TOWELS ', 'SET20 RED RETROSPOT PAPER NAPKINS ', 'STARS GIFT TAPE ', 'Segment_Consumer', 'Region_Southeast']"
540642,"['ALARM CLOCK BAKELIKE CHOCOLATE', 'ALARM CLOCK BAKELIKE GREEN', 'ALARM CLOCK BAKELIKE IVORY', 'ALARM CLOCK BAKELIKE ORANGE', 'ALARM CLOCK BAKELIKE PINK', 'ALARM CLOCK BAKELIKE RED ', 'BAKING SET 9 PIECE RETROSPOT ', 'BAKING SET SPACEBOY DESIGN', 'BLACK LOVE BIRD CANDLE', 'BRIGHT BLUES RIBBONS ', 'BUTTERFLIES STICKERS', 'CHARLOTTE BAG DOLLY GIRL DESIGN', 'CHILDRENS CIRCUS PARADE MUG', 'CHILDRENS DOLLY GIRL MUG', 'CHILDRENS SPACEBOY MUG', 'CHOCOLATE BOX RIBBONS ', 'CIRCUS PARADE CHILDRENS EGG CUP ', 'CIRCUS PARADE LUNCH BOX ', 'DINOSAUR LUNCH BOX WITH CUTLERY', 'DOLLY GIRL CHILDRENS EGG CUP', 'FAIRY TALE COTTAGE NIGHTLIGHT', 'GUMBALL COAT RACK', 'GUMBALL MAGAZINE RACK', 'HOME SWEET HOME MUG', 'JUMBO BAG RED RETROSPOT', 'JUMBO BAG SPACEBOY DESIGN', 'KITTY PENCIL ERASERS', 'PARTY BUNTING', 'PARTY TIME PENCIL ERASERS', 'PLASTERS IN TIN CIRCUS PARADE ', 'PLASTERS IN TIN SKULLS', 'PLASTERS IN TIN SPACEBOY', 'PLASTERS IN TIN STRONGMAN', 'PLASTERS IN TIN WOODLAND ANIMALS', 'RED BABY BUNTING ', 'RED GINGHAM ROSE JEWELLERY BOX', 'RED RETROSPOT MINI CASES', 'RED TOADSTOOL LED NIGHT LIGHT', 'REGENCY CAKESTAND 3 TIER', 'RETROSPOT TEA SET CERAMIC 11 PC ', 'ROMANTIC PINKS RIBBONS ', 'SET3 BOOK BOX GREEN GINGHAM FLOWER ', 'SET3 RED GINGHAM ROSE STORAGE BOX', 'SLEEPING CAT ERASERS', 'SOLDIERS EGG CUP ', 'SPACEBOY CHILDRENS EGG CUP', 'SPACEBOY LUNCH BOX ', 'STRAWBERRY LUNCH BOX WITH CUTLERY', 'WATERING CAN PINK BUNNY', 'Segment_Consumer', 'Region_Southeast']"
540688,"['CAKE PLATE LOVEBIRD PINK', 'CAKE PLATE LOVEBIRD WHITE', 'PACK OF 72 RETROSPOT CAKE CASES', 'Segment_Consumer', 'Region_Southeast']"
540789,"['MINI WOODEN HAPPY BIRTHDAY GARLAND', 'Segment_Consumer', 'Region_Northeast']"
540824,"['FAIRY CAKE FLANNEL ASSORTED COLOUR', 'GROW YOUR OWN HERBS SET OF 3', 'OFFICE MUG WARMER BLACKSILVER ', 'PASTEL COLOUR HONEYCOMB FAN', 'PLASTERS IN TIN CIRCUS PARADE ', 'POPPYS PLAYHOUSE LIVINGROOM ', 'RED TOADSTOOL LED NIGHT LIGHT', 'REGENCY CAKESTAND 3 TIER', 'RETRO PLASTIC POLKA TRAY', 'SET OF 20 KIDS COOKIE CUTTERS', 'TEA PARTY BIRTHDAY CARD', 'TOAST ITS  I LOVE YOU ', 'Segment_Corporate', 'Region_Northeast']"
540835,"['10 COLOUR SPACEBOY PEN', 'CHARLOTTE BAG DOLLY GIRL DESIGN', 'CHARLOTTE BAG SUKI DESIGN', 'LUNCH BAG DOLLY GIRL DESIGN', 'LUNCH BAG RED RETROSPOT', 'LUNCH BAG SPACEBOY DESIGN ', 'LUNCH BAG SUKI  DESIGN ', 'LUNCH BAG WOODLAND', 'STRAWBERRY CHARLOTTE BAG', 'WOODLAND CHARLOTTE BAG', 'Segment_Corporate', 'Region_Southeast']"
540851,"['CAKE PLATE LOVEBIRD WHITE', 'CAKE STAND WHITE TWO TIER LACE', 'LOVE LARGE WOOD LETTERS ', 'RED RETROSPOT CAKE STAND', 'SET OF 72 RETROSPOT PAPER  DOILIES', 'STRAWBERRY CERAMIC TRINKET BOX', 'SWEETHEART CERAMIC TRINKET BOX', 'Segment_Corporate', 'Region_Southeast']"
540853,"['CHILDS BREAKFAST SET SPACEBOY ', 'Segment_Corporate', 'Region_Southeast']"
540972,"['CAKE STAND 3 TIER MAGIC GARDEN', 'CAKE STAND WHITE TWO TIER LACE', 'PACK OF 6 SKULL PAPER CUPS', 'PACK OF 6 SKULL PAPER PLATES', 'RED RETROSPOT CAKE STAND', 'SET10 PINK POLKADOT PARTY CANDLES', 'Segment_Consumer', 'Region_Southeast']"
540976,"[' SET 2 TEA TOWELS I LOVE LONDON ', '60 CAKE CASES DOLLY GIRL DESIGN', 'AREA PATROLLED METAL SIGN', 'ASSORTED BOTTLE TOP  MAGNETS ', 'ASSORTED EASTER DECORATIONS  BELLS', 'BAKING SET 9 PIECE RETROSPOT ', 'CHOCOLATE THIS WAY METAL SIGN', 'DANISH ROSE DECORATIVE PLATE', 'DANISH ROSE DELUXE COASTER', 'DOORMAT UNION FLAG', 'DOORMAT UNION JACK GUNS AND ROSES', 'EMPIRE TISSUE BOX', 'FRIDGE MAGNETS US DINER ASSORTED', 'FRYING PAN UNION FLAG', 'HOME SWEET HOME METAL SIGN ', 'HOME SWEET HOME MUG', 'KINGS CHOICE MUG', 'KINGS CHOICE TEA CADDY ', 'KNITTED UNION FLAG HOT WATER BOTTLE', 'LARGE CAKE TOWEL PINK SPOTS', 'LONDON BUS COFFEE MUG', 'LUNCH BAG DOLLY GIRL DESIGN', 'LUNCH BOX I LOVE LONDON', 'MAGNETS PACK OF 4 CHILDHOOD MEMORY', 'MAGNETS PACK OF 4 SWALLOWS', 'METAL SIGN EMPIRE TEA', 'METAL SIGN NEIGHBOURHOOD WITCH ', 'METAL SIGN TAKE IT OR LEAVE IT ', 'MONEY BOX KINGS CHOICE DESIGN', 'PACK OF 72 RETROSPOT CAKE CASES', 'PAPERWEIGHT KINGS CHOICE ', 'PLASTERS IN TIN SPACEBOY', 'PLASTERS IN TIN VINTAGE PAISLEY ', 'PLASTERS IN TIN WOODLAND ANIMALS', 'RED RETROSPOT CHARLOTTE BAG', 'RED TOADSTOOL LED NIGHT LIGHT', 'RETROSPOT TEA SET CERAMIC 11 PC ', 'S6 WOODEN SKITTLES IN COTTON BAG', 'SET 12 KIDS  WHITE CHALK STICKS', 'SET OF 12  VINTAGE POSTCARD SET', 'SET OF 6 VINTAGE NOTELETS KIT', 'SET5 RED RETROSPOT LID GLASS BOWLS', 'SWISS ROLL TOWEL, CHOCOLATE  SPOTS', 'TOADSTOOL MONEY BOX', 'VINTAGE UNION JACK CUSHION COVER', 'WOODEN CROQUET GARDEN SET', 'WOODLAND CHARLOTTE BAG', 'Segment_Corporate', 'Region_Southeast']"
541120,"['12 PENCILS SMALL TUBE RED RETROSPOT', '3 PIECE SPACEBOY COOKIE CUTTER SET', 'BOTTLE BAG RETROSPOT ', 'CHARLOTTE BAG PINK POLKADOT', 'CHILDRENS APRON APPLES DESIGN', 'CIRCUS PARADE CHILDRENS EGG CUP ', 'CIRCUS PARADE LUNCH BOX ', 'COFFEE MUG APPLES DESIGN', 'COFFEE MUG PEARS  DESIGN', 'CUPCAKE LACE PAPER SET 6', 'CUTE CATS TAPE', 'GINGERBREAD MAN COOKIE CUTTER', 'JUMBO BAG RED RETROSPOT', 'JUMBO BAG SPACEBOY DESIGN', 'JUMBO BAG TOYS ', 'LONDON BUS COFFEE MUG', 'LUNCH BAG RED RETROSPOT', 'LUNCH BOX I LOVE LONDON', 'LUNCH BOX WITH CUTLERY RETROSPOT ', 'PACK OF 20 NAPKINS RED APPLES', 'PACK OF 6 BIRDY GIFT TAGS', 'PACK OF 60 MUSHROOM CAKE CASES', 'PAPER BUNTING RETROSPOT', 'PINK  HONEYCOMB PAPER BALL ', 'PLASTERS IN TIN CIRCUS PARADE ', 'PLASTERS IN TIN SPACEBOY', 'POMPOM CURTAIN', 'QUEENS GUARD COFFEE MUG', 'RED  HARMONICA IN BOX ', 'RED RETROSPOT CHARLOTTE BAG', 'RED RETROSPOT CUP', 'RED RETROSPOT MINI CASES', 'RED RETROSPOT TAPE', 'RED TOADSTOOL LED NIGHT LIGHT', 'RETROSPOT CHILDRENS APRON', 'SET OF 2 TEA TOWELS APPLE AND PEARS', 'SET OF 3 HEART COOKIE CUTTERS', 'SET OF 6 SOLDIER SKITTLES', 'SET20 RED RETROSPOT PAPER NAPKINS ', 'SOLDIERS EGG CUP ', 'TABLECLOTH RED APPLES DESIGN ', 'WRAP RED APPLES ', 'Segment_Corporate', 'Region_Southeast']"
541121,"['ASSORTED COLOUR MINI CASES', 'BIG DOUGHNUT FRIDGE MAGNETS', 'CARD HOLDER GINGHAM HEART', 'CERAMIC HEART FAIRY CAKE MONEY BANK', 'EDWARDIAN PARASOL RED', 'JUMBO BAG RED RETROSPOT', 'PINK BABY BUNTING', 'RED RETROSPOT MINI CASES', 'RED RETROSPOT SHOPPING BAG', 'RED SPOTTY BISCUIT TIN', 'Segment_Consumer', 'Region_Northeast']"
541138,"['10 COLOUR SPACEBOY PEN', '12 PENCIL SMALL TUBE WOODLAND', 'BAKING SET 9 PIECE RETROSPOT ', 'BLUE 3 PIECE POLKADOT CUTLERY SET', 'BLUE ROSE FABRIC MIRROR', 'CERAMIC STRAWBERRY CAKE MONEY BANK', 'CHARLOTTE BAG SUKI DESIGN', 'FEATHER PEN,LIGHT PINK', 'FELTCRAFT CUSHION BUTTERFLY', 'FELTCRAFT DOLL EMILY', 'FELTCRAFT HAIRBANDS PINK AND WHITE ', 'FELTCRAFT PRINCESS LOLA DOLL', 'JUMBO BAG RED RETROSPOT', 'JUMBO BAG SPACEBOY DESIGN', 'JUMBO BAG WOODLAND ANIMALS', 'JUMBO STORAGE BAG SUKI', 'LUNCH BAG RED RETROSPOT', 'MAKE YOUR OWN PLAYTIME CARD KIT', 'MINI PAINT SET VINTAGE ', 'MIRRORED WALL ART STARS', 'PINK 3 PIECE POLKADOT CUTLERY SET', 'PINK CREAM FELT CRAFT TRINKET BOX ', 'PLASTERS IN TIN CIRCUS PARADE ', 'PLASTERS IN TIN SKULLS', 'PLASTERS IN TIN WOODLAND ANIMALS', 'POPPYS PLAYHOUSE BATHROOM', 'POPPYS PLAYHOUSE BEDROOM ', 'POPPYS PLAYHOUSE KITCHEN', 'RED GINGHAM ROSE JEWELLERY BOX', 'RED RETROSPOT CHILDRENS UMBRELLA', 'RED RETROSPOT TAPE', 'RED TOADSTOOL LED NIGHT LIGHT', 'RETRO PLASTIC ELEPHANT TRAY', 'RETRO PLASTIC POLKA TRAY', 'SPACEBOY BIRTHDAY CARD', 'WOODLAND  HEIGHT CHART STICKERS ', 'WORLD WAR 2 GLIDERS ASSTD DESIGNS', 'Segment_Consumer', 'Region_Southeast']"
541405,"['APPLE BATH SPONGE', 'BOX OF 24 COCKTAIL PARASOLS', 'CANDY SHOP  STICKER SHEET', 'CHILDS BREAKFAST SET CIRCUS PARADE', 'CIRCUS PARADE LUNCH BOX ', 'COFFEE MUG APPLES DESIGN', 'COFFEE MUG PEARS  DESIGN', 'OVEN MITT APPLES DESIGN', 'PARTY INVITES WOODLAND', 'RED RETROSPOT CAKE STAND', 'REGENCY CAKESTAND 3 TIER', 'ROBOT BIRTHDAY CARD', 'ROUND SNACK BOXES SET OF 4 FRUITS ', 'SANDWICH BATH SPONGE', 'SET OF 2 TEA TOWELS APPLE AND PEARS', 'SET OF 20 KIDS COOKIE CUTTERS', 'SET2 RED RETROSPOT TEA TOWELS ', 'SPACEBOY LUNCH BOX ', 'WRAP GREEN PEARS ', 'WRAP RED APPLES ', 'Segment_Corporate', 'Region_Northeast']"
541567,"['BLACK RECORD COVER FRAME', 'CALENDAR PAPER CUT DESIGN', 'CHARLOTTE BAG PINK POLKADOT', 'COFFEE MUG CAT  BIRD DESIGN', 'COFFEE MUG DOG  BALL DESIGN', 'FOLDING UMBRELLA REDWHITE POLKADOT', 'IVORY DINER WALL CLOCK', 'LOVELY BONBON STICKER SHEET', 'LUNCH BOX I LOVE LONDON', 'OFFICE MUG WARMER CHOCBLUE', 'OFFICE MUG WARMER PINK', 'OFFICE MUG WARMER POLKADOT', 'PACK OF 12 LONDON TISSUES ', 'PACK OF 20 NAPKINS RED APPLES', 'PLASTERS IN TIN STRONGMAN', 'RAINY LADIES BIRTHDAY CARD', 'RED RETROSPOT CHARLOTTE BAG', 'RED RETROSPOT CUP', 'RED RETROSPOT MINI CASES', 'RED RETROSPOT UMBRELLA', 'RED TOADSTOOL LED NIGHT LIGHT', 'SET OF 2 TEA TOWELS APPLE AND PEARS', 'SET OF 9 BLACK SKULL BALLOONS', 'SET OF 9 HEART SHAPED BALLOONS', 'SKULLS  WATER TRANSFER TATTOOS ', 'TABLECLOTH RED APPLES DESIGN ', 'TEA BAG PLATE RED RETROSPOT', 'UNION JACK FLAG PASSPORT COVER ', 'WOODLAND CHARLOTTE BAG', 'WOODLAND DESIGN  COTTON TOTE BAG', 'Segment_Corporate', 'Region_Northeast']"
541631,"['3 HOOK HANGER MAGIC GARDEN', '5 HOOK HANGER MAGIC TOADSTOOL', 'ALARM CLOCK BAKELIKE CHOCOLATE', 'ALARM CLOCK BAKELIKE GREEN', 'ALARM CLOCK BAKELIKE ORANGE', 'ALARM CLOCK BAKELIKE PINK', 'ALARM CLOCK BAKELIKE RED ', 'BABUSHKA LIGHTS STRING OF 10', 'BATH BUILDING BLOCK WORD', 'CHARLOTTE BAG SUKI DESIGN', 'CHILDRENS APRON SPACEBOY DESIGN', 'CHILDRENS CIRCUS PARADE MUG', 'CHILDRENS DOLLY GIRL MUG', 'CHILDS BREAKFAST SET CIRCUS PARADE', 'CHILDS BREAKFAST SET SPACEBOY ', 'COFFEE MUG APPLES DESIGN', 'COWBOYS AND INDIANS BIRTHDAY CARD ', 'CROCHET ROSE PURSE WITH SUEDE BACK', 'DINOSAUR KEYRINGS ASSORTED', 'DOLLY GIRL LUNCH BOX', 'DOORMAT ENGLISH ROSE ', 'DOORMAT RED RETROSPOT', 'DOORMAT SPOTTY HOME SWEET HOME', 'ELEPHANT, BIRTHDAY CARD, ', 'FELTCRAFT DOLL EMILY', 'FELTCRAFT DOLL MARIA', 'FELTCRAFT DOLL ROSIE', 'FELTCRAFT PRINCESS CHARLOTTE DOLL', 'FELTCRAFT PRINCESS LOLA DOLL', 'FELTCRAFT PRINCESS OLIVIA DOLL', 'FLOWERS TILE HOOK', 'GLASS JAR PEACOCK BATH SALTS', 'HOLIDAY FUN LUDO', 'HOME BUILDING BLOCK WORD', 'HOME SWEET HOME METAL SIGN ', 'INFLATABLE POLITICAL GLOBE ', 'LA PALMIERA TILE HOOK', 'LUNCH BAG SPACEBOY DESIGN ', 'LUNCH BAG SUKI  DESIGN ', 'LUNCH BAG WOODLAND', 'LUNCH BOX WITH CUTLERY RETROSPOT ', 'METAL SIGN HIS DINNER IS SERVED', 'PACK OF 20 SKULL PAPER NAPKINS', 'PACK OF 20 SPACEBOY NAPKINS', 'PACK OF 6 SKULL PAPER CUPS', 'PACK OF 6 SKULL PAPER PLATES', 'PHOTO CUBE', 'PICTURE DOMINOES', 'PINK  HONEYCOMB PAPER BALL ', 'PLASTERS IN TIN CIRCUS PARADE ', 'PLASTERS IN TIN SPACEBOY', 'PLASTERS IN TIN STRONGMAN', 'PLASTERS IN TIN WOODLAND ANIMALS', 'PSYCHEDELIC TILE HOOK', 'RED  HARMONICA IN BOX ', 'RED RETROSPOT CHILDRENS UMBRELLA', 'ROUND SNACK BOXES SET OF 4 SKULLS', 'ROUND SNACK BOXES SET OF4 WOODLAND ', 'SET OF 72 PINK HEART PAPER DOILIES', 'SET OF 9 BLACK SKULL BALLOONS', 'SET10 RED POLKADOT PARTY CANDLES', 'SET6 RED SPOTTY PAPER CUPS', 'SET6 RED SPOTTY PAPER PLATES', 'SKULL LUNCH BOX WITH CUTLERY ', 'SPACEBOY BIRTHDAY CARD', 'SPACEBOY LUNCH BOX ', 'STRAWBERRY DREAM CHILDS UMBRELLA', 'STRAWBERRY LUNCH BOX WITH CUTLERY', 'VINTAGE BILLBOARD LOVEHATE MUG', 'VINTAGE HEADS AND TAILS CARD GAME ', 'WELCOME  WOODEN BLOCK LETTERS', 'Segment_Corporate', 'Region_Northeast']"
541688,"['REGENCY CAKESTAND 3 TIER', 'Segment_Consumer', 'Region_Northeast']"
541825,"['HOME SWEET HOME MUG', 'KINGS CHOICE MUG', 'SET5 RED RETROSPOT LID GLASS BOWLS', 'Segment_Corporate', 'Region_Northeast']"
541857,"['4 PINK DINNER CANDLE SILVER FLOCK', 'CAKE STAND WHITE TWO TIER LACE', 'EDWARDIAN PARASOL NATURAL', 'IVORY PILLAR CANDLE SILVER FLOCK', 'PACK OF 20 NAPKINS PANTRY DESIGN', 'PASTEL COLOUR HONEYCOMB FAN', 'PINK  HONEYCOMB PAPER BALL ', 'SET 20 NAPKINS FAIRY CAKES DESIGN ', 'SET OF 72 PINK HEART PAPER DOILIES', 'VINTAGE CREAM 3 BASKET CAKE STAND', 'WOOD BLACK BOARD ANT WHITE FINISH', 'Segment_Consumer', 'Region_Northeast']"
541981,"['EASTER TIN BUNNY BOUQUET', 'LUNCH BOX WITH CUTLERY RETROSPOT ', 'PAPER CHAIN KIT RETROSPOT', 'RED RETROSPOT MINI CASES', 'RETROSPOT PARTY BAG  STICKER SET', 'SET6 RED SPOTTY PAPER CUPS', 'SET6 RED SPOTTY PAPER PLATES', 'WOODLAND DESIGN  COTTON TOTE BAG', 'WOODLAND PARTY BAG  STICKER SET', 'Segment_Corporate', 'Region_Northeast']"
542088,"['PLASTERS IN TIN CIRCUS PARADE ', 'Segment_Consumer', 'Region_Southeast']"
542089,"['COFFEE MUG CAT  BIRD DESIGN', 'COFFEE MUG DOG  BALL DESIGN', 'Segment_Corporate', 'Region_Southeast']"
542271,"['FLOWERS TILE HOOK', 'LA PALMIERA TILE HOOK', 'VINTAGE BILLBOARD LOVEHATE MUG', 'Segment_Consumer', 'Region_Southeast']"
542425,"['ANTIQUE GLASS DRESSING TABLE POT', 'ANTIQUE GLASS PEDESTAL BOWL', 'CREAM SWEETHEART EGG HOLDER', 'RECIPE BOX PANTRY YELLOW DESIGN', 'SET OF 3 BUTTERFLY COOKIE CUTTERS', 'SET OF 3 CAKE TINS SKETCHBOOK', 'SOAP DISH BROCANTE', 'SWEETHEART WIRE WALL TIDY', 'WHITE BROCANTE SOAP DISH', 'WOODEN PICTURE FRAME WHITE FINISH', 'Segment_Corporate', 'Region_Southeast']"
542433,"['3 PIECE SPACEBOY COOKIE CUTTER SET', '3 TRADITIONAl BISCUIT CUTTERS  SET', 'BALLOON WATER BOMB PACK OF 35', 'DINOSAUR KEYRINGS ASSORTED', 'HOLIDAY FUN LUDO', 'MAGIC DRAWING SLATE CIRCUS PARADE  ', 'MINI PAINT SET VINTAGE ', 'PACK OF 20 NAPKINS RED APPLES', 'PACK OF 20 SPACEBOY NAPKINS', 'SET OF 20 KIDS COOKIE CUTTERS', 'SET OF 3 BUTTERFLY COOKIE CUTTERS', 'SET OF 3 HEART COOKIE CUTTERS', 'SET OF 6 TLIGHTS CACTI ', 'SET20 RED RETROSPOT PAPER NAPKINS ', 'SET6 RED SPOTTY PAPER CUPS', 'SET6 RED SPOTTY PAPER PLATES', 'TRADITIONAL MODELLING CLAY', 'VINTAGE SNAKES AND LADDERS', 'Segment_Corporate', 'Region_Northeast']"
542535,"['4 TRADITIONAL SPINNING TOPS', 'BINGO SET', 'CHARLOTTE BAG DOLLY GIRL DESIGN', 'CHARLOTTE BAG PINK POLKADOT', 'CHARLOTTE BAG SUKI DESIGN', 'CHILDS BREAKFAST SET CIRCUS PARADE', 'CHILDS BREAKFAST SET DOLLY GIRL ', 'CHILDS BREAKFAST SET SPACEBOY ', 'DOCTORS BAG SOFT TOY', 'HOLIDAY FUN LUDO', 'NURSES BAG SOFT TOY', 'PICNIC BASKET WICKER SMALL', 'PINK POLKADOT CHILDRENS UMBRELLA', 'RED RETROSPOT MINI CASES', 'RETROSPOT TEA SET CERAMIC 11 PC ', 'TOOL BOX SOFT TOY ', 'VICTORIAN SEWING BOX SMALL ', 'WOODEN CROQUET GARDEN SET', 'WOODEN ROUNDERS GARDEN SET ', 'WOODLAND CHARLOTTE BAG', 'Segment_Consumer', 'Region_Southeast']"
542629,"['4 TRADITIONAL SPINNING TOPS', 'ASSORTED COLOUR BIRD ORNAMENT', 'BLACKBLUE POLKADOT UMBRELLA', 'BLUE HARMONICA IN BOX ', 'CHILDRENS APRON DOLLY GIRL ', 'CHILDRENS APRON SPACEBOY DESIGN', 'CLOTHES PEGS RETROSPOT PACK 24 ', 'DOLLY GIRL LUNCH BOX', 'DOORMAT ENGLISH ROSE ', 'DOORMAT NEIGHBOURHOOD WITCH ', 'DOORMAT NEW ENGLAND', 'DOORMAT SPOTTY HOME SWEET HOME', 'INFLATABLE POLITICAL GLOBE ', 'LUNCH BAG DOLLY GIRL DESIGN', 'LUNCH BAG RED RETROSPOT', 'LUNCH BOX WITH CUTLERY RETROSPOT ', 'MAGNETS PACK OF 4 SWALLOWS', 'MAGNETS PACK OF 4 VINTAGE COLLAGE', 'MINI JIGSAW CIRCUS PARADE ', 'MINI JIGSAW SPACEBOY', 'MINI LADLE LOVE HEART RED ', 'MINI PAINT SET VINTAGE ', 'PLASTERS IN TIN SPACEBOY', 'PLASTERS IN TIN VINTAGE PAISLEY ', 'PLASTERS IN TIN WOODLAND ANIMALS', 'POPPYS PLAYHOUSE BEDROOM ', 'POPPYS PLAYHOUSE KITCHEN', 'POPPYS PLAYHOUSE LIVINGROOM ', 'RED  HARMONICA IN BOX ', 'RED HEART SHAPE LOVE BUCKET ', 'RED RETROSPOT CHILDRENS UMBRELLA', 'RED RETROSPOT SMALL MILK JUG', 'RED RETROSPOT TRADITIONAL TEAPOT ', 'RED RETROSPOT UMBRELLA', 'RETROSPOT CHILDRENS APRON', 'RETROSPOT TEA SET CERAMIC 11 PC ', 'ROSES REGENCY TEACUP AND SAUCER ', 'SEASIDE FLYING DISC', 'SET OF 20 KIDS COOKIE CUTTERS', 'SET OF SALT AND PEPPER TOADSTOOLS', 'SKULL DESIGN TV DINNER TRAY', 'SPACEBOY BIRTHDAY CARD', 'SPACEBOY LUNCH BOX ', 'SPACEBOY TV DINNER TRAY', 'TRADITIONAL MODELLING CLAY', 'TV DINNER TRAY DOLLY GIRL', 'Segment_Corporate', 'Region_Northeast']"
542714,"['RED RETROSPOT CAKE STAND', 'Segment_Consumer', 'Region_Northeast']"
542735,"['4 TRADITIONAL SPINNING TOPS', 'BOOM BOX SPEAKER BOYS', 'CIRCUS PARADE CHILDRENS EGG CUP ', 'CIRCUS PARADE LUNCH BOX ', 'COFFEE MUG DOG  BALL DESIGN', 'GUMBALL COAT RACK', 'INFLATABLE POLITICAL GLOBE ', 'MEASURING TAPE BABUSHKA PINK', 'OFFICE MUG WARMER CHOCBLUE', 'PINK POLKADOT CHILDRENS UMBRELLA', 'RED RETROSPOT CUP', 'RED RETROSPOT MINI CASES', 'RED TOADSTOOL LED NIGHT LIGHT', 'SET10 RED POLKADOT PARTY CANDLES', 'SET4 SKULL BADGES', 'TEA PARTY BIRTHDAY CARD', 'TRAVEL SEWING KIT', 'Segment_Corporate', 'Region_Northeast']"
542904,"['5 HOOK HANGER MAGIC TOADSTOOL', '5 HOOK HANGER RED MAGIC TOADSTOOL', '6 RIBBONS RUSTIC CHARM', 'BAKING MOULD CHOCOLATE CUPCAKES', 'DOLLY GIRL LUNCH BOX', 'EASTER TIN BUNNY BOUQUET', 'EDWARDIAN PARASOL BLACK', 'EDWARDIAN PARASOL NATURAL', 'EDWARDIAN PARASOL RED', 'JAM MAKING SET PRINTED', 'JUMBO BAG WOODLAND ANIMALS', 'LUNCH BAG PINK POLKADOT', 'LUNCH BAG SUKI  DESIGN ', 'LUNCH BOX WITH CUTLERY RETROSPOT ', 'RED RETROSPOT PICNIC BAG', 'RED TOADSTOOL LED NIGHT LIGHT', 'REGENCY CAKESTAND 3 TIER', 'TABLECLOTH RED APPLES DESIGN ', 'Segment_Corporate', 'Region_Southeast']"
542922,"['ASSORTED BOTTLE TOP  MAGNETS ', 'CIRCUS PARADE CHILDRENS EGG CUP ', 'EDWARDIAN PARASOL BLACK', 'EDWARDIAN PARASOL NATURAL', 'EDWARDIAN PARASOL RED', 'GINGERBREAD MAN COOKIE CUTTER', 'LUNCH BAG PINK POLKADOT', 'LUNCH BAG RED RETROSPOT', 'LUNCH BOX WITH CUTLERY RETROSPOT ', 'PLASTERS IN TIN CIRCUS PARADE ', 'PLASTERS IN TIN SPACEBOY', 'PLASTERS IN TIN WOODLAND ANIMALS', 'RED RETROSPOT MINI CASES', 'RED RETROSPOT UMBRELLA', 'REGENCY CAKESTAND 3 TIER', 'ROUND SNACK BOXES SET OF 4 FRUITS ', 'SKULL LUNCH BOX WITH CUTLERY ', 'STRAWBERRY LUNCH BOX WITH CUTLERY', 'Segment_Corporate', 'Region_Northeast']"
543030,"['CHARLOTTE BAG PINK POLKADOT', 'FOODDRINK SPONGE STICKERS', 'GROW A FLYTRAP OR SUNFLOWER IN TIN', 'PARTY INVITES SPACEMAN', 'SET OF 9 BLACK SKULL BALLOONS', 'SET6 RED SPOTTY PAPER CUPS', 'SET6 RED SPOTTY PAPER PLATES', 'TEA PARTY BIRTHDAY CARD', 'WORLD WAR 2 GLIDERS ASSTD DESIGNS', 'Segment_Corporate', 'Region_Northeast']"
543188,"['4 TRADITIONAL SPINNING TOPS', '6 RIBBONS RUSTIC CHARM', 'ALARM CLOCK BAKELIKE CHOCOLATE', 'ALARM CLOCK BAKELIKE GREEN', 'ALARM CLOCK BAKELIKE ORANGE', 'ALARM CLOCK BAKELIKE PINK', 'ALARM CLOCK BAKELIKE RED ', 'ASSORTED COLOURS SILK FAN', 'ASSORTED EASTER GIFT TAGS', 'BAKING SET 9 PIECE RETROSPOT ', 'BAKING SET SPACEBOY DESIGN', 'BASKET OF TOADSTOOLS', 'BLACKBLUE POLKADOT UMBRELLA', 'BLUE HARMONICA IN BOX ', 'BOYS VINTAGE TIN SEASIDE BUCKET', 'BRIGHT BLUES RIBBONS ', 'CHILDRENS APRON SPACEBOY DESIGN', 'CLOTHES PEGS RETROSPOT PACK 24 ', 'COFFEE MUG APPLES DESIGN', 'COFFEE MUG PEARS  DESIGN', 'CUPCAKE LACE PAPER SET 6', 'CURIOUS IMAGES GIFT WRAP SET', 'EASTER TIN CHICKS IN GARDEN', 'EASTER TIN KEEPSAKE', 'GIRLS VINTAGE TIN SEASIDE BUCKET', 'GLASS JAR DAISY FRESH COTTON WOOL', 'JAM JAR WITH GREEN LID', 'JAM JAR WITH PINK LID', 'JAM MAKING SET PRINTED', 'JAM MAKING SET WITH JARS', 'LARGE RED RETROSPOT WINDMILL', 'LOVE HEART SOCK HANGER', 'LUNCH BAG DOLLY GIRL DESIGN', 'LUNCH BAG RED RETROSPOT', 'LUNCH BAG SPACEBOY DESIGN ', 'LUNCH BAG WOODLAND', 'MAGIC SHEEP WOOL GROWING FROM PAPER', 'MINI PAINT SET VINTAGE ', 'PACK OF 20 NAPKINS PANTRY DESIGN', 'PACK OF 20 SPACEBOY NAPKINS', 'PACK OF 60 SPACEBOY CAKE CASES', 'PACK OF 72 RETROSPOT CAKE CASES', 'PAPER BUNTING RETROSPOT', 'RED  HARMONICA IN BOX ', 'RED RETROSPOT CHILDRENS UMBRELLA', 'RED RETROSPOT LUGGAGE TAG', 'RED RETROSPOT PICNIC BAG', 'RED RETROSPOT SHOPPING BAG', 'RED RETROSPOT UMBRELLA', 'RED SPOTTY BISCUIT TIN', 'RED TOADSTOOL LED NIGHT LIGHT', 'RETROSPOT CHILDRENS APRON', 'ROSES REGENCY TEACUP AND SAUCER ', 'SET OF 3 CAKE TINS PANTRY DESIGN ', 'SET20 RED RETROSPOT PAPER NAPKINS ', 'SET6 RED SPOTTY PAPER CUPS', 'SET6 RED SPOTTY PAPER PLATES', 'SMALL RED RETROSPOT WINDMILL', 'SMALL SILVER TRELLIS CANDLEPOT', 'STRAWBERRY DREAM CHILDS UMBRELLA', 'STRAWBERRY LUNCH BOX WITH CUTLERY', 'TUMBLER, NEW ENGLAND', 'Segment_Corporate', 'Region_Southeast']"
543459,"['12 PENCILS SMALL TUBE RED RETROSPOT', 'MINI JIGSAW CIRCUS PARADE ', 'MINI JIGSAW SPACEBOY', 'PACK OF 20 NAPKINS RED APPLES', 'PACK OF 6 SKULL PAPER CUPS', 'PACK OF 72 RETROSPOT CAKE CASES', 'PAPER BUNTING RETROSPOT', 'PINK POLKADOT BOWL', 'RED RETROSPOT BOWL', 'SET20 RED RETROSPOT PAPER NAPKINS ', 'SET6 RED SPOTTY PAPER CUPS', 'SET6 RED SPOTTY PAPER PLATES', 'SMALL RED RETROSPOT WINDMILL', 'Segment_Consumer', 'Region_Northeast']"
543484,"['ASSORTED COLOUR MINI CASES', 'ASSORTED EASTER GIFT TAGS', 'CHILDS GARDEN TROWEL BLUE ', 'CHILDS GARDEN TROWEL PINK', 'EASTER TIN BUNNY BOUQUET', 'EDWARDIAN PARASOL NATURAL', 'FAIRY TALE COTTAGE NIGHTLIGHT', 'FELT TOADSTOOL LARGE', 'JUMBO BAG RED RETROSPOT', 'JUMBO BAG WOODLAND ANIMALS', 'LARGE RED RETROSPOT WINDMILL', 'MINI PAINT SET VINTAGE ', 'PACK OF 72 RETROSPOT CAKE CASES', 'PLASTERS IN TIN WOODLAND ANIMALS', 'RED RETROSPOT BIG BOWL', 'RED RETROSPOT BOWL', 'RED RETROSPOT PICNIC BAG', 'RED RETROSPOT PLATE ', 'RED RETROSPOT ROUND CAKE TINS', 'SET20 RED RETROSPOT PAPER NAPKINS ', 'SET6 RED SPOTTY PAPER CUPS', 'SET6 RED SPOTTY PAPER PLATES', 'SMALL RED RETROSPOT WINDMILL', 'WHEELBARROW FOR CHILDREN ', 'WRAP ALPHABET DESIGN', 'WRAP VINTAGE PETALS  DESIGN', 'Segment_Corporate', 'Region_Southeast']"
543625,"['CARTOON  PENCIL SHARPENERS', 'MINI JIGSAW CIRCUS PARADE ', 'MINI JIGSAW DOLLY GIRL', 'MINI PAINT SET VINTAGE ', 'PACK OF 12 CIRCUS PARADE TISSUES ', 'PACK OF 12 LONDON TISSUES ', 'PACK OF 12 SPACEBOY TISSUES', 'PACK OF 12 WOODLAND TISSUES ', 'PLASTERS IN TIN CIRCUS PARADE ', 'PLASTERS IN TIN SPACEBOY', 'PLASTERS IN TIN WOODLAND ANIMALS', 'ROUND SNACK BOXES SET OF4 WOODLAND ', 'Segment_Consumer', 'Region_Southeast']"
543834,"['RETRO PLASTIC POLKA TRAY', 'Segment_Corporate', 'Region_Southeast']"
544069,"['12 PENCILS TALL TUBE RED RETROSPOT', '12 PENCILS TALL TUBE WOODLAND', 'LUNCH BOX I LOVE LONDON', 'PICNIC BOXES SET OF 3 RETROSPOT ', 'PICTURE DOMINOES', 'PLASTERS IN TIN STRONGMAN', 'PLASTERS IN TIN WOODLAND ANIMALS', 'RED RETROSPOT MINI CASES', 'ROUND SNACK BOXES SET OF 4 FRUITS ', 'ROUND SNACK BOXES SET OF4 WOODLAND ', 'Segment_Corporate', 'Region_Northeast']"
544115,"['10 COLOUR SPACEBOY PEN', '12 COLOURED PARTY BALLOONS', '12 PENCILS SMALL TUBE RED RETROSPOT', '12 PENCILS SMALL TUBE SKULL', '4 TRADITIONAL SPINNING TOPS', 'BAG 125g SWIRLY MARBLES', 'BALLOON PUMP WITH 10 BALLOONS', 'CERAMIC PIRATE CHEST MONEY BANK', 'CHILDS GARDEN FORK BLUE ', 'CHILDS GARDEN FORK PINK', 'CHILDS GARDEN TROWEL BLUE ', 'CHILDS GARDEN TROWEL PINK', 'DINOSAUR PARTY BAG  STICKER SET', 'FANCY FONT BIRTHDAY CARD, ', 'MINI JIGSAW DOLLY GIRL', 'MINI JIGSAW SPACEBOY', 'MINI PAINT SET VINTAGE ', 'PACK OF 20 SKULL PAPER NAPKINS', 'PACK OF 6 SKULL PAPER CUPS', 'PACK OF 6 SKULL PAPER PLATES', 'PARTY INVITES DINOSAURS', 'PARTY INVITES JAZZ HEARTS', 'PARTY INVITES SPACEMAN', 'PINK PARTY BAGS', 'PLASTERS IN TIN SKULLS', 'PLASTERS IN TIN SPACEBOY', 'PLASTERS IN TIN VINTAGE PAISLEY ', 'POPPYS PLAYHOUSE BATHROOM', 'POPPYS PLAYHOUSE KITCHEN', 'RETROSPOT PARTY BAG  STICKER SET', 'S6 WOODEN SKITTLES IN COTTON BAG', 'SET OF 9 BLACK SKULL BALLOONS', 'SET OF 9 HEART SHAPED BALLOONS', 'SET20 RED RETROSPOT PAPER NAPKINS ', 'SET4 SKULL BADGES', 'SET6 RED SPOTTY PAPER CUPS', 'SET6 RED SPOTTY PAPER PLATES', 'SKULL LUNCH BOX WITH CUTLERY ', 'SKULLS  WATER TRANSFER TATTOOS ', 'SKULLS PARTY BAG  STICKER SET', 'SPACEBOY BIRTHDAY CARD', 'STRAWBERRY LUNCH BOX WITH CUTLERY', 'TEA PARTY BIRTHDAY CARD', 'TOAST ITS  BEST MUM', 'TRADITIONAL KNITTING NANCY', 'TRADITIONAL WOODEN SKIPPING ROPE', 'WOOD STAMP SET HAPPY BIRTHDAY', 'Segment_Corporate', 'Region_Northeast']"
544200,"['BLUE 3 PIECE POLKADOT CUTLERY SET', 'CHARLOTTE BAG DOLLY GIRL DESIGN', 'CHARLOTTE BAG PINK POLKADOT', 'CHARLOTTE BAG SUKI DESIGN', 'JUMBO STORAGE BAG SUKI', 'LUNCH BAG RED RETROSPOT', 'LUNCH BAG SUKI  DESIGN ', 'PINK LOVE BIRD CANDLE', 'RED 3 PIECE RETROSPOT CUTLERY SET', 'RED RETROSPOT CAKE STAND', 'RED RETROSPOT CHARLOTTE BAG', 'RED RETROSPOT PICNIC BAG', 'SET6 FROG PRINCE TLIGHT CANDLES', 'SET6 PINK BIRD TLIGHT CANDLES', 'STRAWBERRY   PICNIC BAG', 'Segment_Corporate', 'Region_Northeast']"
544355,"['20 DOLLY PEGS RETROSPOT', 'BALLOONS  WRITING SET ', 'CAKE STAND 3 TIER MAGIC GARDEN', 'CALENDAR PAPER CUT DESIGN', 'CHILDRENS APRON APPLES DESIGN', 'CHILDRENS APRON DOLLY GIRL ', 'CHILDRENS APRON SPACEBOY DESIGN', 'CHINESE DRAGON PAPER LANTERNS', 'DANISH ROSE DELUXE COASTER', 'DOLLY MIXTURE CHILDRENS UMBRELLA', 'DOORMAT RED RETROSPOT', 'DOORMAT RESPECTABLE HOUSE', 'DOORMAT SPOTTY HOME SWEET HOME', 'FAIRY TALE COTTAGE NIGHTLIGHT', 'FUNKY DIVA PEN', 'ILLUSTRATED CAT BOWL ', 'ORANGE VOTIVE CANDLE', 'PACK OF 12 CIRCUS PARADE TISSUES ', 'PACK OF 12 HEARTS DESIGN TISSUES ', 'PACK OF 12 RED RETROSPOT TISSUES ', 'PACK OF 12 SPACEBOY TISSUES', 'PACK OF 12 SUKI TISSUES ', 'PACK OF 12 WOODLAND TISSUES ', 'PACK OF 20 SKULL PAPER NAPKINS', 'PACK OF 6 SKULL PAPER CUPS', 'PACK OF 6 SKULL PAPER PLATES', 'PIGGY BANK RETROSPOT ', 'PINK NEW BAROQUECANDLESTICK CANDLE', 'PINK POLKADOT BOWL', 'PINK POLKADOT CHILDRENS UMBRELLA', 'POLKADOT PEN', 'RED  HARMONICA IN BOX ', 'RED RETROSPOT APRON ', 'RED RETROSPOT BIG BOWL', 'RED RETROSPOT BOWL', 'RED RETROSPOT CHILDRENS UMBRELLA', 'RED RETROSPOT OVEN GLOVE ', 'RED RETROSPOT PURSE ', 'RED RETROSPOT TEA CUP AND SAUCER ', 'RED TOADSTOOL LED NIGHT LIGHT', 'S4 PINK FLOWER CANDLES IN BOWL', 'SET OF 6 GIRLS CELEBRATION CANDLES', 'SET20 RED RETROSPOT PAPER NAPKINS ', 'SET20 STRAWBERRY PAPER NAPKINS ', 'SET4 RED MINI ROSE CANDLE IN BOWL', 'SET6 RED SPOTTY PAPER CUPS', 'SET6 RED SPOTTY PAPER PLATES', 'SPACEBOY BIRTHDAY CARD', 'STANDING FAIRY POLE SUPPORT ', 'STRAWBERRY DREAM CHILDS UMBRELLA', 'STRAWBRY SCENTED VOTIVE CANDLE', 'TEA BAG PLATE RED RETROSPOT', 'Segment_Consumer', 'Region_Northeast']"
544422,"['RETRO PLASTIC ELEPHANT TRAY', 'Segment_Consumer', 'Region_Southeast']"
544423,"['RETRO PLASTIC POLKA TRAY', 'Segment_Consumer', 'Region_Southeast']"
544470,"[' SET 2 TEA TOWELS I LOVE LONDON ', 'BOX OF VINTAGE JIGSAW BLOCKS ', 'CARD I LOVE LONDON ', 'CHILDRENS GARDEN GLOVES BLUE', 'CHILDRENS GARDEN GLOVES PINK', 'CHILDS GARDEN BRUSH BLUE', 'CHILDS GARDEN BRUSH PINK', 'CHILDS GARDEN FORK BLUE ', 'CHILDS GARDEN FORK PINK', 'CHILDS GARDEN RAKE BLUE', 'CHILDS GARDEN RAKE PINK', 'CHILDS GARDEN SPADE BLUE', 'CHILDS GARDEN SPADE PINK', 'CHILDS GARDEN TROWEL BLUE ', 'CHILDS GARDEN TROWEL PINK', 'DAIRY MAID TRADITIONAL TEAPOT ', 'FRIDGE MAGNETS US DINER ASSORTED', 'FULL ENGLISH BREAKFAST PLATE', 'HOMEMADE JAM SCENTED CANDLES', 'LONDON BUS COFFEE MUG', 'LUNCH BOX I LOVE LONDON', 'PAPER CHAIN KIT EMPIRE', 'QUEENS GUARD COFFEE MUG', 'RAINY LADIES BIRTHDAY CARD', 'RED RETROSPOT TRADITIONAL TEAPOT ', 'RETRO COFFEE MUGS ASSORTED', 'RETROSPOT TEA SET CERAMIC 11 PC ', 'ROBOT BIRTHDAY CARD', 'SET OF 6 SOLDIER SKITTLES', 'TEA FOR ONE POLKADOT', 'WOODEN CROQUET GARDEN SET', 'WOODEN ROUNDERS GARDEN SET ', 'WOODEN SKITTLES GARDEN SET', 'Segment_Consumer', 'Region_Northeast']"
544585,"['12 EGG HOUSE PAINTED WOOD', 'ASSORTED EASTER GIFT TAGS', 'EASTER TIN CHICKS IN GARDEN', 'RETROSPOT PADDED SEAT CUSHION', 'SET 3 PAPER VINTAGE CHICK PAPER EGG', 'TEA FOR ONE POLKADOT', 'WRAP DOILEY DESIGN', 'Segment_Corporate', 'Region_Northeast']"
544609,"['SET6 PINK BIRD TLIGHT CANDLES', 'Segment_Consumer', 'Region_Southeast']"
544679,"['12 PENCILS TALL TUBE RED RETROSPOT', 'PICNIC BOXES SET OF 3 RETROSPOT ', 'Segment_Corporate', 'Region_Southeast']"
544817,"['CAKE STAND WHITE TWO TIER LACE', 'CARD BIRTHDAY COWBOY', 'CARD CIRCUS PARADE', 'COWBOYS AND INDIANS BIRTHDAY CARD ', 'GROW A FLYTRAP OR SUNFLOWER IN TIN', 'MINI PAINT SET VINTAGE ', 'MULTICOLOUR HONEYCOMB FAN', 'PASTEL COLOUR HONEYCOMB FAN', 'PINK LOVE HEART SHAPE CUP', 'PLASTERS IN TIN CIRCUS PARADE ', 'PLASTERS IN TIN SPACEBOY', 'RED LOVE HEART SHAPE CUP', 'RED RETROSPOT BOWL', 'SET OF 9 HEART SHAPED BALLOONS', 'SMALL POPCORN HOLDER', 'STRAWBERRY LUNCH BOX WITH CUTLERY', 'Segment_Consumer', 'Region_Southeast']"
544818,"['LUNCH BOX WITH CUTLERY RETROSPOT ', 'MINI CAKE STAND TLIGHT HOLDER', 'SET OF 3 BUTTERFLY COOKIE CUTTERS', 'SET10 RED POLKADOT PARTY CANDLES', 'Segment_Corporate', 'Region_Northeast']"
545051,"['3 PIECE SPACEBOY COOKIE CUTTER SET', 'RED RETROSPOT BOWL', 'SET10 BLUE POLKADOT PARTY CANDLES', 'SET10 PINK POLKADOT PARTY CANDLES', 'Segment_Corporate', 'Region_Northeast']"
545086,"['3 PIECE SPACEBOY COOKIE CUTTER SET', 'BAKING SET 9 PIECE RETROSPOT ', 'MINI CAKE STAND TLIGHT HOLDER', 'PACK OF 60 MUSHROOM CAKE CASES', 'PACK OF 60 PINK PAISLEY CAKE CASES', 'PACK OF 72 RETROSPOT CAKE CASES', 'RED RETROSPOT SMALL MILK JUG', 'RED RETROSPOT STORAGE JAR', 'RIBBON REEL CHRISTMAS PRESENT ', 'RIBBON REEL CHRISTMAS SOCK BAUBLE', 'RIBBON REEL MAKING SNOWMEN ', 'SET OF 20 KIDS COOKIE CUTTERS', 'Segment_Corporate', 'Region_Southeast']"
545105,"['BIG DOUGHNUT FRIDGE MAGNETS', 'CHARLOTTE BAG DOLLY GIRL DESIGN', 'CHILDRENS APRON DOLLY GIRL ', 'CHILDRENS APRON SPACEBOY DESIGN', 'COFFEE MUG APPLES DESIGN', 'DOLLY GIRL LUNCH BOX', 'DOORMAT AIRMAIL ', 'DOORMAT I LOVE LONDON', 'DOORMAT UNION FLAG', 'LONDON BUS COFFEE MUG', 'LUNCH BAG SPACEBOY DESIGN ', 'LUNCH BOX I LOVE LONDON', 'LUNCH BOX WITH CUTLERY RETROSPOT ', 'MINI JIGSAW DOLLY GIRL', 'MINI JIGSAW SPACEBOY', 'PAPERWEIGHT CHILDHOOD MEMORIES', 'PLASTERS IN TIN CIRCUS PARADE ', 'PLASTERS IN TIN SPACEBOY', 'PLASTERS IN TIN WOODLAND ANIMALS', 'RED RETROSPOT CHARLOTTE BAG', 'RED RETROSPOT PURSE ', 'SNOWSTORM PHOTO FRAME FRIDGE MAGNET', 'SPACEBOY LUNCH BOX ', 'STRAWBERRY LUNCH BOX WITH CUTLERY', 'TOTE BAG I LOVE LONDON', 'Segment_Corporate', 'Region_Northeast']"
545180,"['CHILDRENS CUTLERY POLKADOT BLUE', 'CHILDRENS CUTLERY RETROSPOT RED ', 'GUMBALL COAT RACK', 'GUMBALL MAGAZINE RACK', 'JAM MAKING SET PRINTED', 'LUNCH BOX WITH CUTLERY RETROSPOT ', 'POPPYS PLAYHOUSE BATHROOM', 'POPPYS PLAYHOUSE KITCHEN', 'RED RETROSPOT MINI CASES', 'RED RETROSPOT PLATE ', 'SET OF 9 HEART SHAPED BALLOONS', 'Segment_Consumer', 'Region_Northeast']"
545181,"['CHARLOTTE BAG PINK POLKADOT', 'CHARLOTTE BAG SUKI DESIGN', 'PARTY BUNTING', 'SET 7 BABUSHKA NESTING BOXES', 'STRAWBERRY CHARLOTTE BAG', 'TEA TIME PARTY BUNTING', 'Segment_Corporate', 'Region_Southeast']"
545235,"['4 TRADITIONAL SPINNING TOPS', '6 RIBBONS RUSTIC CHARM', 'BOX OF 24 COCKTAIL PARASOLS', 'JUNGLE POPSICLES ICE LOLLY HOLDERS', 'NOVELTY BISCUITS CAKE STAND 3 TIER', 'PACK OF 72 RETROSPOT CAKE CASES', 'PARTY CONES CANDY TREE DECORATION', 'PICTURE DOMINOES', 'POPPYS PLAYHOUSE KITCHEN', 'ROUND SNACK BOXES SET OF 4 FRUITS ', 'SET OF 20 KIDS COOKIE CUTTERS', 'SET OF 72 PINK HEART PAPER DOILIES', 'SET OF 9 BLACK SKULL BALLOONS', 'SKULL AND CROSSBONES  GARLAND ', 'SKULLS  WATER TRANSFER TATTOOS ', 'STRAWBERRY LUNCH BOX WITH CUTLERY', 'Segment_Consumer', 'Region_Northeast']"
545301,"['36 PENCILS TUBE RED RETROSPOT', '36 PENCILS TUBE WOODLAND', 'BABUSHKA LIGHTS STRING OF 10', 'BAKING SET SPACEBOY DESIGN', 'BLUE 3 PIECE POLKADOT CUTLERY SET', 'BLUE POLKADOT BOWL', 'BLUE POLKADOT CUP', 'BLUE POLKADOT PLATE ', 'CHILDRENS APRON SPACEBOY DESIGN', 'CHILDS BREAKFAST SET CIRCUS PARADE', 'CHILDS BREAKFAST SET SPACEBOY ', 'CIRCUS PARADE LUNCH BOX ', 'DINOSAUR HEIGHT CHART STICKER SET', 'DINOSAUR LUNCH BOX WITH CUTLERY', 'GREEN 3 PIECE POLKADOT CUTLERY SET', 'GROW YOUR OWN PLANT IN A CAN ', 'NURSES BAG SOFT TOY', 'PAPER BUNTING RETROSPOT', 'PAPER BUNTING VINTAGE PAISLEY', 'PINK  POLKADOT CUP', 'PINK  POLKADOT PLATE ', 'PINK 3 PIECE POLKADOT CUTLERY SET', 'PINK POLKADOT BOWL', 'PINK POLKADOT CHILDRENS UMBRELLA', 'PLASTERS IN TIN SPACEBOY', 'PLASTERS IN TIN WOODLAND ANIMALS', 'RED 3 PIECE RETROSPOT CUTLERY SET', 'RED RETROSPOT BOWL', 'RED RETROSPOT CHILDRENS UMBRELLA', 'RED RETROSPOT CUP', 'RED RETROSPOT PLATE ', 'RED TOADSTOOL LED NIGHT LIGHT', 'RETROSPOT CHILDRENS APRON', 'ROUND SNACK BOXES SET OF 4 FRUITS ', 'SEASIDE FLYING DISC', 'SPACEBOY LUNCH BOX ', 'STRAWBERRY LUNCH BOX WITH CUTLERY', 'WATERING CAN BLUE ELEPHANT', 'WATERING CAN GREEN DINOSAUR', 'WATERING CAN PINK BUNNY', 'WOODLAND  HEIGHT CHART STICKERS ', 'Segment_Corporate', 'Region_Northeast']"
545515,"['3D HEARTS  HONEYCOMB PAPER GARLAND', 'CAKE STAND WHITE TWO TIER LACE', 'CARD GINGHAM ROSE ', 'CARD WEDDING DAY', 'EASTER TIN BUNNY BOUQUET', 'EASTER TIN CHICKS PINK DAISY', 'HANGING HEART JAR TLIGHT HOLDER', 'MULTICOLOUR HONEYCOMB PAPER GARLAND', 'PACK OF 20 NAPKINS PANTRY DESIGN', 'PACK OF 60 PINK PAISLEY CAKE CASES', 'PAPER BUNTING RETROSPOT', 'PAPER BUNTING WHITE LACE', 'SET 3 PAPER VINTAGE CHICK PAPER EGG', 'SET OF 3 CAKE TINS PANTRY DESIGN ', 'SET OF 72 PINK HEART PAPER DOILIES', 'SET OF 72 RETROSPOT PAPER  DOILIES', 'SET20 RED RETROSPOT PAPER NAPKINS ', 'SET6 COLLAGE PAPER CUPS', 'SET6 COLLAGE PAPER PLATES', 'SET6 POSIES PAPER CUPS', 'SET6 RED SPOTTY PAPER CUPS', 'SET6 RED SPOTTY PAPER PLATES', 'SMALL POPCORN HOLDER', 'TEA PARTY BIRTHDAY CARD', 'TEA TIME PARTY BUNTING', 'TEA TIME TABLE CLOTH', 'VINTAGE CREAM 3 BASKET CAKE STAND', 'Segment_Corporate', 'Region_Northeast']"
545517,"['SET6 POSIES PAPER PLATES', 'Segment_Consumer', 'Region_Southeast']"
545583,"['ASSORTED COLOUR MINI CASES', 'BAKING SET 9 PIECE RETROSPOT ', 'BAKING SET SPACEBOY DESIGN', 'FELTCRAFT CUSHION OWL', 'FELTCRAFT CUSHION RABBIT', 'FELTCRAFT PRINCESS CHARLOTTE DOLL', 'JUMBO BAG RED RETROSPOT', 'JUMBO STORAGE BAG SUKI', 'PAPER BUNTING RETROSPOT', 'PINK BLUE FELT CRAFT TRINKET BOX', 'RED TOADSTOOL LED NIGHT LIGHT', 'RETROSPOT TEA SET CERAMIC 11 PC ', 'SET OF 9 HEART SHAPED BALLOONS', 'STRAWBERRY LUNCH BOX WITH CUTLERY', 'TRADITIONAL WOODEN SKIPPING ROPE', 'Segment_Corporate', 'Region_Northeast']"
545837,"['SNOWSTORM PHOTO FRAME FRIDGE MAGNET', 'Segment_Consumer', 'Region_Northeast']"
545997,"['CHILDRENS APRON SPACEBOY DESIGN', 'CHILDS BREAKFAST SET SPACEBOY ', 'RETROSPOT CHILDRENS APRON', 'Segment_Consumer', 'Region_Northeast']"
546373,"[' SPACEBOY BABY GIFT SET', 'ALARM CLOCK BAKELIKE ORANGE', 'BLUE POLKADOT CUP', 'CIRCUS PARADE BABY GIFT SET', 'GIRAFFE WOODEN RULER', 'I LOVE LONDON BABY GIFT SET', 'MINI PAINT SET VINTAGE ', 'PAPER BUNTING RETROSPOT', 'PLASTERS IN TIN CIRCUS PARADE ', 'PLASTERS IN TIN WOODLAND ANIMALS', 'RED RETROSPOT APRON ', 'RED TOADSTOOL LED NIGHT LIGHT', 'RETROSPOT PARTY BAG  STICKER SET', 'SET20 RED RETROSPOT PAPER NAPKINS ', 'SET6 RED SPOTTY PAPER CUPS', 'SET6 RED SPOTTY PAPER PLATES', 'SMALL POPCORN HOLDER', 'STRAWBERRY LUNCH BOX WITH CUTLERY', 'WOODLAND PARTY BAG  STICKER SET', 'Segment_Consumer', 'Region_Southeast']"
546428,"['4 TRADITIONAL SPINNING TOPS', 'BASKET OF TOADSTOOLS', 'BIRDS MOBILE VINTAGE DESIGN', 'FELTCRAFT HAIRBAND PINK AND BLUE', 'FELTCRAFT HAIRBANDS PINK AND WHITE ', 'HEN HOUSE W CHICK STANDING', 'MAGIC SHEEP WOOL GROWING FROM PAPER', 'PINK PADDED MOBILE', 'POPPYS PLAYHOUSE BATHROOM', 'POPPYS PLAYHOUSE LIVINGROOM ', 'RED TOADSTOOL LED NIGHT LIGHT', 'SET 3 PAPER VINTAGE CHICK PAPER EGG', 'SET 3 SONG BIRD PAPER EGGS ASSORTED', 'SET OF 6 3D KIT CARDS FOR KIDS', 'STRAWBERRY HONEYCOMB  GARLAND ', 'TOADSTOOL MONEY BOX', 'TRADITIONAL MODELLING CLAY', 'Segment_Corporate', 'Region_Northeast']"
546479,"['20 DOLLY PEGS RETROSPOT', '4 TRADITIONAL SPINNING TOPS', 'ABC TREASURE BOOK BOX ', 'EDWARDIAN PARASOL PINK', 'GINGERBREAD MAN COOKIE CUTTER', 'LUNCH BAG WOODLAND', 'PARTY BUNTING', 'RECYCLED ACAPULCO MAT GREEN', 'RECYCLED ACAPULCO MAT PINK', 'RECYCLED ACAPULCO MAT RED', 'RECYCLED ACAPULCO MAT TURQUOISE', 'RED RETROSPOT MINI CASES', 'RED RETROSPOT SHOPPING BAG', 'SET 3 PAPER VINTAGE CHICK PAPER EGG', 'SET OF 2 TEA TOWELS APPLE AND PEARS', 'SET OF 4 PANTRY JELLY MOULDS', 'SET6 RED SPOTTY PAPER PLATES', 'SMALL POPCORN HOLDER', 'SMALL RED RETROSPOT WINDMILL', 'WATERING CAN PINK BUNNY', 'Segment_Consumer', 'Region_Southeast']"
546559,"['HANGING HEART JAR TLIGHT HOLDER', 'Segment_Corporate', 'Region_Northeast']"
546678,"['12 COLOURED PARTY BALLOONS', 'BIG DOUGHNUT FRIDGE MAGNETS', 'BLACK RECORD COVER FRAME', 'CALENDAR PAPER CUT DESIGN', 'CARD CIRCUS PARADE', 'FOLDING UMBRELLA REDWHITE POLKADOT', 'GUMBALL COAT RACK', 'LUNCH BOX WITH CUTLERY RETROSPOT ', 'MEASURING TAPE BABUSHKA PINK', 'OFFICE MUG WARMER POLKADOT', 'PACK OF 20 SKULL PAPER NAPKINS', 'PACK OF 6 SKULL PAPER PLATES', 'PARTY INVITES WOODLAND', 'PINK  POLKADOT CUP', 'PLASTERS IN TIN CIRCUS PARADE ', 'RECORD FRAME 7 SINGLE SIZE ', 'RED RETROSPOT CHARLOTTE BAG', 'RED TOADSTOOL LED NIGHT LIGHT', 'ROUND SNACK BOXES SET OF4 WOODLAND ', 'SET OF 2 TEA TOWELS APPLE AND PEARS', 'SET OF SALT AND PEPPER TOADSTOOLS', 'SET20 RED RETROSPOT PAPER NAPKINS ', 'SET6 RED SPOTTY PAPER CUPS', 'SET6 RED SPOTTY PAPER PLATES', 'SMALL POPCORN HOLDER', 'TABLECLOTH RED APPLES DESIGN ', 'TRAVEL SEWING KIT', 'WOODLAND CHARLOTTE BAG', 'Segment_Corporate', 'Region_Northeast']"
546765,"['BLUE POLKADOT PLATE ', 'PINK  POLKADOT PLATE ', 'RED RETROSPOT CAKE STAND', 'SET20 RED RETROSPOT PAPER NAPKINS ', 'SET4 BADGES BALLOON GIRL', 'SET6 RED SPOTTY PAPER CUPS', 'SET6 RED SPOTTY PAPER PLATES', 'Segment_Corporate', 'Region_Southeast']"
546770,"['CHEST OF DRAWERS GINGHAM HEART ', 'EGG CUP NATURAL CHICKEN', 'JAM CLOCK MAGNET', 'RED SPOT CERAMIC DRAWER KNOB', 'REGENCY CAKESTAND 3 TIER', 'SET 3 SONG BIRD PAPER EGGS ASSORTED', 'SET OF 3 CAKE TINS PANTRY DESIGN ', 'WRAP POPPIES  DESIGN', 'Segment_Corporate', 'Region_Northeast']"
547087,"['4 TRADITIONAL SPINNING TOPS', 'MAGIC DRAWING SLATE CIRCUS PARADE  ', 'MINI JIGSAW CIRCUS PARADE ', 'MINI JIGSAW DOLLY GIRL', 'MINI JIGSAW SPACEBOY', 'MINI PAINT SET VINTAGE ', 'PACK OF 72 RETROSPOT CAKE CASES', 'RETROSPOT PARTY BAG  STICKER SET', 'SET10 RED POLKADOT PARTY CANDLES', 'SET20 RED RETROSPOT PAPER NAPKINS ', 'SET6 FROG PRINCE TLIGHT CANDLES', 'SET6 RED SPOTTY PAPER CUPS', 'SET6 RED SPOTTY PAPER PLATES', 'SKULLS  WATER TRANSFER TATTOOS ', 'Segment_Consumer', 'Region_Northeast']"
547194,"['CIRCUS PARADE LUNCH BOX ', 'CLOTHES PEGS RETROSPOT PACK 24 ', 'JUMBO BAG DOLLY GIRL DESIGN', 'JUMBO BAG OWLS', 'JUMBO BAG RED RETROSPOT', 'JUMBO BAG SPACEBOY DESIGN', 'JUMBO STORAGE BAG SKULLS', 'LUNCH BAG  BLACK SKULL.', 'LUNCH BAG CARS BLUE', 'LUNCH BAG DOLLY GIRL DESIGN', 'LUNCH BAG RED RETROSPOT', 'LUNCH BAG SPACEBOY DESIGN ', 'LUNCH BAG SUKI DESIGN ', 'LUNCH BAG WOODLAND', 'MIXED NUTS LIGHT GREEN BOWL', 'PACK OF 20 NAPKINS RED APPLES', 'PICNIC BOXES SET OF 3 RETROSPOT ', 'PLASTERS IN TIN CIRCUS PARADE ', 'PLASTERS IN TIN SKULLS', 'PLASTERS IN TIN SPACEBOY', 'PLASTERS IN TIN STRONGMAN', 'PLASTERS IN TIN WOODLAND ANIMALS', 'RED RETROSPOT OVEN GLOVE ', 'RED SPOTTY BISCUIT TIN', 'REVOLVER WOODEN RULER ', 'ROUND SNACK BOXES SET OF 4 FRUITS ', 'ROUND SNACK BOXES SET OF4 WOODLAND ', 'SET 3 RETROSPOT TEA,COFFEE,SUGAR', 'SET OF 2 TEA TOWELS APPLE AND PEARS', 'SET OF 3 CAKE TINS PANTRY DESIGN ', 'SET OF SALT AND PEPPER TOADSTOOLS', 'SET2 RED RETROSPOT TEA TOWELS ', 'SET5 RED RETROSPOT LID GLASS BOWLS', 'SMALL DOLLY MIX DESIGN ORANGE BOWL', 'SMALL MARSHMALLOWS PINK BOWL', 'SPACEBOY LUNCH BOX ', 'STRAWBERRY CERAMIC TRINKET BOX', 'STRAWBERRY FAIRY CAKE TEAPOT', 'Segment_Consumer', 'Region_Northeast']"
547196,"['RED RETROSPOT PURSE ', 'TRAVEL CARD WALLET PANTRY', 'TRAVEL CARD WALLET RETRO PETALS', 'TRAVEL CARD WALLET TRANSPORT', 'Segment_Consumer', 'Region_Southeast']"
547327,"['ALARM CLOCK BAKELIKE ORANGE', 'ALARM CLOCK BAKELIKE RED ', 'ASSORTED COLOUR MINI CASES', 'BAKING SET 9 PIECE RETROSPOT ', 'CARD PSYCHEDELIC APPLES', 'CHILDRENS CUTLERY POLKADOT GREEN ', 'CHILDRENS CUTLERY RETROSPOT RED ', 'CIRCUS PARADE CHILDRENS EGG CUP ', 'COTTON APRON PANTRY DESIGN', 'GUMBALL COAT RACK', 'LUNCH BAG RED RETROSPOT', 'LUNCH BOX WITH CUTLERY RETROSPOT ', 'MAGNETS PACK OF 4 SWALLOWS', 'PICNIC BASKET WICKER SMALL', 'POPPYS PLAYHOUSE BEDROOM ', 'POPPYS PLAYHOUSE KITCHEN', 'RECYCLED ACAPULCO MAT LAVENDER', 'RECYCLED ACAPULCO MAT RED', 'RECYCLED ACAPULCO MAT TURQUOISE', 'RED RETROSPOT MINI CASES', 'RED TOADSTOOL LED NIGHT LIGHT', 'RETROSPOT TEA SET CERAMIC 11 PC ', 'ROUND CONTAINER SET OF 5 RETROSPOT', 'ROUND SNACK BOXES SET OF 4 FRUITS ', 'ROUND SNACK BOXES SET OF4 WOODLAND ', 'SPACEBOY CHILDRENS EGG CUP', 'STRAWBERRY LUNCH BOX WITH CUTLERY', 'VINTAGE CARAVAN GREETING CARD ', 'WATERING CAN BLUE ELEPHANT', 'WOODEN BOX OF DOMINOES', 'Segment_Consumer', 'Region_Southeast']"
547492,"['3 PIECE SPACEBOY COOKIE CUTTER SET', '60 TEATIME FAIRY CAKE CASES', 'BAKING SET 9 PIECE RETROSPOT ', 'CHILDRENS APRON SPACEBOY DESIGN', 'PACK OF 72 RETROSPOT CAKE CASES', 'PACK OF 72 SKULL CAKE CASES', 'PINK FAIRY CAKE CHILDRENS APRON', 'SET OF 72 RETROSPOT PAPER  DOILIES', 'SET10 PINK POLKADOT PARTY CANDLES', 'Segment_Corporate', 'Region_Southeast']"
547504,"['12 COLOURED PARTY BALLOONS', '60 TEATIME FAIRY CAKE CASES', '72 SWEETHEART FAIRY CAKE CASES', 'CAKES AND RABBITS DESIGN FLANNEL ', 'CHILDRENS APRON APPLES DESIGN', 'CHILDRENS CUTLERY POLKADOT PINK', 'CHILDRENS CUTLERY RETROSPOT RED ', 'COFFEE MUG APPLES DESIGN', 'COFFEE MUG PEARS  DESIGN', 'JAM MAKING SET PRINTED', 'JAM MAKING SET WITH JARS', 'PACK OF 20 NAPKINS RED APPLES', 'PACK OF 20 SKULL PAPER NAPKINS', 'PACK OF 6 SKULL PAPER CUPS', 'PACK OF 6 SKULL PAPER PLATES', 'PACK OF 60 PINK PAISLEY CAKE CASES', 'PACK OF 72 RETROSPOT CAKE CASES', 'PARTY TIME DESIGN FLANNEL', 'PINK  POLKADOT CUP', 'PINK  POLKADOT PLATE ', 'PINK BLUE FELT CRAFT TRINKET BOX', 'RED RETROSPOT CUP', 'RED RETROSPOT PLATE ', 'SET OF 4 PANTRY JELLY MOULDS', 'SET OF 9 BLACK SKULL BALLOONS', 'SET OF 9 HEART SHAPED BALLOONS', 'SET20 RED RETROSPOT PAPER NAPKINS ', 'SET6 POSIES PAPER CUPS', 'SET6 RED SPOTTY PAPER CUPS', 'SET6 RED SPOTTY PAPER PLATES', 'TEA PARTY BIRTHDAY CARD', 'WRAP DOILEY DESIGN', 'WRAP GREEN PEARS ', 'WRAP RED APPLES ', 'Segment_Corporate', 'Region_Northeast']"
547508,"['DOLLY GIRL LUNCH BOX', 'LUNCH BOX I LOVE LONDON', 'PINK  HONEYCOMB PAPER BALL ', 'SET OF 72 RETROSPOT PAPER  DOILIES', 'SET10 BLUE POLKADOT PARTY CANDLES', 'SET10 PINK POLKADOT PARTY CANDLES', 'SET10 RED POLKADOT PARTY CANDLES', 'SPACEBOY LUNCH BOX ', 'Segment_Consumer', 'Region_Northeast']"
547520,"[' SPACEBOY BABY GIFT SET', 'BLACKBLUE POLKADOT UMBRELLA', 'CIRCUS PARADE LUNCH BOX ', 'DOLLY GIRL LUNCH BOX', 'FOLDING UMBRELLA BLACKBLUE POLKADOT', 'FOLDING UMBRELLA CHOCOLATE POLKADOT', 'FOLDING UMBRELLA CREAM POLKADOT', 'FOLDING UMBRELLA PINKWHITE POLKADOT', 'FOLDING UMBRELLA WHITERED POLKADOT', 'I LOVE LONDON BABY GIFT SET', 'LUNCH BAG PINK POLKADOT', 'LUNCH BAG SUKI DESIGN ', 'LUNCH BOX I LOVE LONDON', 'MEDIUM PINK BUDDHA HEAD ', 'PICNIC BOXES SET OF 3 RETROSPOT ', 'RED RETROSPOT MINI CASES', 'ROUND CONTAINER SET OF 5 RETROSPOT', 'ROUND SNACK BOXES SET OF 4 FRUITS ', 'ROUND SNACK BOXES SET OF4 WOODLAND ', 'SPACEBOY LUNCH BOX ', 'Segment_Consumer', 'Region_Northeast']"
547722,"['12 PENCIL SMALL TUBE WOODLAND', 'CHILDRENS CUTLERY POLKADOT PINK', 'CHILDRENS CUTLERY RETROSPOT RED ', 'DOCTORS BAG SOFT TOY', 'EDWARDIAN PARASOL BLACK', 'FEATHER PEN,LIGHT PINK', 'JUMBO BAG WOODLAND ANIMALS', 'LUNCH BAG RED RETROSPOT', 'LUNCH BOX WITH CUTLERY RETROSPOT ', 'RED RETROSPOT CHARLOTTE BAG', 'RETROSPOT PARTY BAG  STICKER SET', 'SET 3 PAPER VINTAGE CHICK PAPER EGG', 'SET20 RED RETROSPOT PAPER NAPKINS ', 'SET4 BADGES BALLOON GIRL', 'SET6 COLLAGE PAPER CUPS', 'SET6 COLLAGE PAPER PLATES', 'SET6 RED SPOTTY PAPER CUPS', 'SET6 RED SPOTTY PAPER PLATES', 'SPACEBOY BIRTHDAY CARD', 'TRADITIONAL KNITTING NANCY', 'WOODLAND PARTY BAG  STICKER SET', 'WORLD WAR 2 GLIDERS ASSTD DESIGNS', 'Segment_Corporate', 'Region_Northeast']"
547863,"['PACK OF 72 RETROSPOT CAKE CASES', 'RED RETROSPOT CAKE STAND', 'RED TOADSTOOL LED NIGHT LIGHT', 'REGENCY CAKESTAND 3 TIER', 'SET 3 PAPER VINTAGE CHICK PAPER EGG', 'SMALL RED RETROSPOT WINDMILL', 'WOODEN CROQUET GARDEN SET', 'Segment_Corporate', 'Region_Southeast']"
547892,"[' SET 2 TEA TOWELS I LOVE LONDON ', '36 DOILIES DOLLY GIRL', '60 CAKE CASES DOLLY GIRL DESIGN', '60 TEATIME FAIRY CAKE CASES', 'ALARM CLOCK BAKELIKE GREEN', 'ALARM CLOCK BAKELIKE ORANGE', 'ALARM CLOCK BAKELIKE RED ', 'ASSORTED EASTER DECORATIONS  BELLS', 'BAKING MOULD HEART MILK CHOCOLATE', 'BAKING MOULD HEART WHITE CHOCOLATE', 'BLACK KITCHEN SCALES', 'BLUE DINER WALL CLOCK', 'CARD I LOVE LONDON ', 'CHARLOTTE BAG DOLLY GIRL DESIGN', 'CHILDRENS CIRCUS PARADE MUG', 'CIRCUS PARADE LUNCH BOX ', 'COFFEE MUG APPLES DESIGN', 'COFFEE MUG PEARS  DESIGN', 'DOLLY GIRL LUNCH BOX', 'EASTER TIN BUNNY BOUQUET', 'FRIDGE MAGNETS US DINER ASSORTED', 'GUMBALL MAGAZINE RACK', 'IVORY DINER WALL CLOCK', 'JAM CLOCK MAGNET', 'JAM MAKING SET WITH JARS', 'JUMBO BAG STRAWBERRY', 'LONDON BUS COFFEE MUG', 'LUNCH BAG DOLLY GIRL DESIGN', 'LUNCH BAG SPACEBOY DESIGN ', 'LUNCH BAG WOODLAND', 'LUNCH BOX I LOVE LONDON', 'MAGNETS PACK OF 4 CHILDHOOD MEMORY', 'MAGNETS PACK OF 4 HOME SWEET HOME', 'MAGNETS PACK OF 4 RETRO PHOTO', 'PACK OF 12 BLUE PAISLEY TISSUES ', 'PACK OF 12 LONDON TISSUES ', 'PACK OF 12 RED RETROSPOT TISSUES ', 'PACK OF 12 SPACEBOY TISSUES', 'PACK OF 12 WOODLAND TISSUES ', 'PACK OF 20 NAPKINS PANTRY DESIGN', 'PACK OF 20 NAPKINS RED APPLES', 'PACK OF 6 BIRDY GIFT TAGS', 'PACK OF 60 MUSHROOM CAKE CASES', 'PACK OF 60 PINK PAISLEY CAKE CASES', 'PACK OF 60 SPACEBOY CAKE CASES', 'PACK OF 72 RETROSPOT CAKE CASES', 'PLASTERS IN TIN CIRCUS PARADE ', 'PLASTERS IN TIN SKULLS', 'PLASTERS IN TIN SPACEBOY', 'PLASTERS IN TIN STRONGMAN', 'PLASTERS IN TIN VINTAGE PAISLEY ', 'PLASTERS IN TIN WOODLAND ANIMALS', 'QUEENS GUARD COFFEE MUG', 'RED DINER WALL CLOCK', 'REVOLVER WOODEN RULER ', 'ROUND SNACK BOXES SET OF 4 FRUITS ', 'SET OF 2 TEA TOWELS APPLE AND PEARS', 'SET OF 36 TEATIME PAPER DOILIES', 'SET OF 72 RETROSPOT PAPER  DOILIES', 'SET OF SALT AND PEPPER TOADSTOOLS', 'SMALL POPCORN HOLDER', 'SPACEBOY LUNCH BOX ', 'STRAWBERRY CHARLOTTE BAG', 'TRAVEL CARD WALLET FLOWER MEADOW', 'TRAVEL CARD WALLET PANTRY', 'TRAVEL CARD WALLET TRANSPORT', 'TRAVEL CARD WALLET UNION JACK', 'WOODLAND CHARLOTTE BAG', 'Segment_Consumer', 'Region_Northeast']"
548409,"['4 TRADITIONAL SPINNING TOPS', 'ASSORTED COLOUR BIRD ORNAMENT', 'BLUE HARMONICA IN BOX ', 'CHILDRENS APRON SPACEBOY DESIGN', 'DOLLY GIRL LUNCH BOX', 'DOORMAT RED RETROSPOT', 'DOORMAT SPOTTY HOME SWEET HOME', 'DOORMAT UNION FLAG', 'GREEN REGENCY TEACUP AND SAUCER', 'LUNCH BAG  BLACK SKULL.', 'LUNCH BAG DOLLY GIRL DESIGN', 'LUNCH BAG RED RETROSPOT', 'LUNCH BOX WITH CUTLERY RETROSPOT ', 'MILK PAN RED RETROSPOT', 'MINI FUNKY DESIGN TAPES', 'MINI PAINT SET VINTAGE ', 'PICTURE DOMINOES', 'PLASTERS IN TIN SKULLS', 'POPPYS PLAYHOUSE BATHROOM', 'POPPYS PLAYHOUSE BEDROOM ', 'POPPYS PLAYHOUSE KITCHEN', 'POPPYS PLAYHOUSE LIVINGROOM ', 'RED  HARMONICA IN BOX ', 'RED RETROSPOT BUTTER DISH', 'RED RETROSPOT CAKE STAND', 'RED RETROSPOT CHILDRENS UMBRELLA', 'RED RETROSPOT MUG', 'RED RETROSPOT TEA CUP AND SAUCER ', 'REGENCY CAKESTAND 3 TIER', 'RETROSPOT TEA SET CERAMIC 11 PC ', 'ROSES REGENCY TEACUP AND SAUCER ', 'SPACEBOY LUNCH BOX ', 'WOODEN BOX OF DOMINOES', 'Segment_Corporate', 'Region_Northeast']"
548410,"[' SPACEBOY BABY GIFT SET', 'CIRCUS PARADE BABY GIFT SET', 'GIRAFFE WOODEN RULER', 'REVOLVER WOODEN RULER ', 'Segment_Corporate', 'Region_Northeast']"
548496,"[' SET 2 TEA TOWELS I LOVE LONDON ', 'ALARM CLOCK BAKELIKE GREEN', 'ALARM CLOCK BAKELIKE PINK', 'ALPHABET HEARTS STICKER SHEET', 'BAKING MOULD CHOCOLATE CUPCAKES', 'BALLOON PUMP WITH 10 BALLOONS', 'BREAD BIN DINER STYLE RED ', 'CHRISTMAS LIGHTS 10 REINDEER', 'HAPPY STENCIL CRAFT', 'JAM JAR WITH GREEN LID', 'JAM JAR WITH PINK LID', 'JAM MAKING SET PRINTED', 'JUMBO BAG PINK POLKADOT', 'JUMBO BAG STRAWBERRY', 'MINI PAINT SET VINTAGE ', 'MONSTERS STENCIL CRAFT', 'PACK OF 12 LONDON TISSUES ', 'PANDA AND BUNNIES STICKER SHEET', 'PANTRY ROLLING PIN', 'PINK LOVE HEART SHAPE CUP', 'PLASTERS IN TIN CIRCUS PARADE ', 'PLASTERS IN TIN SPACEBOY', 'PLASTERS IN TIN STRONGMAN', 'PLASTERS IN TIN WOODLAND ANIMALS', 'RED LOVE HEART SHAPE CUP', 'SET 2 PANTRY DESIGN TEA TOWELS', 'SET OF 20 KIDS COOKIE CUTTERS', 'SET OF 6 NATIVITY MAGNETS ', 'SET20 RED RETROSPOT PAPER NAPKINS ', 'SET6 RED SPOTTY PAPER CUPS', 'SET6 RED SPOTTY PAPER PLATES', 'SWEETIES  STICKERS', 'WATERING CAN BLUE ELEPHANT', 'WATERING CAN GREEN DINOSAUR', 'WATERING CAN PINK BUNNY', 'Segment_Consumer', 'Region_Southeast']"
548553,"['FELT EGG COSY CHICKEN', 'HANGING HEN ON NEST DECORATION', 'LADYBIRD  BEE RAFFIA FOOD COVER', 'MULTICOLOUR RABBIT EGG WARMER', 'RED RETROSPOT MUG', 'RED RETROSPOT SMALL MILK JUG', 'RETROSPOT LARGE MILK JUG', 'SET 3 PAPER VINTAGE CHICK PAPER EGG', 'WRAP DOILEY DESIGN', 'Segment_Corporate', 'Region_Northeast']"
548564,"['RED RETROSPOT MINI CASES', 'Segment_Corporate', 'Region_Southeast']"
548606,"['INFLATABLE POLITICAL GLOBE ', 'MAGNETS PACK OF 4 SWALLOWS', 'MAGNETS PACK OF 4 VINTAGE COLLAGE', 'Segment_Consumer', 'Region_Northeast']"
548737,"['6 RIBBONS RUSTIC CHARM', 'ASSORTED COLOUR MINI CASES', 'BIRD DECORATION RED RETROSPOT', 'CHERRY BLOSSOM DECORATIVE FLASK', 'EASTER TIN BUNNY BOUQUET', 'EDWARDIAN PARASOL PINK', 'GUMBALL COAT RACK', 'ICE CREAM SUNDAE LIP GLOSS', 'LUNCH BAG RED RETROSPOT', 'LUNCH BAG SPACEBOY DESIGN ', 'LUNCH BAG SUKI DESIGN ', 'LUNCH BAG WOODLAND', 'LUNCH BOX WITH CUTLERY RETROSPOT ', 'PACK OF 72 RETROSPOT CAKE CASES', 'PAPER BUNTING WHITE LACE', 'RECYCLED ACAPULCO MAT GREEN', 'RED BABY BUNTING ', 'RED RETROSPOT PICNIC BAG', 'RED RETROSPOT SHOPPING BAG', 'SET OF 5 PANCAKE DAY MAGNETS', 'SET OF 9 HEART SHAPED BALLOONS', 'SET OF SALT AND PEPPER TOADSTOOLS', 'SET10 RED POLKADOT PARTY CANDLES', 'STRAWBERRY LUNCH BOX WITH CUTLERY', 'TEA PARTY BIRTHDAY CARD', 'WATERING CAN PINK BUNNY', 'Segment_Consumer', 'Region_Southeast']"
549274,"[' SPACEBOY BABY GIFT SET', '36 PENCILS TUBE RED RETROSPOT', '36 PENCILS TUBE WOODLAND', 'CHILDRENS GARDEN GLOVES BLUE', 'CHILDS BREAKFAST SET SPACEBOY ', 'CHILDS GARDEN BRUSH BLUE', 'CHILDS GARDEN BRUSH PINK', 'CHILDS GARDEN RAKE BLUE', 'CHILDS GARDEN RAKE PINK', 'CHILDS GARDEN SPADE BLUE', 'CHILDS GARDEN SPADE PINK', 'COWBOYS AND INDIANS BIRTHDAY CARD ', 'DOLLY GIRL BABY GIFT SET', 'DOLLY GIRL LUNCH BOX', 'ELEPHANT, BIRTHDAY CARD, ', 'JUMBO BAG SPACEBOY DESIGN', 'LUNCH BAG WOODLAND', 'RED RETROSPOT WRAP ', 'RING OF ROSES BIRTHDAY CARD', 'TEA PARTY BIRTHDAY CARD', 'WATERING CAN BLUE ELEPHANT', 'WATERING CAN PINK BUNNY', 'WRAP CAROUSEL', 'Segment_Consumer', 'Region_Southeast']"
549582,"['REGENCY CAKESTAND 3 TIER', 'Segment_Corporate', 'Region_Southeast']"
550145,"['ALARM CLOCK BAKELIKE CHOCOLATE', 'ALARM CLOCK BAKELIKE ORANGE', 'ALARM CLOCK BAKELIKE PINK', 'ALARM CLOCK BAKELIKE RED ', 'BLACKBLUE POLKADOT UMBRELLA', 'DOORMAT WELCOME TO OUR HOME', 'EASTER TIN BUNNY BOUQUET', 'FRENCH ENAMEL WATER BASIN', 'GIRAFFE WOODEN RULER', 'JAM JAR WITH GREEN LID', 'JAM JAR WITH PINK LID', 'JUMBO BAG DOLLY GIRL DESIGN', 'JUMBO BAG SPACEBOY DESIGN', 'LUNCH BAG DOLLY GIRL DESIGN', 'LUNCH BAG SPACEBOY DESIGN ', 'LUNCH BAG WOODLAND', 'MINI PAINT SET VINTAGE ', 'PLASTERS IN TIN CIRCUS PARADE ', 'PLASTERS IN TIN SPACEBOY', 'PLASTERS IN TIN WOODLAND ANIMALS', 'RECYCLED ACAPULCO MAT LAVENDER', 'RECYCLED ACAPULCO MAT PINK', 'RECYCLED ACAPULCO MAT RED', 'RECYCLED ACAPULCO MAT TURQUOISE', 'RED RETROSPOT TAPE', 'REGENCY CAKESTAND 3 TIER', 'REVOLVER WOODEN RULER ', 'ROUND SNACK BOXES SET OF4 WOODLAND ', 'SMALL RED RETROSPOT WINDMILL', 'SPACEBOY LUNCH BOX ', 'Segment_Consumer', 'Region_Southeast']"
550313,"['4 TRADITIONAL SPINNING TOPS', 'BLUE POLKADOT CUP', 'CIRCUS PARADE CHILDRENS EGG CUP ', 'DOORMAT RESPECTABLE HOUSE', 'DOORMAT UNION FLAG', 'ENAMEL FLOWER JUG CREAM', 'ICE CREAM SUNDAE LIP GLOSS', 'KNICKERBOCKERGLORY MAGNET ASSORTED ', 'LOVELY BONBON STICKER SHEET', 'OFFICE MUG WARMER POLKADOT', 'PLASTERS IN TIN CIRCUS PARADE ', 'POLKADOT RAIN HAT ', 'RAINY LADIES BIRTHDAY CARD', 'RED RETROSPOT CUP', 'RED TOADSTOOL LED NIGHT LIGHT', 'REVOLVER WOODEN RULER ', 'ROBOT BIRTHDAY CARD', 'ROUND SNACK BOXES SET OF4 WOODLAND ', 'SET OF 2 TEA TOWELS APPLE AND PEARS', 'SET OF 5 LUCKY CAT MAGNETS ', 'SET OF 5 PANCAKE DAY MAGNETS', 'TEA PARTY BIRTHDAY CARD', 'TRAVEL SEWING KIT', 'WOODLAND CHARLOTTE BAG', 'WOODLAND DESIGN  COTTON TOTE BAG', 'WORLD WAR 2 GLIDERS ASSTD DESIGNS', 'Segment_Corporate', 'Region_Southeast']"
550338,"['BLACKBLUE POLKADOT UMBRELLA', 'JUMBO BAG RED RETROSPOT', 'RECYCLED ACAPULCO MAT BLUE', 'RED RETROSPOT PICNIC BAG', 'Segment_Corporate', 'Region_Northeast']"
550365,"['MAGNETS PACK OF 4 SWALLOWS', 'Segment_Consumer', 'Region_Northeast']"
550661,"['AIRLINE BAG VINTAGE JET SET RED', 'AIRLINE BAG VINTAGE JET SET WHITE', 'AIRLINE BAG VINTAGE TOKYO 78', 'CHERRY BLOSSOM  DECORATIVE FLASK', 'CHERRY BLOSSOM DECORATIVE FLASK', 'DOLLY GIRL LUNCH BOX', 'LUNCH BAG DOLLY GIRL DESIGN', 'LUNCH BAG PINK POLKADOT', 'LUNCH BAG RED RETROSPOT', 'LUNCH BAG SPACEBOY DESIGN ', 'LUNCH BAG WOODLAND', 'RECYCLED ACAPULCO MAT PINK', 'RECYCLED ACAPULCO MAT TURQUOISE', 'RED RETROSPOT PICNIC BAG', 'ROUND SNACK BOXES SET OF4 WOODLAND ', 'SET 2 PANTRY DESIGN TEA TOWELS', 'SPACEBOY LUNCH BOX ', 'Segment_Consumer', 'Region_Northeast']"
550821,"['BAKING MOULD EASTER EGG MILK CHOC', 'BAKING MOULD EASTER EGG WHITE CHOC', 'GLASS  BEURRE DISH', 'GREEN GIANT GARDEN THERMOMETER', 'IVORY GIANT GARDEN THERMOMETER', 'JAM JAR WITH GREEN LID', 'JAM JAR WITH PINK LID', 'JAM MAKING SET WITH JARS', 'PACK OF 20 NAPKINS PANTRY DESIGN', 'PANTRY ROLLING PIN', 'PAPER BUNTING RETROSPOT', 'ROUND CAKE TIN VINTAGE GREEN', 'ROUND CAKE TIN VINTAGE RED', 'ROUND SNACK BOXES SET OF 4 FRUITS ', 'SET 2 PANTRY DESIGN TEA TOWELS', 'SET OF 20 KIDS COOKIE CUTTERS', 'SET OF 3 HEART COOKIE CUTTERS', 'SET OF 36 PAISLEY FLOWER DOILIES', 'SET OF 36 TEATIME PAPER DOILIES', 'SET OF 4 NAPKIN CHARMS CUTLERY', 'SET OF 6 SPICE TINS PANTRY DESIGN', 'SET OF 72 PINK HEART PAPER DOILIES', 'WATERING CAN PINK BUNNY', 'Segment_Consumer', 'Region_Northeast']"
550827,"[' SET 2 TEA TOWELS I LOVE LONDON ', 'CIRCUS PARADE LUNCH BOX ', 'COFFEE MUG APPLES DESIGN', 'FELT TOADSTOOL  SMALL', 'FELT TOADSTOOL LARGE', 'LUNCH BAG APPLE DESIGN', 'LUNCH BAG RED RETROSPOT', 'LUNCH BAG SPACEBOY DESIGN ', 'LUNCH BOX I LOVE LONDON', 'LUNCH BOX WITH CUTLERY RETROSPOT ', 'PLASTERS IN TIN CIRCUS PARADE ', 'PLASTERS IN TIN SPACEBOY', 'POLKADOT PEN', 'RED RETROSPOT CHILDRENS UMBRELLA', 'RED RETROSPOT MINI CASES', 'RED RETROSPOT PICNIC BAG', 'RED RETROSPOT UMBRELLA', 'SET OF 2 TEA TOWELS APPLE AND PEARS', 'SET2 RED RETROSPOT TEA TOWELS ', 'SPACEBOY LUNCH BOX ', 'STRAWBERRY LUNCH BOX WITH CUTLERY', 'Segment_Corporate', 'Region_Southeast']"
551163,"['ASSORTED COLOUR BIRD ORNAMENT', 'CAST IRON HOOK GARDEN TROWEL', 'CHILDRENS DOLLY GIRL MUG', 'CHILDRENS SPACEBOY MUG', 'CIRCUS PARADE CHILDRENS EGG CUP ', 'DOLLY GIRL CHILDRENS EGG CUP', 'ELEPHANT, BIRTHDAY CARD, ', 'FRIDGE MAGNETS LA VIE EN ROSE', 'HANGING SPRING FLOWER EGG SMALL', 'IVORY HANGING DECORATION  HEART', 'KINGS CHOICE TEA CADDY ', 'LARGE RED RETROSPOT WINDMILL', 'MAGNETS PACK OF 4 VINTAGE LABELS ', 'PAPER CHAIN KIT RETROSPOT', 'PARTY BUNTING', 'PICNIC BASKET WICKER LARGE', 'PSYCHEDELIC TILE HOOK', 'RED RETROSPOT SUGAR JAM BOWL', 'SMALL SILVER TRELLIS CANDLEPOT', 'SPACEBOY CHILDRENS EGG CUP', 'TRAVEL CARD WALLET VINTAGE ROSE ', 'TRAVEL CARD WALLET VINTAGE TICKET', 'WAKE UP COCKEREL TILE HOOK', 'WATERING CAN BLUE ELEPHANT', 'WHITE HANGING HEART TLIGHT HOLDER', 'WHITE LOVEBIRD LANTERN', 'Segment_Consumer', 'Region_Southeast']"
551333,"['BIRDS MOBILE VINTAGE DESIGN', 'Segment_Corporate', 'Region_Northeast']"
551389,"['GROW A FLYTRAP OR SUNFLOWER IN TIN', 'PACK OF 72 RETROSPOT CAKE CASES', 'PAPER BUNTING RETROSPOT', 'PINK LOVE HEART SHAPE CUP', 'RED LOVE HEART SHAPE CUP', 'REGENCY CAKESTAND 3 TIER', 'SET6 RED SPOTTY PAPER CUPS', 'Segment_Consumer', 'Region_Southeast']"
551539,"['BIG DOUGHNUT FRIDGE MAGNETS', 'CHARLOTTE BAG APPLES DESIGN', 'CHARLOTTE BAG DOLLY GIRL DESIGN', 'CHILDRENS CUTLERY CIRCUS PARADE', 'CHILDRENS CUTLERY DOLLY GIRL ', 'CHILDRENS CUTLERY POLKADOT PINK', 'CHILDRENS CUTLERY SPACEBOY ', 'CHILDRENS DOLLY GIRL MUG', 'CHILDRENS SPACEBOY MUG', 'COFFEE MUG APPLES DESIGN', 'DOUGHNUT LIP GLOSS ', 'ICE CREAM PEN LIP GLOSS ', 'ICE CREAM SUNDAE LIP GLOSS', 'KNICKERBOCKERGLORY MAGNET ASSORTED ', 'RED RETROSPOT CHARLOTTE BAG', 'SET OF 5 LUCKY CAT MAGNETS ', 'SNOWSTORM PHOTO FRAME FRIDGE MAGNET', 'STRAWBERRY CHARLOTTE BAG', 'STRAWBERRY LUNCH BOX WITH CUTLERY', 'WOODLAND CHARLOTTE BAG', 'Segment_Corporate', 'Region_Southeast']"
551544,"['BLACK KITCHEN SCALES', 'BLUE PARTY BAGS ', 'HOMEMADE JAM SCENTED CANDLES', 'ICE CREAM SUNDAE LIP GLOSS', 'JAM MAKING SET WITH JARS', 'JUNGLE POPSICLES ICE LOLLY MOULDS', 'LUNCH BAG APPLE DESIGN', 'LUNCH BAG DOLLY GIRL DESIGN', 'LUNCH BOX WITH CUTLERY RETROSPOT ', 'PANTRY ROLLING PIN', 'PAPER BUNTING RETROSPOT', 'PINK PARTY BAGS', 'ROUND SNACK BOXES SET OF 4 FRUITS ', 'SET OF 4 PANTRY JELLY MOULDS', 'SET OF 5 MINI GROCERY MAGNETS', 'SET OF 5 PANCAKE DAY MAGNETS', 'SET20 RED RETROSPOT PAPER NAPKINS ', 'SET6 POSIES PAPER PLATES', 'SET6 RED SPOTTY PAPER CUPS', 'SET6 RED SPOTTY PAPER PLATES', 'Segment_Corporate', 'Region_Southeast']"
551545,"['CHILDRENS CUTLERY POLKADOT BLUE', 'Segment_Consumer', 'Region_Northeast']"
551649,"['SMALL RED RETROSPOT WINDMILL', 'SMALL SKULL WINDMILL', 'WOODEN HAPPY BIRTHDAY GARLAND', 'Segment_Consumer', 'Region_Southeast']"
551652,"['PACK OF 72 RETROSPOT CAKE CASES', 'PACK OF 72 SKULL CAKE CASES', 'PAPER BUNTING RETROSPOT', 'PAPER CHAIN KIT RETROSPOT', 'Segment_Consumer', 'Region_Northeast']"
551887,"['DOLLY GIRL LUNCH BOX', 'ICE CREAM DESIGN GARDEN PARASOL', 'LUNCH BAG DOLLY GIRL DESIGN', 'LUNCH BAG SPACEBOY DESIGN ', 'LUNCH BAG WOODLAND', 'LUNCH BOX I LOVE LONDON', 'RED TOADSTOOL LED NIGHT LIGHT', 'SPACEBOY LUNCH BOX ', 'TOY TIDY DOLLY GIRL DESIGN', 'TOY TIDY SPACEBOY  ', 'Segment_Corporate', 'Region_Northeast']"
552315,"['10 COLOUR SPACEBOY PEN', '60 CAKE CASES DOLLY GIRL DESIGN', '72 SWEETHEART FAIRY CAKE CASES', 'ABC TREASURE BOOK BOX ', 'ASSORTED COLOUR BIRD ORNAMENT', 'BIG DOUGHNUT FRIDGE MAGNETS', 'CARD DOLLY GIRL ', 'CARD GINGHAM ROSE ', 'CERAMIC STRAWBERRY CAKE MONEY BANK', 'CHARLOTTE BAG APPLES DESIGN', 'CHARLOTTE BAG DOLLY GIRL DESIGN', 'CHILDRENS CUTLERY DOLLY GIRL ', 'CHILDRENS CUTLERY POLKADOT PINK', 'CHILDRENS CUTLERY SPACEBOY ', 'CHOCOLATE BOX RIBBONS ', 'CIRCUS PARADE CHILDRENS EGG CUP ', 'DOLLY GIRL LUNCH BOX', 'DOUGHNUT LIP GLOSS ', 'GROW A FLYTRAP OR SUNFLOWER IN TIN', 'GYMKHANA TREASURE BOOK BOX', 'ICE CREAM PEN LIP GLOSS ', 'ICE CREAM SUNDAE LIP GLOSS', 'JUMBO  BAG BAROQUE BLACK WHITE', 'JUMBO BAG APPLES', 'LARGE DECO JEWELLERY STAND', 'LUNCH BAG APPLE DESIGN', 'LUNCH BAG DOLLY GIRL DESIGN', 'LUNCH BAG VINTAGE LEAF DESIGN', 'LUNCH BAG WOODLAND', 'PACK OF 60 MUSHROOM CAKE CASES', 'PACK OF 60 SPACEBOY CAKE CASES', 'PACK OF 72 RETROSPOT CAKE CASES', 'PAPERWEIGHT CHILDHOOD MEMORIES', 'PAPERWEIGHT VINTAGE COLLAGE', 'PENNY FARTHING BIRTHDAY CARD', 'PIGGY BANK RETROSPOT ', 'PINK LOVE BIRD CANDLE', 'PLASTERS IN TIN CIRCUS PARADE ', 'PLASTERS IN TIN SPACEBOY', 'PLASTERS IN TIN STRONGMAN', 'PLASTERS IN TIN WOODLAND ANIMALS', 'QUEENS GUARD COFFEE MUG', 'RAINY LADIES BIRTHDAY CARD', 'REGENCY CAKESTAND 3 TIER', 'RING OF ROSES BIRTHDAY CARD', 'ROBOT BIRTHDAY CARD', 'ROMANTIC PINKS RIBBONS ', 'ROSES REGENCY TEACUP AND SAUCER ', 'SET OF 6 STRAWBERRY CHOPSTICKS', 'SET4 BADGES BALLOON GIRL', 'SKULLS  WATER TRANSFER TATTOOS ', 'SLEEPING CAT ERASERS', 'SMALL DECO JEWELLERY STAND', 'SPACEBOY BIRTHDAY CARD', 'SPACEBOY CHILDRENS EGG CUP', 'SPACEBOY LUNCH BOX ', 'STRAWBERRY LUNCH BOX WITH CUTLERY', 'TEA PARTY BIRTHDAY CARD', 'TEATIME ROUND PENCIL SHARPENER ', 'URBAN BLACK RIBBONS ', 'VINTAGE KID DOLLY CARD ', 'Segment_Corporate', 'Region_Northeast']"
552325,"['CHARLOTTE BAG APPLES DESIGN', 'COFFEE MUG APPLES DESIGN', 'COFFEE MUG PEARS  DESIGN', 'JUMBO BAG APPLES', 'JUMBO BAG PINK POLKADOT', 'JUMBO BAG RED RETROSPOT', 'JUMBO BAG WOODLAND ANIMALS', 'LUNCH BAG APPLE DESIGN', 'LUNCH BAG RED RETROSPOT', 'PAPER BUNTING RETROSPOT', 'PINK  POLKADOT CUP', 'RECYCLING BAG RETROSPOT ', 'RED RETROSPOT CHARLOTTE BAG', 'RED RETROSPOT CUP', 'SET OF 2 TEA TOWELS APPLE AND PEARS', 'STRAWBERRY LUNCH BOX WITH CUTLERY', 'Segment_Corporate', 'Region_Northeast']"
552335,"['BLACK KITCHEN SCALES', 'Segment_Consumer', 'Region_Northeast']"
552464,"['4 TRADITIONAL SPINNING TOPS', 'DINOSAUR KEYRINGS ASSORTED', 'MAGIC DRAWING SLATE CIRCUS PARADE  ', 'MINI JIGSAW LEAP FROG', 'SET OF 9 BLACK SKULL BALLOONS', 'SET OF 9 HEART SHAPED BALLOONS', 'SET10 PINK POLKADOT PARTY CANDLES', 'SET6 RED SPOTTY PAPER CUPS', 'SET6 RED SPOTTY PAPER PLATES', 'Segment_Corporate', 'Region_Northeast']"
552631,"['10 COLOUR SPACEBOY PEN', '12 PENCILS SMALL TUBE RED RETROSPOT', '12 PENCILS SMALL TUBE SKULL', '12 PENCILS TALL TUBE RED RETROSPOT', '4 TRADITIONAL SPINNING TOPS', 'ALARM CLOCK BAKELIKE PINK', 'BUTTERFLIES STICKERS', 'CHILDRENS CUTLERY SPACEBOY ', 'FELTCRAFT DOLL MOLLY', 'MAGIC DRAWING SLATE SPACEBOY ', 'MINI JIGSAW CIRCUS PARADE ', 'MINI PAINT SET VINTAGE ', 'PACK OF 12 COLOURED PENCILS', 'PACK OF 12 TRADITIONAL CRAYONS', 'PAINT YOUR OWN CANVAS SET', 'PAISLEY PATTERN  STICKERS', 'PARTY INVITES FOOTBALL', 'PARTY INVITES WOODLAND', 'PLASTERS IN TIN CIRCUS PARADE ', 'PLASTERS IN TIN VINTAGE PAISLEY ', 'RED  HARMONICA IN BOX ', 'REVOLVER WOODEN RULER ', 'SET 12 KIDS  WHITE CHALK STICKS', 'SET 12 KIDS COLOUR  CHALK STICKS', 'SKULL LUNCH BOX WITH CUTLERY ', 'SPACEBOY LUNCH BOX ', 'STARS GIFT TAPE ', 'STRAWBERRY LUNCH BOX WITH CUTLERY', 'TRADITIONAL MODELLING CLAY', 'Segment_Consumer', 'Region_Southeast']"
552826,"['12 PENCILS TALL TUBE RED RETROSPOT', '3 TIER CAKE TIN RED AND CREAM', 'AREA PATROLLED METAL SIGN', 'BEWARE OF THE CAT METAL SIGN ', 'BISCUIT TIN VINTAGE RED', 'BLACK KITCHEN SCALES', 'BLUE COAT RACK PARIS FASHION', 'BLUE DRAWER KNOB ACRYLIC EDWARDIAN', 'BLUE POLKADOT COFFEE MUG', 'BLUE STRIPE CERAMIC DRAWER KNOB', 'BREAD BIN DINER STYLE IVORY', 'CERAMIC BOWL WITH STRAWBERRY DESIGN', 'CHERRY CROCHET FOOD COVER', 'CHILDRENS CUTLERY DOLLY GIRL ', 'CHOCOLATE THIS WAY METAL SIGN', 'CLEAR DRAWER KNOB ACRYLIC EDWARDIAN', 'COFFEE MUG CAT  BIRD DESIGN', 'COFFEE MUG DOG  BALL DESIGN', 'COFFEE MUG PEARS  DESIGN', 'COFFEE MUG PINK PAISLEY DESIGN', 'COOK WITH WINE METAL SIGN ', 'DO NOT TOUCH MY STUFF DOOR HANGER ', 'DOOR HANGER  MUM  DADS ROOM', 'ENAMEL COLANDER CREAM', 'ENCHANTED BIRD COATHANGER 5 HOOK', 'FRIDGE MAGNETS LA VIE EN ROSE', 'FRIDGE MAGNETS LES ENFANTS ASSORTED', 'FRIDGE MAGNETS US DINER ASSORTED', 'HOT BATHS METAL SIGN', 'IM ON HOLIDAY METAL SIGN', 'JUMBO BAG APPLES', 'JUMBO BAG RED RETROSPOT', 'KEEP OUT BOYS DOOR HANGER ', 'LADIES AND GENTLEMEN METAL SIGN', 'LARGE DECO JEWELLERY STAND', 'LED TEA LIGHTS', 'LONDON BUS COFFEE MUG', 'MARIE ANTOINETTE TRINKET BOX GOLD', 'MARIE ANTOINETTE TRINKET BOX SILVER', 'MEMO BOARD COTTAGE DESIGN', 'MEMO BOARD RETROSPOT  DESIGN', 'NO SINGING METAL SIGN', 'PARISIENNE JEWELLERY DRAWER ', 'PARISIENNE SEWING BOX', 'PARLOUR CERAMIC WALL HOOK', 'PLEASE ONE PERSON METAL SIGN', 'RED COAT RACK PARIS FASHION', 'RED FLOWER CROCHET FOOD COVER', 'RED POLKADOT BEAKER ', 'RED RETROSPOT BIG BOWL', 'RED RETROSPOT BUTTER DISH', 'RED RETROSPOT MUG', 'RED SPOT CERAMIC DRAWER KNOB', 'RED STRIPE CERAMIC DRAWER KNOB', 'RETROSPOT SMALL TUBE MATCHES', 'ROUND CAKE TIN VINTAGE RED', 'SET5 RED RETROSPOT LID GLASS BOWLS', 'SINGLE ANTIQUE ROSE HOOK IVORY', 'SMALL DECO JEWELLERY STAND', 'TOADSTOOL BEDSIDE LIGHT ', 'TOADSTOOL MONEY BOX', 'TOXIC AREA  DOOR HANGER ', 'TRIPLE HOOK ANTIQUE IVORY ROSE', 'TV DINNER TRAY AIR HOSTESS ', 'VICTORIAN GLASS HANGING TLIGHT', 'VINTAGE UNION JACK MEMOBOARD', 'WHITE SPOT BLUE CERAMIC DRAWER KNOB', 'WHITE SPOT RED CERAMIC DRAWER KNOB', 'WOODEN SKITTLES GARDEN SET', 'YELLOW COAT RACK PARIS FASHION', 'ZINC HERB GARDEN CONTAINER', 'Segment_Consumer', 'Region_Southeast']"
552851,"['ASSORTED COLOUR BIRD ORNAMENT', 'CERAMIC STRAWBERRY MONEY BOX', 'CHILDRENS APRON DOLLY GIRL ', 'CIRCUS PARADE BABY GIFT SET', 'DOLLY GIRL LUNCH BOX', 'LUNCH BAG  BLACK SKULL.', 'LUNCH BAG DOLLY GIRL DESIGN', 'LUNCH BAG RED RETROSPOT', 'MINI FUNKY DESIGN TAPES', 'MINI JIGSAW DOLLY GIRL', 'MINI LADLE LOVE HEART RED ', 'PLASTERS IN TIN WOODLAND ANIMALS', 'RABBIT NIGHT LIGHT', 'RED RETROSPOT BUTTER DISH', 'RED RETROSPOT CAKE STAND', 'RED RETROSPOT SMALL MILK JUG', 'REGENCY TEA PLATE ROSES ', 'RETROSPOT CHILDRENS APRON', 'RETROSPOT LARGE MILK JUG', 'RETROSPOT TEA SET CERAMIC 11 PC ', 'SET OF SALT AND PEPPER TOADSTOOLS', 'SKULL LUNCH BOX WITH CUTLERY ', 'SPACEBOY LUNCH BOX ', 'Segment_Corporate', 'Region_Southeast']"
552946,"['CARD CAT AND TREE ', 'CARD DOLLY GIRL ', 'CHILDRENS APRON APPLES DESIGN', 'CHILDRENS APRON DOLLY GIRL ', 'CHILDRENS APRON SPACEBOY DESIGN', 'CHILDS BREAKFAST SET CIRCUS PARADE', 'LUNCH BAG DOILEY PATTERN ', 'RETROSPOT CHILDRENS APRON', 'SET OF 9 BLACK SKULL BALLOONS', 'SPOTTY BUNTING', 'TABLECLOTH RED APPLES DESIGN ', 'Segment_Corporate', 'Region_Southeast']"
553044,"['COFFEE MUG APPLES DESIGN', 'EDWARDIAN PARASOL RED', 'JAM MAKING SET PRINTED', 'JUMBO BAG APPLES', 'JUMBO BAG PINK POLKADOT', 'JUMBO BAG WOODLAND ANIMALS', 'LUNCH BAG APPLE DESIGN', 'LUNCH BOX WITH CUTLERY RETROSPOT ', 'PARISIENNE CURIO CABINET', 'PINK  POLKADOT PLATE ', 'PINK DOUGHNUT TRINKET POT ', 'PINK POLKADOT GARDEN PARASOL', 'PLASTERS IN TIN CIRCUS PARADE ', 'PLASTERS IN TIN SPACEBOY', 'PLASTERS IN TIN WOODLAND ANIMALS', 'RABBIT NIGHT LIGHT', 'ROUND SNACK BOXES SET OF 4 FRUITS ', 'ROUND SNACK BOXES SET OF4 WOODLAND ', 'SET OF 2 TEA TOWELS APPLE AND PEARS', 'SET6 RED SPOTTY PAPER CUPS', 'SMALL RED RETROSPOT WINDMILL', 'SPOTTY BUNTING', 'WATERING CAN PINK BUNNY', 'Segment_Corporate', 'Region_Northeast']"
553143,"['BLUE HAPPY BIRTHDAY BUNTING', 'DOORMAT KEEP CALM AND COME IN', 'DOORMAT UNION FLAG', 'DOORMAT UNION JACK GUNS AND ROSES', 'GINGHAM HEART DECORATION', 'POTTING SHED SEED ENVELOPES', 'Segment_Consumer', 'Region_Northeast']"
553161,"['ASSORTED FLOWER COLOUR LEIS', 'BOX OF 24 COCKTAIL PARASOLS', 'CALENDAR PAPER CUT DESIGN', 'CHARLOTTE BAG APPLES DESIGN', 'CIRCUS PARADE CHILDRENS EGG CUP ', 'COFFEE MUG APPLES DESIGN', 'DOORMAT RESPECTABLE HOUSE', 'EIGHT PIECE SNAKE  SET', 'LARGE DECO JEWELLERY STAND', 'METAL SIGN TAKE IT OR LEAVE IT ', 'PACK OF 12 CIRCUS PARADE TISSUES ', 'PACK OF 12 RED RETROSPOT TISSUES ', 'PACK OF 20 NAPKINS RED APPLES', 'PACK OF 72 RETROSPOT CAKE CASES', 'RED RETROSPOT CHARLOTTE BAG', 'REGENCY CAKESTAND 3 TIER', 'SEASIDE FLYING DISC', 'SET OF 2 TEA TOWELS APPLE AND PEARS', 'SMALL DECO JEWELLERY STAND', 'TABLECLOTH RED APPLES DESIGN ', 'ZINC TLIGHT HOLDER STAR LARGE', 'ZINC TLIGHT HOLDER STARS SMALL', 'Segment_Corporate', 'Region_Northeast']"
553195,"['PACK OF 20 NAPKINS RED APPLES', 'PACK OF 20 SKULL PAPER NAPKINS', 'PACK OF 6 SKULL PAPER PLATES', 'SET OF 9 BLACK SKULL BALLOONS', 'SET OF 9 HEART SHAPED BALLOONS', 'SET10 RED POLKADOT PARTY CANDLES', 'SET6 RED SPOTTY PAPER CUPS', 'SET6 RED SPOTTY PAPER PLATES', 'SMALL RED RETROSPOT WINDMILL', 'Segment_Corporate', 'Region_Northeast']"
553208,"[' SPACEBOY BABY GIFT SET', '10 COLOUR SPACEBOY PEN', 'BALLOON ART MAKE YOUR OWN FLOWERS', 'CARD CIRCUS PARADE', 'CARD DOLLY GIRL ', 'CIRCUS PARADE BABY GIFT SET', 'DOLLY GIRL BABY GIFT SET', 'GROW A FLYTRAP OR SUNFLOWER IN TIN', 'ICE CREAM SUNDAE LIP GLOSS', 'MINI PAINT SET VINTAGE ', 'PACK 3 BOXES BIRD PANNETONE ', 'RABBIT NIGHT LIGHT', 'ROUND SNACK BOXES SET OF4 WOODLAND ', 'SET OF 10 LED DOLLY LIGHTS', 'SET OF 5 LUCKY CAT MAGNETS ', 'SPACEBOY BIRTHDAY CARD', 'Segment_Consumer', 'Region_Southeast']"
553316,"['CLOTHES PEGS RETROSPOT PACK 24 ', 'PACK OF 20 NAPKINS RED APPLES', 'RABBIT NIGHT LIGHT', 'REGENCY TEA PLATE GREEN ', 'REGENCY TEA PLATE PINK', 'TABLECLOTH RED APPLES DESIGN ', 'Segment_Consumer', 'Region_Northeast']"
553411,"['12 COLOURED PARTY BALLOONS', 'ASSORTED COLOUR BIRD ORNAMENT', 'ASSORTED FLOWER COLOUR LEIS', 'BANQUET BIRTHDAY  CARD  ', 'BUNDLE OF 3 ALPHABET EXERCISE BOOKS', 'BUNDLE OF 3 RETRO NOTE BOOKS', 'BUNDLE OF 3 SCHOOL EXERCISE BOOKS  ', 'CALENDAR PAPER CUT DESIGN', 'CARD CIRCUS PARADE', 'CARD GINGHAM ROSE ', 'CARD PSYCHEDELIC APPLES', 'CARD WEDDING DAY', 'GIN AND TONIC DIET GREETING CARD ', 'GREETING CARD, OVERCROWDED POOL.', 'JUMBO BAG DOILEY PATTERNS', 'LUNCH BAG  BLACK SKULL.', 'LUNCH BAG ALPHABET DESIGN', 'LUNCH BAG APPLE DESIGN', 'LUNCH BAG DOILEY PATTERN ', 'LUNCH BAG DOLLY GIRL DESIGN', 'LUNCH BAG SPACEBOY DESIGN ', 'LUNCH BAG SUKI DESIGN ', 'LUNCH BAG VINTAGE LEAF DESIGN', 'PANTRY ROLLING PIN', 'PICNIC BOXES SET OF 3 RETROSPOT ', 'PICTURE DOMINOES', 'PINK  POLKADOT PLATE ', 'PLASTERS IN TIN CIRCUS PARADE ', 'PLASTERS IN TIN SKULLS', 'RABBIT NIGHT LIGHT', 'RECYCLED ACAPULCO MAT GREEN', 'RECYCLED ACAPULCO MAT LAVENDER', 'RECYCLED ACAPULCO MAT PINK', 'RECYCLED ACAPULCO MAT RED', 'RECYCLED ACAPULCO MAT TURQUOISE', 'RED RETROSPOT BUTTER DISH', 'RED RETROSPOT SUGAR JAM BOWL', 'REGENCY CAKESTAND 3 TIER', 'REGENCY SUGAR TONGS', 'RETROSPOT LARGE MILK JUG', 'SET OF 9 BLACK SKULL BALLOONS', 'SNOWSTORM PHOTO FRAME FRIDGE MAGNET', 'TRADITIONAL WOODEN SKIPPING ROPE', 'VINTAGE CARAVAN GREETING CARD ', 'Segment_Consumer', 'Region_Southeast']"
553566,"['LUNCH BAG APPLE DESIGN', 'LUNCH BAG DOILEY PATTERN ', 'PARISIENNE CURIO CABINET', 'PARISIENNE JEWELLERY DRAWER ', 'PARISIENNE KEY CABINET ', 'PARISIENNE SEWING BOX', 'RABBIT NIGHT LIGHT', 'RED RETROSPOT PICNIC BAG', 'RED TOADSTOOL LED NIGHT LIGHT', 'REGENCY SUGAR BOWL GREEN', 'REGENCY TEA PLATE ROSES ', 'REGENCY TEAPOT ROSES ', 'ROSES REGENCY TEACUP AND SAUCER ', 'SET OF 10 LED DOLLY LIGHTS', 'WOODLAND DESIGN  COTTON TOTE BAG', 'Segment_Consumer', 'Region_Southeast']"
553577,"['CAKE STAND WHITE TWO TIER LACE', 'PACK OF 6 HANDBAG GIFT BOXES', 'PACK OF 6 PANNETONE GIFT BOXES', 'PACK OF 6 SWEETIE GIFT BOXES', 'PACK OF 72 RETROSPOT CAKE CASES', 'PARTY BUNTING', 'RED RETROSPOT CAKE STAND', 'SET OF 9 HEART SHAPED BALLOONS', 'SET10 PINK POLKADOT PARTY CANDLES', 'Segment_Consumer', 'Region_Northeast']"
553666,"['STRAWBERRY CERAMIC TRINKET BOX', 'Segment_Corporate', 'Region_Southeast']"
553838,"['36 PENCILS TUBE RED RETROSPOT', '36 PENCILS TUBE SKULLS', '36 PENCILS TUBE WOODLAND', 'BAKING SET 9 PIECE RETROSPOT ', 'BAKING SET SPACEBOY DESIGN', 'BUNDLE OF 3 RETRO NOTE BOOKS', 'CHILDRENS CUTLERY CIRCUS PARADE', 'CHILDRENS CUTLERY DOLLY GIRL ', 'CHILDRENS CUTLERY SPACEBOY ', 'CHILDS BREAKFAST SET DOLLY GIRL ', 'CHILDS BREAKFAST SET SPACEBOY ', 'CHRYSANTHEMUM NOTEBOOK', 'ENAMEL PINK COFFEE CONTAINER', 'ENAMEL PINK TEA CONTAINER', 'HANGING HEART JAR TLIGHT HOLDER', 'KITTY PENCIL ERASERS', 'LUNCH BAG APPLE DESIGN', 'LUNCH BAG RED RETROSPOT', 'LUNCH BAG WOODLAND', 'ORIGAMI SANDLEWOOD INCENSEFLOWER', 'PIGGY BANK RETROSPOT ', 'PLASTERS IN TIN SKULLS', 'PLASTERS IN TIN WOODLAND ANIMALS', 'RED POLKADOT BEAKER ', 'RETROSPOT CANDLE  SMALL', 'SET OF 3 NOTEBOOKS IN PARCEL', 'SINGLE HEART ZINC TLIGHT HOLDER', 'SKULLS  DESIGN  COTTON TOTE BAG', 'SMALL PURPLE BABUSHKA NOTEBOOK ', 'SMALL RED RETROSPOT WINDMILL', 'TUMBLER NEW ENGLAND', 'WOODLAND DESIGN  COTTON TOTE BAG', 'ZINC  STAR TLIGHT HOLDER ', 'Segment_Consumer', 'Region_Southeast']"
553843,"['AIRLINE BAG VINTAGE JET SET RED', 'CHILDRENS CUTLERY DOLLY GIRL ', 'CHILDRENS CUTLERY POLKADOT BLUE', 'CHILDRENS CUTLERY POLKADOT PINK', 'CHILDRENS CUTLERY SPACEBOY ', 'JUMBO BAG RED RETROSPOT', 'JUMBO BAG SPACEBOY DESIGN', 'JUMBO BAG VINTAGE LEAF', 'JUMBO STORAGE BAG SUKI', 'LARGE DECO JEWELLERY STAND', 'LUNCH BAG APPLE DESIGN', 'LUNCH BAG RED RETROSPOT', 'LUNCH BOX WITH CUTLERY RETROSPOT ', 'PAPER BUNTING RETROSPOT', 'POPPYS PLAYHOUSE KITCHEN', 'POPPYS PLAYHOUSE LIVINGROOM ', 'RED RETROSPOT PICNIC BAG', 'SKULL LUNCH BOX WITH CUTLERY ', 'Segment_Consumer', 'Region_Southeast']"
553997,"[' SPACEBOY BABY GIFT SET', 'BLUE POLKADOT GARDEN PARASOL', 'DOLLY GIRL BABY GIFT SET', 'DOLLY GIRL LUNCH BOX', 'LUNCH BAG APPLE DESIGN', 'LUNCH BAG DOLLY GIRL DESIGN', 'LUNCH BAG RED RETROSPOT', 'LUNCH BAG SPACEBOY DESIGN ', 'LUNCH BAG WOODLAND', 'PINK POLKADOT GARDEN PARASOL', 'RED RETROSPOT PICNIC BAG', 'SPACEBOY LUNCH BOX ', 'STRAWBERRY   PICNIC BAG', 'Segment_Corporate', 'Region_Northeast']"
554029,"['COFFEE MUG APPLES DESIGN', 'REGENCY CAKESTAND 3 TIER', 'Segment_Consumer', 'Region_Southeast']"
554097,"['BLUE POLKADOT BOWL', 'BLUE POLKADOT CUP', 'BLUE POLKADOT PLATE ', 'CHARLOTTE BAG APPLES DESIGN', 'CHILDS GARDEN RAKE BLUE', 'CHILDS GARDEN RAKE PINK', 'CHILDS GARDEN SPADE BLUE', 'CHILDS GARDEN SPADE PINK', 'JIGSAW TREE WITH BIRDHOUSE', 'LARGE RED RETROSPOT WINDMILL', 'LUNCH BAG APPLE DESIGN', 'LUNCH BAG SPACEBOY DESIGN ', 'PINK  HEART SHAPE LOVE BUCKET ', 'PINK  POLKADOT CUP', 'PINK  POLKADOT PLATE ', 'PINK POLKADOT BOWL', 'PLASTERS IN TIN CIRCUS PARADE ', 'PLASTERS IN TIN STRONGMAN', 'RECYCLED ACAPULCO MAT GREEN', 'RECYCLED ACAPULCO MAT LAVENDER', 'RECYCLED ACAPULCO MAT PINK', 'RECYCLED ACAPULCO MAT TURQUOISE', 'RED HEART SHAPE LOVE BUCKET ', 'RED RETROSPOT BOWL', 'RED RETROSPOT CUP', 'RED RETROSPOT PICNIC BAG', 'RED RETROSPOT PLATE ', 'SPOTTY BUNTING', 'TABLECLOTH RED APPLES DESIGN ', 'UNION STRIPE WITH FRINGE  HAMMOCK', 'WATERING CAN BLUE ELEPHANT', 'WATERING CAN PINK BUNNY', 'WOODEN CROQUET GARDEN SET', 'WOODEN SKITTLES GARDEN SET', 'Segment_Corporate', 'Region_Northeast']"
554109,"['RABBIT NIGHT LIGHT', 'RECYCLED ACAPULCO MAT LAVENDER', 'RECYCLED ACAPULCO MAT RED', 'RECYCLED ACAPULCO MAT TURQUOISE', 'REGENCY CAKESTAND 3 TIER', 'SET2 RED RETROSPOT TEA TOWELS ', 'STRAWBERRY LUNCH BOX WITH CUTLERY', 'TEA PARTY BIRTHDAY CARD', 'WATERING CAN PINK BUNNY', 'Segment_Consumer', 'Region_Southeast']"
554134,"['12 PENCILS TALL TUBE RED RETROSPOT', '12 PENCILS TALL TUBE WOODLAND', 'ALARM CLOCK BAKELIKE ORANGE', 'BALLOON PUMP WITH 10 BALLOONS', 'BLUE POLKADOT CUP', 'FOLDING BUTTERFLY MIRROR HOT PINK ', 'FOLDING BUTTERFLY MIRROR RED  ', 'GREEN POLKADOT PLATE ', 'MINI PAINT SET VINTAGE ', 'PACK OF 72 RETROSPOT CAKE CASES', 'PAPER BUNTING RETROSPOT', 'PLASTERS IN TIN CIRCUS PARADE ', 'RED RETROSPOT CHARLOTTE BAG', 'RED RETROSPOT CUP', 'RED RETROSPOT OVEN GLOVE ', 'RED RETROSPOT SHOPPING BAG', 'SET OF 3 BUTTERFLY COOKIE CUTTERS', 'SET10 RED POLKADOT PARTY CANDLES', 'WOODLAND CHARLOTTE BAG', 'Segment_Corporate', 'Region_Southeast']"
554356,"['BUNDLE OF 3 ALPHABET EXERCISE BOOKS', 'BUNDLE OF 3 RETRO NOTE BOOKS', 'BUNDLE OF 3 SCHOOL EXERCISE BOOKS  ', 'COFFEE MUG APPLES DESIGN', 'LONDON BUS COFFEE MUG', 'LUNCH BAG APPLE DESIGN', 'LUNCH BAG RED RETROSPOT', 'LUNCH BOX WITH CUTLERY RETROSPOT ', 'POLKADOT PEN', 'RABBIT NIGHT LIGHT', 'RED RETROSPOT PICNIC BAG', 'ROUND SNACK BOXES SET OF 4 FRUITS ', 'Segment_Corporate', 'Region_Southeast']"
554555,"['CAKE STAND LOVEBIRD 2 TIER PINK', 'MINI JIGSAW SPACEBOY', 'PLASTERS IN TIN WOODLAND ANIMALS', 'REGENCY CAKESTAND 3 TIER', 'SET OF 72 PINK HEART PAPER DOILIES', 'SET OF 9 BLACK SKULL BALLOONS', 'SET6 RED SPOTTY PAPER CUPS', 'SET6 RED SPOTTY PAPER PLATES', 'SWEETHEART CAKESTAND 3 TIER', 'TEA PARTY BIRTHDAY CARD', 'Segment_Corporate', 'Region_Northeast']"
554648,"['CHILDS BREAKFAST SET CIRCUS PARADE', 'DOLLY GIRL LUNCH BOX', 'JUMBO BAG APPLES', 'JUMBO BAG RED RETROSPOT', 'JUMBO BAG SPACEBOY DESIGN', 'JUMBO BAG WOODLAND ANIMALS', 'JUMBO STORAGE BAG SUKI', 'LUNCH BAG APPLE DESIGN', 'LUNCH BAG DOLLY GIRL DESIGN', 'LUNCH BAG WOODLAND', 'MAKE YOUR OWN MONSOON CARD KIT', 'PIGGY BANK RETROSPOT ', 'PLASTERS IN TIN CIRCUS PARADE ', 'PLASTERS IN TIN WOODLAND ANIMALS', 'RABBIT NIGHT LIGHT', 'RED RETROSPOT MINI CASES', 'RED RETROSPOT PICNIC BAG', 'RED RETROSPOT PURSE ', 'RETROSPOT TEA SET CERAMIC 11 PC ', 'SPACEBOY LUNCH BOX ', 'Segment_Consumer', 'Region_Northeast']"
554650,"['ASSORTED COLOUR MINI CASES', 'BUNDLE OF 3 RETRO NOTE BOOKS', 'CHILDRENS CUTLERY RETROSPOT RED ', 'DOLLY GIRL CHILDRENS EGG CUP', 'ENAMEL PINK TEA CONTAINER', 'FOLDING BUTTERFLY MIRROR HOT PINK ', 'ICE CREAM PEN LIP GLOSS ', 'ICE CREAM SUNDAE LIP GLOSS', 'JUMBO BAG APPLES', 'JUMBO BAG PEARS', 'KITTY PENCIL ERASERS', 'LUNCH BAG APPLE DESIGN', 'LUNCH BAG DOILEY PATTERN ', 'LUNCH BAG VINTAGE LEAF DESIGN', 'LUNCH BOX WITH CUTLERY RETROSPOT ', 'PARTY TIME PENCIL ERASERS', 'RABBIT NIGHT LIGHT', 'RED RETROSPOT MINI CASES', 'RED TOADSTOOL LED NIGHT LIGHT', 'RETROSPOT CHILDRENS APRON', 'ROUND CAKE TIN VINTAGE RED', 'SET OF 6 STRAWBERRY CHOPSTICKS', 'SET10 RED POLKADOT PARTY CANDLES', 'SLEEPING CAT ERASERS', 'SMALL HAMMERED SILVER CANDLEPOT ', 'SPACEBOY CHILDRENS EGG CUP', 'STRAWBERRY LUNCH BOX WITH CUTLERY', 'WATERING CAN BLUE ELEPHANT', 'WATERING CAN PINK BUNNY', 'Segment_Corporate', 'Region_Southeast']"
554826,"['BREAD BIN DINER STYLE PINK', 'LUNCH BAG APPLE DESIGN', 'LUNCH BAG CARS BLUE', 'LUNCH BAG DOILEY PATTERN ', 'LUNCH BAG PINK POLKADOT', 'LUNCH BAG RED RETROSPOT', 'LUNCH BAG SUKI DESIGN ', 'NATURAL SLATE CHALKBOARD LARGE ', 'STRAWBERRY   PICNIC BAG', 'VINTAGE CREAM CAT FOOD CONTAINER', 'WATERING CAN BLUE ELEPHANT', 'Segment_Consumer', 'Region_Northeast']"
554840,"['12 PENCILS SMALL TUBE SKULL', 'ALARM CLOCK BAKELIKE PINK', 'FELTCRAFT DOLL MOLLY', 'MINI PAINT SET VINTAGE ', 'PACK OF 12 COLOURED PENCILS', 'PACK OF 12 TRADITIONAL CRAYONS', 'PLASTERS IN TIN CIRCUS PARADE ', 'PLASTERS IN TIN VINTAGE PAISLEY ', 'RED  HARMONICA IN BOX ', 'SET 12 KIDS  WHITE CHALK STICKS', 'SET 12 KIDS COLOUR  CHALK STICKS', 'SET OF 9 BLACK SKULL BALLOONS', 'Segment_Consumer', 'Region_Northeast']"
554940,"['AIRLINE LOUNGE,METAL SIGN', 'CHILDRENS CUTLERY POLKADOT BLUE', 'CHILDRENS CUTLERY POLKADOT PINK', 'CHOCOLATE THIS WAY METAL SIGN', 'COOK WITH WINE METAL SIGN ', 'GIN  TONIC DIET METAL SIGN', 'HOME SWEET HOME METAL SIGN ', 'IM ON HOLIDAY METAL SIGN', 'LUNCH BAG RED RETROSPOT', 'LUNCH BAG SPACEBOY DESIGN ', 'LUNCH BAG SUKI DESIGN ', 'LUNCH BAG WOODLAND', 'METAL SIGN NEIGHBOURHOOD WITCH ', 'METAL SIGN TAKE IT OR LEAVE IT ', 'NO SINGING METAL SIGN', 'OPEN CLOSED METAL SIGN', 'RABBIT NIGHT LIGHT', 'RED RETROSPOT CAKE STAND', 'SET OF 10 LED DOLLY LIGHTS', 'WOODLAND  HEIGHT CHART STICKERS ', 'Segment_Consumer', 'Region_Northeast']"
555096,"['BIG DOUGHNUT FRIDGE MAGNETS', 'COFFEE MUG APPLES DESIGN', 'JUMBO BAG DOILEY PATTERNS', 'JUMBO BAG PEARS', 'JUMBO BAG VINTAGE LEAF', 'KNICKERBOCKERGLORY MAGNET ASSORTED ', 'LUNCH BAG APPLE DESIGN', 'LUNCH BAG DOILEY PATTERN ', 'LUNCH BAG WOODLAND', 'PARISIENNE CURIO CABINET', 'PARTY BUNTING', 'RABBIT NIGHT LIGHT', 'REGENCY MILK JUG PINK ', 'REGENCY SUGAR BOWL GREEN', 'SET 2 PANTRY DESIGN TEA TOWELS', 'SMALL RED RETROSPOT WINDMILL', 'SPOTTY BUNTING', 'Segment_Consumer', 'Region_Southeast']"
555100,"['BREAD BIN DINER STYLE PINK', 'Segment_Corporate', 'Region_Northeast']"
555531,"['3 TRADITIONAl BISCUIT CUTTERS  SET', '36 PENCILS TUBE RED RETROSPOT', '36 PENCILS TUBE SKULLS', '60 TEATIME FAIRY CAKE CASES', 'ALARM CLOCK BAKELIKE PINK', 'BREAD BIN DINER STYLE RED ', 'FAIRY TALE COTTAGE NIGHTLIGHT', 'FOLDING BUTTERFLY MIRROR HOT PINK ', 'GIRAFFE WOODEN RULER', 'JUMBO BAG DOILEY PATTERNS', 'LUNCH BAG DOILEY PATTERN ', 'PACK OF 20 NAPKINS PANTRY DESIGN', 'PACK OF 60 SPACEBOY CAKE CASES', 'REVOLVER WOODEN RULER ', 'SET OF 3 HEART COOKIE CUTTERS', 'SET OF 72 PINK HEART PAPER DOILIES', 'TRADITIONAL MODELLING CLAY', 'Segment_Corporate', 'Region_Southeast']"
555547,"[' SET 2 TEA TOWELS I LOVE LONDON ', 'CHARLOTTE BAG APPLES DESIGN', 'CHILDRENS APRON APPLES DESIGN', 'CIRCUS PARADE CHILDRENS EGG CUP ', 'CLASSIC CAFE SUGAR DISPENSER', 'COFFEE MUG APPLES DESIGN', 'COFFEE MUG CAT  BIRD DESIGN', 'DOORMAT RESPECTABLE HOUSE', 'GUMBALL COAT RACK', 'IVORY DINER WALL CLOCK', 'LONDON BUS COFFEE MUG', 'PARISIENNE KEY CABINET ', 'PARTY BUNTING', 'PLASTERS IN TIN CIRCUS PARADE ', 'PLASTERS IN TIN STRONGMAN', 'PLASTERS IN TIN WOODLAND ANIMALS', 'RAINY LADIES BIRTHDAY CARD', 'RED RETROSPOT CUP', 'RED RETROSPOT MINI CASES', 'RED TOADSTOOL LED NIGHT LIGHT', 'REGENCY CAKESTAND 3 TIER', 'ROBOT BIRTHDAY CARD', 'ROUND SNACK BOXES SET OF 4 FRUITS ', 'ROUND SNACK BOXES SET OF4 WOODLAND ', 'SET OF 2 TEA TOWELS APPLE AND PEARS', 'SET OF 5 PANCAKE DAY MAGNETS', 'SET20 RED RETROSPOT PAPER NAPKINS ', 'SKULLS  WATER TRANSFER TATTOOS ', 'TABLECLOTH RED APPLES DESIGN ', 'TRAVEL SEWING KIT', 'WORLD WAR 2 GLIDERS ASSTD DESIGNS', 'Segment_Consumer', 'Region_Southeast']"
555569,"['4 IVORY DINNER CANDLES SILVER FLOCK', '4 PINK DINNER CANDLE SILVER FLOCK', 'CAKE STAND WHITE TWO TIER LACE', 'CREAM HEART CARD HOLDER', 'IVORY PILLAR CANDLE GOLD FLOCK', 'IVORY PILLAR CANDLE SILVER FLOCK', 'LARGE IVORY HEART WALL ORGANISER', 'PAPER BUNTING RETROSPOT', 'PLACE SETTING WHITE HEART', 'SET 6 PAPER TABLE LANTERN HEARTS ', 'SET OF 36 TEATIME PAPER DOILIES', 'SET OF 72 PINK HEART PAPER DOILIES', 'SET6 COLLAGE PAPER CUPS', 'SET6 COLLAGE PAPER PLATES', 'SWEETHEART RECIPE BOOK STAND', 'WHITE HEART CONFETTI IN TUBE', 'WHITE HEARTS WIRE PLANT POT HOLDER', 'WHITE LOVEBIRD LANTERN', 'Segment_Corporate', 'Region_Southeast']"
555637,"['BAKING SET 9 PIECE RETROSPOT ', 'BLUE PAISLEY JOURNAL ', 'CLOTHES PEGS RETROSPOT PACK 24 ', 'FOLDING UMBRELLA BLACKBLUE POLKADOT', 'FOLDING UMBRELLA CHOCOLATE POLKADOT', 'FOLDING UMBRELLA REDWHITE POLKADOT', 'JAM MAKING SET WITH JARS', 'OWL DOORSTOP', 'PINK FAIRY CAKE CUSHION COVER', 'POLYESTER FILLER PAD 40x40cm', 'RED RETROSPOT PEG BAG', 'RETROSPOT HEART HOT WATER BOTTLE', 'SCOTTIE DOG HOT WATER BOTTLE', 'SET OF 2 TINS JARDIN DE PROVENCE', 'SET20 RED RETROSPOT PAPER NAPKINS ', 'SET20 STRAWBERRY PAPER NAPKINS ', 'SWEETHEART WIRE MAGAZINE RACK', 'VINTAGE UNION JACK CUSHION COVER', 'Segment_Corporate', 'Region_Southeast']"
555933,"['36 PENCILS TUBE RED RETROSPOT', 'ICE CREAM SUNDAE LIP GLOSS', 'LUNCH BAG ALPHABET DESIGN', 'LUNCH BAG APPLE DESIGN', 'LUNCH BAG SPACEBOY DESIGN ', 'LUNCH BAG VINTAGE LEAF DESIGN', 'LUNCH BAG WOODLAND', 'NATURAL SLATE CHALKBOARD LARGE ', 'PICNIC BOXES SET OF 3 RETROSPOT ', 'RECYCLED ACAPULCO MAT RED', 'ROUND SNACK BOXES SET OF 4 FRUITS ', 'SET6 COLLAGE PAPER CUPS', 'SET6 COLLAGE PAPER PLATES', 'WATERING CAN BLUE ELEPHANT', 'WATERING CAN PINK BUNNY', 'WRAP GREEN PEARS ', 'WRAP VINTAGE PETALS  DESIGN', 'Segment_Corporate', 'Region_Southeast']"
555935,"['36 PENCILS TUBE RED RETROSPOT', 'ICE CREAM SUNDAE LIP GLOSS', 'LUNCH BAG ALPHABET DESIGN', 'LUNCH BAG APPLE DESIGN', 'LUNCH BAG SPACEBOY DESIGN ', 'LUNCH BAG VINTAGE LEAF DESIGN', 'LUNCH BAG WOODLAND', 'NATURAL SLATE CHALKBOARD LARGE ', 'PICNIC BOXES SET OF 3 RETROSPOT ', 'RECYCLED ACAPULCO MAT RED', 'ROUND SNACK BOXES SET OF 4 FRUITS ', 'SET6 COLLAGE PAPER CUPS', 'SET6 COLLAGE PAPER PLATES', 'WATERING CAN BLUE ELEPHANT', 'WATERING CAN PINK BUNNY', 'WRAP GREEN PEARS ', 'WRAP VINTAGE PETALS  DESIGN', 'Segment_Consumer', 'Region_Northeast']"
555936,"['36 PENCILS TUBE RED RETROSPOT', 'ICE CREAM SUNDAE LIP GLOSS', 'LUNCH BAG ALPHABET DESIGN', 'LUNCH BAG APPLE DESIGN', 'LUNCH BAG SPACEBOY DESIGN ', 'LUNCH BAG VINTAGE LEAF DESIGN', 'LUNCH BAG WOODLAND', 'NATURAL SLATE CHALKBOARD LARGE ', 'PICNIC BOXES SET OF 3 RETROSPOT ', 'RECYCLED ACAPULCO MAT RED', 'ROUND SNACK BOXES SET OF 4 FRUITS ', 'SET6 COLLAGE PAPER CUPS', 'SET6 COLLAGE PAPER PLATES', 'WATERING CAN BLUE ELEPHANT', 'WATERING CAN PINK BUNNY', 'WRAP GREEN PEARS ', 'WRAP VINTAGE PETALS  DESIGN', 'Segment_Consumer', 'Region_Northeast']"
555937,"['APPLE BATH SPONGE', 'CAKES AND RABBITS DESIGN FLANNEL ', 'ELEPHANT, BIRTHDAY CARD, ', 'IVORY KITCHEN SCALES', 'JUNGLE POPSICLES ICE LOLLY MOULDS', 'LUNCH BAG DOILEY PATTERN ', 'LUNCH BAG PINK POLKADOT', 'LUNCH BAG WOODLAND', 'LUNCH BOX WITH CUTLERY RETROSPOT ', 'MAKE YOUR OWN PLAYTIME CARD KIT', 'MINT KITCHEN SCALES', 'PACK OF 20 NAPKINS PANTRY DESIGN', 'PACK OF 6 SKULL PAPER CUPS', 'PACK OF 6 SKULL PAPER PLATES', 'PARTY TIME DESIGN FLANNEL', 'PINK BLUE FELT CRAFT TRINKET BOX', 'PINK CREAM FELT CRAFT TRINKET BOX ', 'ROUND SNACK BOXES SET OF 4 FRUITS ', 'SET 6 FOOTBALL CELEBRATION CANDLES', 'SET OF 36 DOILIES PANTRY DESIGN', 'SET OF 5 MINI GROCERY MAGNETS', 'SET OF 5 PANCAKE DAY MAGNETS', 'SET OF 60 PANTRY DESIGN CAKE CASES ', 'SET OF 60 VINTAGE LEAF CAKE CASES ', 'SET10 BLUE POLKADOT PARTY CANDLES', 'SET10 IVORY POLKADOT PARTY CANDLES', 'SET10 PINK POLKADOT PARTY CANDLES', 'SET10 RED POLKADOT PARTY CANDLES', 'STRAWBERRY LUNCH BOX WITH CUTLERY', 'Segment_Corporate', 'Region_Southeast']"
555941,"['4 TRADITIONAL SPINNING TOPS', 'BALLOON PUMP WITH 10 BALLOONS', 'DINOSAUR KEYRINGS ASSORTED', 'MAGIC DRAWING SLATE CIRCUS PARADE  ', 'MINI JIGSAW CIRCUS PARADE ', 'MINI JIGSAW DOLLY GIRL', 'MINI PAINT SET VINTAGE ', 'PACK OF 20 SKULL PAPER NAPKINS', 'PACK OF 6 SKULL PAPER CUPS', 'PACK OF 6 SKULL PAPER PLATES', 'RETROSPOT PARTY BAG  STICKER SET', 'SET OF 9 HEART SHAPED BALLOONS', 'SET20 RED RETROSPOT PAPER NAPKINS ', 'SET6 RED SPOTTY PAPER CUPS', 'SET6 RED SPOTTY PAPER PLATES', 'SKULL AND CROSSBONES  GARLAND ', 'Segment_Corporate', 'Region_Southeast']"
556258,"['4 TRADITIONAL SPINNING TOPS', 'BINGO SET', 'CAKE STAND 3 TIER MAGIC GARDEN', 'CAKE STAND WHITE TWO TIER LACE', 'DANISH ROSE TRINKET TRAYS', 'MINI JIGSAW CIRCUS PARADE ', 'MINI JIGSAW SPACEBOY', 'MINI PAINT SET VINTAGE ', 'PACK OF 20 NAPKINS RED APPLES', 'REVOLVER WOODEN RULER ', 'SET OF 20 KIDS COOKIE CUTTERS', 'SET OF 60 I LOVE LONDON CAKE CASES ', 'SET OF 60 PANTRY DESIGN CAKE CASES ', 'SET OF 60 VINTAGE LEAF CAKE CASES ', 'SET10 BLUE POLKADOT PARTY CANDLES', 'SET6 FRUIT SALAD  PAPER PLATES', 'SET6 FRUIT SALAD PAPER CUPS', 'SKULL AND CROSSBONES  GARLAND ', 'TRADITIONAL WOODEN CATCH CUP GAME ', 'Segment_Corporate', 'Region_Northeast']"
556259,"[' SPACEBOY BABY GIFT SET', 'BUNDLE OF 3 ALPHABET EXERCISE BOOKS', 'CAKES AND BOWS GIFT  TAPE', 'CHERRY BLOSSOM  DECORATIVE FLASK', 'CHILDRENS CUTLERY CIRCUS PARADE', 'CIRCUS PARADE LUNCH BOX ', 'DINOSAUR KEYRINGS ASSORTED', 'GARDENERS KNEELING PAD CUP OF TEA ', 'HOUSE SHAPE PENCIL SHARPENER', 'JUMBO BAG RED RETROSPOT', 'PAPER BUNTING RETROSPOT', 'PARTY BUNTING', 'PLASTERS IN TIN CIRCUS PARADE ', 'RED RETROSPOT PICNIC BAG', 'RED RETROSPOT TAPE', 'RED RETROSPOT WRAP ', 'RED TOADSTOOL LED NIGHT LIGHT', 'REGENCY CAKESTAND 3 TIER', 'REGENCY TEAPOT ROSES ', 'RETROSPOT LAMP', 'RETROSPOT PARTY BAG  STICKER SET', 'ROSES REGENCY TEACUP AND SAUCER ', 'SET OF 10 LED DOLLY LIGHTS', 'SET OF 3 NOTEBOOKS IN PARCEL', 'SILVER STARS TABLE DECORATION', 'SMALL DOLLY MIX DESIGN ORANGE BOWL', 'SMALL MARSHMALLOWS PINK BOWL', 'SMALL RED RETROSPOT WINDMILL', 'SPACEBOY LUNCH BOX ', 'STARS GIFT TAPE ', 'WOODLAND PARTY BAG  STICKER SET', 'WRAP CIRCUS PARADE', 'WRAP DOILEY DESIGN', 'WRAP ENGLISH ROSE ', 'WRAP PINK FAIRY CAKES ', 'Segment_Corporate', 'Region_Northeast']"
556305,"['PAPER BUNTING RETROSPOT', 'PAPER CHAIN KIT RETROSPOT', 'Segment_Consumer', 'Region_Southeast']"
556463,"['BLUE POLKADOT CUP', 'BLUE POLKADOT PLATE ', 'CHARLOTTE BAG PINK POLKADOT', 'FAIRY TALE COTTAGE NIGHTLIGHT', 'PENS ASSORTED FUNNY FACE', 'PENS ASSORTED SPACEBALL', 'RED RETROSPOT CUP', 'RED RETROSPOT PLATE ', 'SET OF 72 RETROSPOT PAPER  DOILIES', 'SILVER BELLS TABLE DECORATION', 'SMALL POPCORN HOLDER', 'SPOTTY BUNTING', 'WOODEN SCHOOL COLOURING SET', 'Segment_Corporate', 'Region_Southeast']"
556507,"[' SPACEBOY BABY GIFT SET', 'ALARM CLOCK BAKELIKE CHOCOLATE', 'ALARM CLOCK BAKELIKE IVORY', 'ASSORTED COLOUR BIRD ORNAMENT', 'BALLOON WATER BOMB PACK OF 35', 'BLUE HARMONICA IN BOX ', 'BUNDLE OF 3 ALPHABET EXERCISE BOOKS', 'BUNDLE OF 3 SCHOOL EXERCISE BOOKS  ', 'CHARLOTTE BAG APPLES DESIGN', 'CIRCUS PARADE LUNCH BOX ', 'CLASSIC METAL BIRDCAGE PLANT HOLDER', 'COFFEE MUG APPLES DESIGN', 'DINOSAUR LUNCH BOX WITH CUTLERY', 'DOLLY GIRL BABY GIFT SET', 'DOORMAT ENGLISH ROSE ', 'FOLDING BUTTERFLY MIRROR IVORY ', 'FOLDING BUTTERFLY MIRROR RED  ', 'GIRAFFE WOODEN RULER', 'GROW A FLYTRAP OR SUNFLOWER IN TIN', 'GUMBALL COAT RACK', 'GUMBALL MAGAZINE RACK', 'HOME BUILDING BLOCK WORD', 'ICE CREAM SUNDAE LIP GLOSS', 'JUMBO BAG APPLES', 'JUMBO BAG PEARS', 'JUMBO BAG RED RETROSPOT', 'JUMBO BAG WOODLAND ANIMALS', 'LOVE BUILDING BLOCK WORD', 'LUNCH BAG APPLE DESIGN', 'LUNCH BAG CARS BLUE', 'LUNCH BAG DOILEY PATTERN ', 'LUNCH BAG PINK POLKADOT', 'LUNCH BAG WOODLAND', 'LUNCH BOX WITH CUTLERY RETROSPOT ', 'PACK OF 20 NAPKINS RED APPLES', 'PAPER BUNTING COLOURED LACE', 'PARISIENNE CURIO CABINET', 'PLASTERS IN TIN CIRCUS PARADE ', 'PLASTERS IN TIN STRONGMAN', 'PLASTERS IN TIN WOODLAND ANIMALS', 'RABBIT NIGHT LIGHT', 'RECYCLED ACAPULCO MAT GREEN', 'RECYCLED ACAPULCO MAT LAVENDER', 'RECYCLED ACAPULCO MAT PINK', 'RECYCLED ACAPULCO MAT RED', 'RECYCLED ACAPULCO MAT TURQUOISE', 'RECYCLING BAG RETROSPOT ', 'RETROSPOT TEA SET CERAMIC 11 PC ', 'REVOLVER WOODEN RULER ', 'SET 2 PANTRY DESIGN TEA TOWELS', 'SET 7 BABUSHKA NESTING BOXES', 'SET OF 10 LANTERNS FAIRY LIGHT STAR', 'SET OF 10 LED DOLLY LIGHTS', 'SET OF 5 LUCKY CAT MAGNETS ', 'SET10 BLUE POLKADOT PARTY CANDLES', 'SMALL RED RETROSPOT WINDMILL', 'TABLECLOTH RED APPLES DESIGN ', 'TOADSTOOL BEDSIDE LIGHT ', 'TRADITIONAL WOODEN SKIPPING ROPE', 'WELCOME  WOODEN BLOCK LETTERS', 'Segment_Consumer', 'Region_Southeast']"
556526,"['36 PENCILS TUBE RED RETROSPOT', 'BLUE POLKADOT CUP', 'BLUE POLKADOT PLATE ', 'CHILDRENS CUTLERY CIRCUS PARADE', 'CHILDRENS CUTLERY DOLLY GIRL ', 'CHILDRENS CUTLERY SPACEBOY ', 'PINK  POLKADOT CUP', 'PINK  POLKADOT PLATE ', 'RED RETROSPOT CUP', 'RED RETROSPOT PLATE ', 'ROUND SNACK BOXES SET OF 4 FRUITS ', 'Segment_Consumer', 'Region_Southeast']"
556529,"['BLUE HARMONICA IN BOX ', 'JUMBO BAG ALPHABET', 'JUMBO BAG PINK POLKADOT', 'JUMBO BAG PINK VINTAGE PAISLEY', 'JUMBO BAG SCANDINAVIAN BLUE PAISLEY', 'JUMBO BAG WOODLAND ANIMALS', 'JUMBO SHOPPER VINTAGE RED PAISLEY', 'JUMBO STORAGE BAG SUKI', 'LUNCH BAG DOILEY PATTERN ', 'LUNCH BOX WITH CUTLERY RETROSPOT ', 'PINK  POLKADOT CUP', 'RABBIT NIGHT LIGHT', 'RECYCLED ACAPULCO MAT GREEN', 'RED RETROSPOT PICNIC BAG', 'RED RETROSPOT PUDDING BOWL', 'RED RETROSPOT SHOPPING BAG', 'RETROSPOT PARTY BAG  STICKER SET', 'SET OF 60 VINTAGE LEAF CAKE CASES ', 'SKULL LUNCH BOX WITH CUTLERY ', 'SKULLS PARTY BAG  STICKER SET', 'STRAWBERRY   PICNIC BAG', 'STRAWBERRY LUNCH BOX WITH CUTLERY', 'WOODLAND PARTY BAG  STICKER SET', 'Segment_Corporate', 'Region_Northeast']"
556816,"['6 ROCKET BALLOONS ', 'CAKE STAND 3 TIER MAGIC GARDEN', 'CHARLOTTE BAG PINK POLKADOT', 'DINOSAUR LUNCH BOX WITH CUTLERY', 'LUNCH BAG CARS BLUE', 'LUNCH BAG RED RETROSPOT', 'PINK POLKADOT BOWL', 'ROUND SNACK BOXES SET OF4 WOODLAND ', 'SET4 SKULL BADGES', 'SET6 RED SPOTTY PAPER CUPS', 'SET6 RED SPOTTY PAPER PLATES', 'SKULLS  WATER TRANSFER TATTOOS ', 'Segment_Corporate', 'Region_Northeast']"
556819,"['BLACKBLUE POLKADOT UMBRELLA', 'GREEN VINTAGE SPOT BEAKER', 'PARTY BUNTING', 'PINK VINTAGE SPOT BEAKER', 'RABBIT NIGHT LIGHT', 'RECYCLED ACAPULCO MAT PINK', 'SPOTTY BUNTING', 'VINTAGE RED ENAMEL TRIM JUG ', 'VINTAGE RED ENAMEL TRIM MUG ', 'VINTAGE RED ENAMEL TRIM PLATE', 'VINTAGE RED TRIM ENAMEL BOWL ', 'Segment_Consumer', 'Region_Southeast']"
556820,"['CIRCUS PARADE CHILDRENS EGG CUP ', 'EDWARDIAN PARASOL BLACK', 'EDWARDIAN PARASOL NATURAL', 'JUMBO BAG DOILEY PATTERNS', 'LUNCH BAG DOILEY PATTERN ', 'LUNCH BOX WITH CUTLERY RETROSPOT ', 'RED RETROSPOT MINI CASES', 'SET OF 3 REGENCY CAKE TINS', 'SET OF 36 DOILIES PANTRY DESIGN', 'SET OF 4 KNICK KNACK TINS DOILEY ', 'SET OF 4 KNICK KNACK TINS LEAVES ', 'SET OF 4 KNICK KNACK TINS LONDON ', 'SET OF 9 HEART SHAPED BALLOONS', 'SKULL LUNCH BOX WITH CUTLERY ', 'SMALL RED RETROSPOT WINDMILL', 'STRAWBERRY LUNCH BOX WITH CUTLERY', 'WATERING CAN PINK BUNNY', 'Segment_Corporate', 'Region_Northeast']"
556886,"['36 PENCILS TUBE RED RETROSPOT', '36 PENCILS TUBE WOODLAND', '4 TRADITIONAL SPINNING TOPS', 'ASSORTED COLOUR MINI CASES', 'BAG 125g SWIRLY MARBLES', 'BAKING SET 9 PIECE RETROSPOT ', 'BIRDS MOBILE VINTAGE DESIGN', 'BLUE POLKADOT GARDEN PARASOL', 'FAIRY CAKES NOTEBOOK A6 SIZE', 'ICE CREAM DESIGN GARDEN PARASOL', 'JUNGLE POPSICLES ICE LOLLY MOULDS', 'PACK OF 60 MUSHROOM CAKE CASES', 'PACK OF 72 RETROSPOT CAKE CASES', 'PINK POLKADOT GARDEN PARASOL', 'SET20 RED RETROSPOT PAPER NAPKINS ', 'SET20 STRAWBERRY PAPER NAPKINS ', 'SET6 RED SPOTTY PAPER CUPS', 'SET6 RED SPOTTY PAPER PLATES', 'Segment_Consumer', 'Region_Northeast']"
556924,"['ASS FLORAL PRINT MULTI SCREWDRIVER', 'BEWARE OF THE CAT METAL SIGN ', 'BLUE BIRDHOUSE DECORATION', 'DOUGHNUT LIP GLOSS ', 'EGG FRYING PAN BLUE ', 'EGG FRYING PAN RED ', 'GLASS CLOCHE SMALL', 'GREEN BIRDHOUSE DECORATION', 'LARGE DECO JEWELLERY STAND', 'RABBIT NIGHT LIGHT', 'RED TOADSTOOL LED NIGHT LIGHT', 'SET OF 4 JAM JAR MAGNETS', 'SET OF 5 MINI GROCERY MAGNETS', 'WASHROOM METAL SIGN', 'WHITE GOOSE FEATHER CHRISTMAS TREE ', 'WHITE GOOSE FEATHER TREE 60CM ', 'WICKER WREATH LARGE', 'Segment_Corporate', 'Region_Southeast']"
557069,"['CHARLOTTE BAG APPLES DESIGN', 'CHARLOTTE BAG SUKI DESIGN', 'COWBOYS AND INDIANS BIRTHDAY CARD ', 'EDWARDIAN PARASOL BLACK', 'EDWARDIAN PARASOL NATURAL', 'JUMBO BAG ALPHABET', 'JUMBO BAG APPLES', 'JUMBO BAG DOILEY PATTERNS', 'JUMBO BAG DOLLY GIRL DESIGN', 'JUMBO BAG SPACEBOY DESIGN', 'JUMBO BAG WOODLAND ANIMALS', 'JUMBO STORAGE BAG SUKI', 'LUNCH BAG APPLE DESIGN', 'LUNCH BAG CARS BLUE', 'LUNCH BAG DOLLY GIRL DESIGN', 'LUNCH BAG SPACEBOY DESIGN ', 'LUNCH BAG SUKI DESIGN ', 'LUNCH BAG WOODLAND', 'RABBIT NIGHT LIGHT', 'RED RETROSPOT CHILDRENS UMBRELLA', 'RED RETROSPOT PICNIC BAG', 'RETROSPOT TEA SET CERAMIC 11 PC ', 'SPACEBOY BIRTHDAY CARD', 'SPACEBOY LUNCH BOX ', 'TEA PARTY BIRTHDAY CARD', 'VINTAGE CARAVAN GREETING CARD ', 'WOODLAND CHARLOTTE BAG', 'Segment_Consumer', 'Region_Northeast']"
557142,"['3 TRADITIONAl BISCUIT CUTTERS  SET', 'SET OF 3 HEART COOKIE CUTTERS', 'Segment_Corporate', 'Region_Northeast']"
557247,"[' SPACEBOY BABY GIFT SET', 'ASSORTED COLOUR BIRD ORNAMENT', 'BLUE HARMONICA IN BOX ', 'CARD DOLLY GIRL ', 'CIRCUS PARADE BABY GIFT SET', 'CLOTHES PEGS RETROSPOT PACK 24 ', 'DOLLY GIRL BABY GIFT SET', 'DOLLY GIRL LUNCH BOX', 'LUNCH BAG RED RETROSPOT', 'LUNCH BOX WITH CUTLERY RETROSPOT ', 'MILK PAN RED RETROSPOT', 'POPPYS PLAYHOUSE BATHROOM', 'POPPYS PLAYHOUSE BEDROOM ', 'POPPYS PLAYHOUSE KITCHEN', 'POPPYS PLAYHOUSE LIVINGROOM ', 'RED  HARMONICA IN BOX ', 'REGENCY CAKESTAND 3 TIER', 'REGENCY MILK JUG PINK ', 'REGENCY SUGAR BOWL GREEN', 'REGENCY TEAPOT ROSES ', 'SPACEBOY BIRTHDAY CARD', 'SPACEBOY LUNCH BOX ', 'Segment_Consumer', 'Region_Southeast']"
557295,"['LUNCH BAG APPLE DESIGN', 'LUNCH BAG CARS BLUE', 'LUNCH BAG SPACEBOY DESIGN ', 'LUNCH BAG SUKI DESIGN ', 'LUNCH BAG VINTAGE LEAF DESIGN', 'RABBIT NIGHT LIGHT', 'Segment_Consumer', 'Region_Southeast']"
557483,"['PINK HAPPY BIRTHDAY BUNTING', 'Segment_Corporate', 'Region_Southeast']"
557489,"['36 PENCILS TUBE RED RETROSPOT', '36 PENCILS TUBE WOODLAND', 'CIRCUS PARADE LUNCH BOX ', 'COFFEE MUG CAT  BIRD DESIGN', 'JUMBO BAG APPLES', 'JUMBO BAG DOILEY PATTERNS', 'JUMBO BAG PEARS', 'JUMBO BAG PINK POLKADOT', 'JUMBO BAG RED RETROSPOT', 'LUNCH BOX WITH CUTLERY RETROSPOT ', 'PAPER BUNTING RETROSPOT', 'RABBIT NIGHT LIGHT', 'RED RETROSPOT MINI CASES', 'RED VINTAGE SPOT BEAKER', 'REVOLVER WOODEN RULER ', 'ROUND SNACK BOXES SET OF 4 FRUITS ', 'ROUND SNACK BOXES SET OF4 WOODLAND ', 'SET OF 4 KNICK KNACK TINS LONDON ', 'SPACEBOY LUNCH BOX ', 'Segment_Corporate', 'Region_Southeast']"
557627,"['18PC WOODEN CUTLERY SET DISPOSABLE', 'ALARM CLOCK BAKELIKE GREEN', 'ALARM CLOCK BAKELIKE ORANGE', 'ALARM CLOCK BAKELIKE PINK', 'ALARM CLOCK BAKELIKE RED ', 'CARTOON  PENCIL SHARPENERS', 'RETROSPOT PARTY BAG  STICKER SET', 'SET20 RED RETROSPOT PAPER NAPKINS ', 'SET6 RED SPOTTY PAPER CUPS', 'SET6 RED SPOTTY PAPER PLATES', 'STRAWBERRY LUNCH BOX WITH CUTLERY', 'Segment_Corporate', 'Region_Northeast']"
557669,"['ALARM CLOCK BAKELIKE GREEN', 'ALARM CLOCK BAKELIKE PINK', 'ALARM CLOCK BAKELIKE RED ', 'CIRCUS PARADE LUNCH BOX ', 'CUTE CATS TAPE', 'DOLLY GIRL LUNCH BOX', 'GROW A FLYTRAP OR SUNFLOWER IN TIN', 'HAIRCLIPS FORTIES FABRIC ASSORTED', 'ICE CREAM SUNDAE LIP GLOSS', 'MAGNETS PACK OF 4 SWALLOWS', 'MINI PAINT SET VINTAGE ', 'PACK OF 6 LARGE FRUIT STRAWS ', 'RABBIT NIGHT LIGHT', 'ROUND SNACK BOXES SET OF 4 FRUITS ', 'ROUND SNACK BOXES SET OF4 WOODLAND ', 'SET OF 5 LUCKY CAT MAGNETS ', 'SLEEPING CAT ERASERS', 'SPACEBOY LUNCH BOX ', 'STARS GIFT TAPE ', 'Segment_Consumer', 'Region_Southeast']"
557734,"['12 PENCILS SMALL TUBE SKULL', '4 TRADITIONAL SPINNING TOPS', 'BUNDLE OF 3 SCHOOL EXERCISE BOOKS  ', 'FELTCRAFT 6 FLOWER FRIENDS', 'FELTCRAFT GIRL AMELIE KIT', 'MINI PAINT SET VINTAGE ', 'PACK OF 12 TRADITIONAL CRAYONS', 'PAINT YOUR OWN CANVAS SET', 'PLASTERS IN TIN SKULLS', 'RED  HARMONICA IN BOX ', 'REVOLVER WOODEN RULER ', 'SANDALWOOD FAN', 'SET OF 9 BLACK SKULL BALLOONS', 'Segment_Consumer', 'Region_Northeast']"
558045,"['12 MESSAGE CARDS WITH ENVELOPES', '36 FOIL HEART CAKE CASES', 'ABC TREASURE BOOK BOX ', 'ASSORTED COLOUR MINI CASES', 'CARD GINGHAM ROSE ', 'CARD PARTY GAMES ', 'CHILDRENS APRON SPACEBOY DESIGN', 'CHILDRENS CUTLERY DOLLY GIRL ', 'CHILDRENS CUTLERY SPACEBOY ', 'HOMEMADE JAM SCENTED CANDLES', 'JAM MAKING SET PRINTED', 'JUMBO BAG PINK POLKADOT', 'JUMBO BAG PINK VINTAGE PAISLEY', 'JUMBO BAG RED RETROSPOT', 'JUMBO BAG SPACEBOY DESIGN', 'JUMBO BAG WOODLAND ANIMALS', 'PARTY PIZZA DISH RED RETROSPOT', 'PENNY FARTHING BIRTHDAY CARD', 'RABBIT NIGHT LIGHT', 'RED RETROSPOT MINI CASES', 'RED RETROSPOT PICNIC BAG', 'RETROSPOT CHILDRENS APRON', 'SET OF 3 REGENCY CAKE TINS', 'SET OF 4 JAM JAR MAGNETS', 'SET OF 4 PANTRY JELLY MOULDS', 'SET OF 60 PANTRY DESIGN CAKE CASES ', 'SPACEBOY BIRTHDAY CARD', 'TEA PARTY BIRTHDAY CARD', 'TRADITIONAL KNITTING NANCY', 'WORLD WAR 2 GLIDERS ASSTD DESIGNS', 'Segment_Consumer', 'Region_Northeast']"
558124,"['ASSORTED COLOURS SILK FAN', 'JUMBO BAG APPLES', 'JUMBO BAG SPACEBOY DESIGN', 'JUMBO STORAGE BAG SUKI', 'LUNCH BAG ALPHABET DESIGN', 'LUNCH BAG APPLE DESIGN', 'LUNCH BAG SPACEBOY DESIGN ', 'LUNCH BAG SUKI DESIGN ', 'RABBIT NIGHT LIGHT', 'Segment_Consumer', 'Region_Northeast']"
558334,"['12 PENCILS TALL TUBE RED RETROSPOT', 'MINI JIGSAW SPACEBOY', 'SET20 RED RETROSPOT PAPER NAPKINS ', 'SET6 RED SPOTTY PAPER CUPS', 'SET6 RED SPOTTY PAPER PLATES', 'SMALL RED RETROSPOT WINDMILL', 'VINTAGE DONKEY TAIL GAME ', 'Segment_Consumer', 'Region_Southeast']"
558575,"['GROW A FLYTRAP OR SUNFLOWER IN TIN', 'Segment_Consumer', 'Region_Northeast']"
558687,"['BIG DOUGHNUT FRIDGE MAGNETS', 'CHARLOTTE BAG APPLES DESIGN', 'CHARLOTTE BAG DOLLY GIRL DESIGN', 'PENS ASSORTED FUNKY JEWELED ', 'PLASTERS IN TIN CIRCUS PARADE ', 'PLASTERS IN TIN SPACEBOY', 'PLASTERS IN TIN WOODLAND ANIMALS', 'RED RETROSPOT CHARLOTTE BAG', 'SET OF 4 KNICK KNACK TINS LONDON ', 'SET OF 5 LUCKY CAT MAGNETS ', 'SPACEBOY BIRTHDAY CARD', 'STRAWBERRY CHARLOTTE BAG', 'TEA PARTY BIRTHDAY CARD', 'TOOTHPASTE TUBE PEN', 'WOODLAND CHARLOTTE BAG', 'Segment_Consumer', 'Region_Northeast']"
558699,"['DOILEY STORAGE TIN', 'DOLLY GIRL CHILDRENS BOWL', 'DOLLY GIRL CHILDRENS CUP', 'PACK OF 6 COCKTAIL PARASOL STRAWS', 'PACK OF 6 LARGE FRUIT STRAWS ', 'SET OF 10 LED DOLLY LIGHTS', 'TOADSTOOL BEDSIDE LIGHT ', 'TREASURE TIN BUFFALO BILL ', 'TREASURE TIN GYMKHANA DESIGN', 'Segment_Corporate', 'Region_Northeast']"
558813,"['18PC WOODEN CUTLERY SET DISPOSABLE', '6 RIBBONS RUSTIC CHARM', '6PC WOOD PLATE SET DISPOSABLE', 'ASSORTED COLOUR MINI CASES', 'CIRCUS PARADE CHILDRENS EGG CUP ', 'LUNCH BAG APPLE DESIGN', 'LUNCH BAG DOILEY PATTERN ', 'LUNCH BAG RED RETROSPOT', 'LUNCH BAG WOODLAND', 'MINI LADLE LOVE HEART RED ', 'PLASTERS IN TIN CIRCUS PARADE ', 'RABBIT NIGHT LIGHT', 'RED  HARMONICA IN BOX ', 'RED RETROSPOT PICNIC BAG', 'TEA PARTY BIRTHDAY CARD', 'Segment_Consumer', 'Region_Northeast']"
559036,"['3D HEARTS  HONEYCOMB PAPER GARLAND', '5 HOOK HANGER RED MAGIC TOADSTOOL', 'ASSORTED FLOWER COLOUR LEIS', 'CABIN BAG VINTAGE RETROSPOT', 'CHARLOTTE BAG APPLES DESIGN', 'CHARLOTTE BAG PINK POLKADOT', 'CHARLOTTE BAG SUKI DESIGN', 'LUNCH BAG APPLE DESIGN', 'LUNCH BAG PINK POLKADOT', 'LUNCH BAG SPACEBOY DESIGN ', 'LUNCH BAG SUKI DESIGN ', 'LUNCH BOX WITH CUTLERY RETROSPOT ', 'MAGNETS PACK OF 4 SWALLOWS', 'MULTICOLOUR 3D BALLS GARLAND', 'PARTY BUNTING', 'PHOTO CUBE', 'PLASTERS IN TIN CIRCUS PARADE ', 'PLASTERS IN TIN WOODLAND ANIMALS', 'RECYCLED ACAPULCO MAT LAVENDER', 'RECYCLED ACAPULCO MAT PINK', 'RECYCLED ACAPULCO MAT RED', 'RECYCLED ACAPULCO MAT TURQUOISE', 'RED  HARMONICA IN BOX ', 'RED BABY BUNTING ', 'SET OF 60 PANTRY DESIGN CAKE CASES ', 'SET OF 9 HEART SHAPED BALLOONS', 'SKULLS  WATER TRANSFER TATTOOS ', 'SMALL RED RETROSPOT WINDMILL', 'STRAWBERRY LUNCH BOX WITH CUTLERY', 'TOOTHPASTE TUBE PEN', 'TROPICAL  HONEYCOMB PAPER GARLAND ', 'WATERING CAN BLUE ELEPHANT', 'Segment_Corporate', 'Region_Northeast']"
559049,"['TOADSTOOL BEDSIDE LIGHT ', 'Segment_Consumer', 'Region_Southeast']"
559134,"['10 COLOUR SPACEBOY PEN', 'ALARM CLOCK BAKELIKE GREEN', 'ALARM CLOCK BAKELIKE RED ', 'ASSORTED COLOUR MINI CASES', 'CARD CIRCUS PARADE', 'CARD DOLLY GIRL ', 'CARD SUKI BIRTHDAY', 'CHARLOTTE BAG PINK POLKADOT', 'CHARLOTTE BAG SUKI DESIGN', 'CHILDRENS SPACEBOY MUG', 'DOILEY STORAGE TIN', 'DOLLY GIRL CHILDRENS BOWL', 'DOLLY GIRL CHILDRENS CUP', 'GREEN REGENCY TEACUP AND SAUCER', 'ICE CREAM PEN LIP GLOSS ', 'JUMBO BAG DOILEY PATTERNS', 'JUMBO BAG PEARS', 'JUMBO BAG VINTAGE LEAF', 'LUNCH BAG DOILEY PATTERN ', 'LUNCH BAG SUKI DESIGN ', 'PENNY FARTHING BIRTHDAY CARD', 'PIGGY BANK RETROSPOT ', 'PINK FLOWER FABRIC PONY', 'PINK OWL SOFT TOY', 'PINK REGENCY TEACUP AND SAUCER', 'PLASTERS IN TIN SKULLS', 'PLASTERS IN TIN STRONGMAN', 'PLASTERS IN TIN VINTAGE PAISLEY ', 'POPPYS PLAYHOUSE BATHROOM', 'POPPYS PLAYHOUSE BEDROOM ', 'POPPYS PLAYHOUSE KITCHEN', 'POPPYS PLAYHOUSE LIVINGROOM ', 'RED RETROSPOT CHARLOTTE BAG', 'RED RETROSPOT MINI CASES', 'REGENCY CAKESTAND 3 TIER', 'ROUND STORAGE TIN VINTAGE LEAF', 'SET OF 3 REGENCY CAKE TINS', 'SET OF 36 DOILIES PANTRY DESIGN', 'SET OF 4 KNICK KNACK TINS DOILEY ', 'SET OF 4 KNICK KNACK TINS LEAVES ', 'SET OF 4 KNICK KNACK TINS LONDON ', 'SET OF 4 KNICK KNACK TINS POPPIES', 'SET OF 6 CAKE CHOPSTICKS', 'SET OF 6 STRAWBERRY CHOPSTICKS', 'SET OF 60 I LOVE LONDON CAKE CASES ', 'SET OF 60 PANTRY DESIGN CAKE CASES ', 'SET OF 60 VINTAGE LEAF CAKE CASES ', 'SOLDIERS EGG CUP ', 'SPACEBOY BIRTHDAY CARD', 'SPACEBOY CHILDRENS BOWL', 'SPACEBOY CHILDRENS CUP', 'SPACEBOY CHILDRENS EGG CUP', 'STORAGE TIN VINTAGE LEAF', 'TEA PARTY BIRTHDAY CARD', 'VINTAGE DONKEY TAIL GAME ', 'WATERING CAN BLUE ELEPHANT', 'WATERING CAN GREEN DINOSAUR', 'WATERING CAN PINK BUNNY', 'WOODLAND CHARLOTTE BAG', 'Segment_Consumer', 'Region_Southeast']"
559418,"['4 TRADITIONAL SPINNING TOPS', 'ASSORTED FLOWER COLOUR LEIS', 'BLUE POLKADOT CUP', 'BLUE REFECTORY CLOCK ', 'CARD CIRCUS PARADE', 'CHARLOTTE BAG APPLES DESIGN', 'CHILDRENS APRON APPLES DESIGN', 'CHILDRENS CIRCUS PARADE MUG', 'CIRCUS PARADE CHILDRENS EGG CUP ', 'COFFEE MUG PEARS  DESIGN', 'DOORMAT RESPECTABLE HOUSE', 'LUNCH BOX WITH CUTLERY RETROSPOT ', 'METAL SIGN TAKE IT OR LEAVE IT ', 'MINT DINER WALL CLOCK', 'OFFICE MUG WARMER CHOCBLUE', 'PACK OF 20 NAPKINS RED APPLES', 'PACK OF 60 MUSHROOM CAKE CASES', 'PINK  POLKADOT CUP', 'POPCORN HOLDER', 'RED RETROSPOT CHARLOTTE BAG', 'RED RETROSPOT CUP', 'REVOLVER WOODEN RULER ', 'ROUND SNACK BOXES SET OF 4 FRUITS ', 'ROUND STORAGE TIN VINTAGE LEAF', 'SET 2 TEA TOWELS I LOVE LONDON ', 'SET OF 4 KNICK KNACK TINS LONDON ', 'SET OF 5 LUCKY CAT MAGNETS ', 'SET OF SALT AND PEPPER TOADSTOOLS', 'SET4 SKULL BADGES', 'STORAGE TIN VINTAGE LEAF', 'TABLECLOTH RED APPLES DESIGN ', 'TEA BAG PLATE RED RETROSPOT', 'TEA PARTY BIRTHDAY CARD', 'TRAVEL SEWING KIT', 'TREASURE TIN BUFFALO BILL ', 'Segment_Corporate', 'Region_Northeast']"
559422,"['CHERRY BLOSSOM  DECORATIVE FLASK', 'CHILDRENS CUTLERY DOLLY GIRL ', 'EDWARDIAN PARASOL BLACK', 'FEATHER PEN,LIGHT PINK', 'FELTCRAFT PRINCESS LOLA DOLL', 'JUMBO BAG RED RETROSPOT', 'JUMBO BAG VINTAGE LEAF', 'JUMBO BAG WOODLAND ANIMALS', 'LIPSTICK PEN RED', 'LUNCH BAG APPLE DESIGN', 'LUNCH BAG RED RETROSPOT', 'POPPYS PLAYHOUSE BEDROOM ', 'RED RETROSPOT CHARLOTTE BAG', 'RED RETROSPOT PICNIC BAG', 'RED RETROSPOT UMBRELLA', 'Segment_Consumer', 'Region_Southeast']"
559441,"['36 FOIL STAR CAKE CASES ', 'ALARM CLOCK BAKELIKE PINK', 'CHILDS BREAKFAST SET CIRCUS PARADE', 'PACK OF 20 SKULL PAPER NAPKINS', 'PACK OF 6 SKULL PAPER CUPS', 'PACK OF 6 SKULL PAPER PLATES', 'PLASTERS IN TIN CIRCUS PARADE ', 'PLASTERS IN TIN SPACEBOY', 'PLASTERS IN TIN WOODLAND ANIMALS', 'SET20 RED RETROSPOT PAPER NAPKINS ', 'SET6 RED SPOTTY PAPER CUPS', 'SET6 RED SPOTTY PAPER PLATES', 'ZINC FOLKART SLEIGH BELLS', 'Segment_Consumer', 'Region_Southeast']"
559607,"['ALARM CLOCK BAKELIKE GREEN', 'ALARM CLOCK BAKELIKE IVORY', 'ALARM CLOCK BAKELIKE RED ', 'BLUE POLKADOT BEAKER ', 'CHILDRENS CUTLERY POLKADOT GREEN ', 'CHILDRENS CUTLERY RETROSPOT RED ', 'DOILEY STORAGE TIN', 'DOLLY GIRL CHILDRENS BOWL', 'GUMBALL COAT RACK', 'KNICKERBOCKERGLORY MAGNET ASSORTED ', 'MAGNETS PACK OF 4 SWALLOWS', 'POPPYS PLAYHOUSE KITCHEN', 'POPPYS PLAYHOUSE LIVINGROOM ', 'RECYCLED ACAPULCO MAT LAVENDER', 'RECYCLED ACAPULCO MAT PINK', 'RECYCLED ACAPULCO MAT RED', 'RECYCLED ACAPULCO MAT TURQUOISE', 'RED POLKADOT BEAKER ', 'ROUND SNACK BOXES SET OF 4 FRUITS ', 'ROUND SNACK BOXES SET OF4 WOODLAND ', 'SET OF 4 KNICK KNACK TINS DOILEY ', 'SET OF 4 KNICK KNACK TINS LEAVES ', 'SET OF 4 KNICK KNACK TINS LONDON ', 'SPACEBOY CHILDRENS BOWL', 'STORAGE TIN VINTAGE LEAF', 'STRAWBERRY LUNCH BOX WITH CUTLERY', 'Segment_Consumer', 'Region_Northeast']"
559685,"['LARGE RED RETROSPOT WINDMILL', 'SET20 RED RETROSPOT PAPER NAPKINS ', 'SET6 RED SPOTTY PAPER PLATES', 'SMALL RED RETROSPOT WINDMILL', 'Segment_Corporate', 'Region_Northeast']"
559699,"['BLUE VINTAGE SPOT BEAKER', 'CHILDRENS CIRCUS PARADE MUG', 'CHILDRENS SPACEBOY MUG', 'GLASS  SONGBIRD STORAGE JAR', 'GLASS JAR DAISY FRESH COTTON WOOL', 'PINK VINTAGE SPOT BEAKER', 'RED VINTAGE SPOT BEAKER', 'ROUND SNACK BOXES SET OF 4 FRUITS ', 'ROUND SNACK BOXES SET OF4 WOODLAND ', 'WATERING CAN PINK BUNNY', 'Segment_Consumer', 'Region_Northeast']"
559704,"['AIRLINE BAG VINTAGE JET SET BROWN', 'AIRLINE BAG VINTAGE JET SET RED', 'BLUE POLKADOT BOWL', 'BLUE POLKADOT PLATE ', 'BREAD BIN DINER STYLE PINK', 'CHARLOTTE BAG APPLES DESIGN', 'CHARLOTTE BAG SUKI DESIGN', 'CHERRY BLOSSOM  DECORATIVE FLASK', 'COFFEE MUG APPLES DESIGN', 'COFFEE MUG CAT  BIRD DESIGN', 'DINOSAUR KEYRINGS ASSORTED', 'GREEN POLKADOT BOWL', 'GREEN POLKADOT PLATE ', 'LUNCH BOX WITH CUTLERY RETROSPOT ', 'PICNIC BOXES SET OF 3 RETROSPOT ', 'POLKADOT COFFEE CUP AND SAUCER PINK', 'RED RETROSPOT BOWL', 'RED RETROSPOT CUP', 'RED RETROSPOT PICNIC BAG', 'RED RETROSPOT PLATE ', 'RETRO PLASTIC ELEPHANT TRAY', 'RETRO PLASTIC POLKA TRAY', 'ROUND CONTAINER SET OF 5 RETROSPOT', 'ROUND SNACK BOXES SET OF 4 FRUITS ', 'ROUND SNACK BOXES SET OF4 WOODLAND ', 'SUKI  SHOULDER BAG', 'TEA FOR ONE POLKADOT', 'TOY TIDY DOLLY GIRL DESIGN', 'WALL TIDY RETROSPOT ', 'Segment_Consumer', 'Region_Northeast']"
559782,"['CHEST OF DRAWERS GINGHAM HEART ', 'CREAM SWEETHEART MINI CHEST', 'DRAWER KNOB CRACKLE GLAZE BLUE', 'DRAWER KNOB CRACKLE GLAZE GREEN', 'DRAWER KNOB CRACKLE GLAZE PINK', 'GREEN BIRDHOUSE DECORATION', 'HANGING HEART JAR TLIGHT HOLDER', 'HANGING HEART ZINC TLIGHT HOLDER', 'JAZZ HEARTS ADDRESS BOOK', 'JAZZ HEARTS PURSE NOTEBOOK', 'PHOTO FRAME CORNICE', 'PICTURE FRAME WOOD TRIPLE PORTRAIT', 'SET OF 3 CAKE TINS PANTRY DESIGN ', 'SET OF 3 CAKE TINS SKETCHBOOK', 'SET OF 4 KNICK KNACK TINS POPPIES', 'SET3 BOOK BOX GREEN GINGHAM FLOWER ', 'SET3 RED GINGHAM ROSE STORAGE BOX', 'STORAGE TIN VINTAGE LEAF', 'ZINC TLIGHT HOLDER STARS SMALL', 'Segment_Corporate', 'Region_Northeast']"
559819,"['JUMBO BAG APPLES', 'JUMBO BAG DOILEY PATTERNS', 'JUMBO BAG PEARS', 'JUMBO BAG VINTAGE LEAF', 'SET OF 4 KNICK KNACK TINS DOILEY ', 'SET OF 4 KNICK KNACK TINS LEAF', 'SET OF 4 KNICK KNACK TINS LONDON ', 'SET10 PINK POLKADOT PARTY CANDLES', 'SET10 RED POLKADOT PARTY CANDLES', 'Segment_Corporate', 'Region_Southeast']"
559889,"['ALARM CLOCK BAKELIKE GREEN', 'BLUE VINTAGE SPOT BEAKER', 'PINK VINTAGE SPOT BEAKER', 'RABBIT NIGHT LIGHT', 'RED VINTAGE SPOT BEAKER', 'SET OF 36 DOILIES PANTRY DESIGN', 'SET OF 4 KNICK KNACK TINS LONDON ', 'SET OF 60 I LOVE LONDON CAKE CASES ', 'SET OF 60 PANTRY DESIGN CAKE CASES ', 'Segment_Consumer', 'Region_Southeast']"
560272,"['CHILDRENS CUTLERY DOLLY GIRL ', 'CHILDRENS CUTLERY SPACEBOY ', 'GUMBALL COAT RACK', 'LUNCH BOX WITH CUTLERY RETROSPOT ', 'RED TOADSTOOL LED NIGHT LIGHT', 'Segment_Corporate', 'Region_Northeast']"
560363,"['CAKE STAND 3 TIER MAGIC GARDEN', 'CERAMIC CHERRY CAKE MONEY BANK', 'CERAMIC STRAWBERRY CAKE MONEY BANK', 'METAL SIGN,CUPCAKE SINGLE HOOK', 'REGENCY CAKESTAND 3 TIER', 'SET OF 12 FAIRY CAKE BAKING CASES', 'SET OF 12 MINI LOAF BAKING CASES', 'SET OF 6 SNACK LOAF BAKING CASES', 'SET OF 6 TEA TIME BAKING CASES', 'Segment_Corporate', 'Region_Northeast']"
560398,"['BLACKBLUE POLKADOT UMBRELLA', 'BLUE HARMONICA IN BOX ', 'CARD BIRTHDAY COWBOY', 'COWBOYS AND INDIANS BIRTHDAY CARD ', 'DOLLY GIRL LUNCH BOX', 'DOORMAT ENGLISH ROSE ', 'DOORMAT NEW ENGLAND', 'DOORMAT RED RETROSPOT', 'DOORMAT SPOTTY HOME SWEET HOME', 'GREEN REGENCY TEACUP AND SAUCER', 'LARGE HEART MEASURING SPOONS', 'LUNCH BAG  BLACK SKULL.', 'LUNCH BAG DOLLY GIRL DESIGN', 'LUNCH BAG RED RETROSPOT', 'LUNCH BAG SPACEBOY DESIGN ', 'LUNCH BOX WITH CUTLERY RETROSPOT ', 'MAGNETS PACK OF 4 SWALLOWS', 'MINI FUNKY DESIGN TAPES', 'MINI LADLE LOVE HEART RED ', 'PINK REGENCY TEACUP AND SAUCER', 'RED  HARMONICA IN BOX ', 'RED HEART SHAPE LOVE BUCKET ', 'RED RETROSPOT CHILDRENS UMBRELLA', 'RED RETROSPOT MUG', 'RETROSPOT TEA SET CERAMIC 11 PC ', 'ROSES REGENCY TEACUP AND SAUCER ', 'SET OF SALT AND PEPPER TOADSTOOLS', 'SKULL LUNCH BOX WITH CUTLERY ', 'SPACEBOY LUNCH BOX ', 'TRADITIONAL MODELLING CLAY', 'WOODEN BOX OF DOMINOES', 'WOODEN SCHOOL COLOURING SET', 'Segment_Corporate', 'Region_Northeast']"
560452,"['COFFEE MUG APPLES DESIGN', 'PARTY BUNTING', 'SMALL RED RETROSPOT WINDMILL', 'WATERING CAN PINK BUNNY', 'Segment_Corporate', 'Region_Northeast']"
560898,"['CHEST OF DRAWERS GINGHAM HEART ', 'CREAM SWEETHEART MINI CHEST', 'Segment_Corporate', 'Region_Northeast']"
561029,"['CHARLOTTE BAG APPLES DESIGN', 'CHARLOTTE BAG PINK POLKADOT', 'CHILDRENS APRON APPLES DESIGN', 'COFFEE MUG APPLES DESIGN', 'JUMBO BAG DOILEY PATTERNS', 'JUMBO BAG PINK POLKADOT', 'JUMBO BAG WOODLAND ANIMALS', 'LUNCH BAG APPLE DESIGN', 'LUNCH BAG WOODLAND', 'LUNCH BOX I LOVE LONDON', 'PACK OF 20 NAPKINS RED APPLES', 'RED  HARMONICA IN BOX ', 'RED RETROSPOT CHARLOTTE BAG', 'RED TOADSTOOL LED NIGHT LIGHT', 'RETROSPOT CHILDRENS APRON', 'RETROSPOT TEA SET CERAMIC 11 PC ', 'SET OF 2 TEA TOWELS APPLE AND PEARS', 'SET10 PINK POLKADOT PARTY CANDLES', 'SET10 RED POLKADOT PARTY CANDLES', 'STRAWBERRY LUNCH BOX WITH CUTLERY', 'TOY TIDY PINK POLKADOT', 'TREASURE TIN GYMKHANA DESIGN', 'WOODLAND CHARLOTTE BAG', 'Segment_Corporate', 'Region_Southeast']"
561470,"['CALENDAR PAPER CUT DESIGN', 'DRAWER KNOB CERAMIC IVORY', 'GINGERBREAD MAN COOKIE CUTTER', 'HEART FILIGREE DOVE LARGE', 'HOME SWEET HOME MUG', 'METAL DECORATION NAUGHTY CHILDREN ', 'RED RETROSPOT CAKE STAND', 'RETROSPOT TEA SET CERAMIC 11 PC ', 'SET OF 3 NOTEBOOKS IN PARCEL', 'SPOTTY BUNTING', 'WRAP DOILEY DESIGN', 'WRAP POPPIES  DESIGN', 'Segment_Consumer', 'Region_Northeast']"
561621,"['CHEST OF DRAWERS GINGHAM HEART ', 'CREAM SWEETHEART MINI CHEST', 'Segment_Corporate', 'Region_Southeast']"
561795,"['12 COLOURED PARTY BALLOONS', 'BLUE POLKADOT CUP', 'CHILDRENS APRON APPLES DESIGN', 'COFFEE MUG APPLES DESIGN', 'COFFEE MUG PEARS  DESIGN', 'FOLDING UMBRELLA CHOCOLATE POLKADOT', 'FOLDING UMBRELLA REDWHITE POLKADOT', 'GREEN POLKADOT BOWL', 'GREEN POLKADOT PLATE ', 'OVEN MITT APPLES DESIGN', 'PACK OF 6 SKULL PAPER CUPS', 'PACK OF 6 SKULL PAPER PLATES', 'PACK OF 60 MUSHROOM CAKE CASES', 'PACK OF 72 RETROSPOT CAKE CASES', 'PAPER BUNTING RETROSPOT', 'PARTY BUNTING', 'PARTY PIZZA DISH GREEN POLKADOT', 'PARTY PIZZA DISH PINK POLKADOT', 'PARTY PIZZA DISH RED RETROSPOT', 'PENS ASSORTED FUNKY JEWELED ', 'PINK  POLKADOT CUP', 'PINK  POLKADOT PLATE ', 'RED RETROSPOT CUP', 'RED RETROSPOT OVEN GLOVE ', 'RED RETROSPOT PLATE ', 'RED RETROSPOT WRAP ', 'RETRO PLASTIC ELEPHANT TRAY', 'ROUND SNACK BOXES SET OF 4 FRUITS ', 'SET OF 2 TEA TOWELS APPLE AND PEARS', 'SET OF 4 KNICK KNACK TINS DOILEY ', 'SET OF 4 KNICK KNACK TINS LONDON ', 'SET OF 60 VINTAGE LEAF CAKE CASES ', 'SET OF 9 BLACK SKULL BALLOONS', 'SET10 RED POLKADOT PARTY CANDLES', 'SET6 RED SPOTTY PAPER CUPS', 'SET6 RED SPOTTY PAPER PLATES', 'SKULL AND CROSSBONES  GARLAND ', 'SKULL LUNCH BOX WITH CUTLERY ', 'STRAWBERRY LUNCH BOX WITH CUTLERY', 'TABLECLOTH RED APPLES DESIGN ', 'WATERING CAN BLUE ELEPHANT', 'WATERING CAN PINK BUNNY', 'WOODEN HAPPY BIRTHDAY GARLAND', 'WRAP ALPHABET DESIGN', 'Segment_Corporate', 'Region_Northeast']"
562039,"['LUNCH BAG  BLACK SKULL.', 'LUNCH BAG APPLE DESIGN', 'LUNCH BAG DOLLY GIRL DESIGN', 'LUNCH BAG WOODLAND', 'RED TOADSTOOL LED NIGHT LIGHT', 'Segment_Corporate', 'Region_Southeast']"
562207,"['PACK OF 72 RETROSPOT CAKE CASES', 'PACK OF 72 SKULL CAKE CASES', 'PAPER CHAIN KIT SKULLS ', 'PINK HAPPY BIRTHDAY BUNTING', 'SMALL RED RETROSPOT WINDMILL', 'SMALL SKULL WINDMILL', 'WOODEN HAPPY BIRTHDAY GARLAND', 'Segment_Corporate', 'Region_Northeast']"
562275,"[' DOLLY GIRL BEAKER', 'CARD DOLLY GIRL ', 'CHARLOTTE BAG DOLLY GIRL DESIGN', 'CHILDRENS APRON APPLES DESIGN', 'CHILDRENS APRON DOLLY GIRL ', 'CHILDRENS APRON SPACEBOY DESIGN', 'CHILDS BREAKFAST SET DOLLY GIRL ', 'CHILDS BREAKFAST SET SPACEBOY ', 'DOLLY GIRL CHILDRENS BOWL', 'DOLLY GIRL CHILDRENS CUP', 'DOLLY GIRL CHILDRENS EGG CUP', 'LUNCH BAG APPLE DESIGN', 'LUNCH BAG SPACEBOY DESIGN ', 'PAPERWEIGHT CHILDHOOD MEMORIES', 'PAPERWEIGHT SAVE THE PLANET', 'PIGGY BANK RETROSPOT ', 'PLASTERS IN TIN SPACEBOY', 'PLASTERS IN TIN WOODLAND ANIMALS', 'RED TOADSTOOL LED NIGHT LIGHT', 'RED VINTAGE SPOT BEAKER', 'RETROSPOT CHILDRENS APRON', 'SILK PURSE BABUSHKA PINK', 'SPACEBOY BEAKER', 'SPACEBOY BIRTHDAY CARD', 'SPACEBOY CHILDRENS BOWL', 'SPACEBOY CHILDRENS CUP', 'SPACEBOY CHILDRENS EGG CUP', 'TOADSTOOL MONEY BOX', 'TRADITIONAL WOODEN CATCH CUP GAME ', 'VINTAGE CHRISTMAS BUNTING', 'WOODLAND  HEIGHT CHART STICKERS ', 'WOODLAND CHARLOTTE BAG', 'WOODLAND DESIGN  COTTON TOTE BAG', 'Segment_Corporate', 'Region_Northeast']"
562450,"[' DOLLY GIRL BEAKER', '10 COLOUR SPACEBOY PEN', 'ABC TREASURE BOOK BOX ', 'CHARLOTTE BAG APPLES DESIGN', 'CHARLOTTE BAG DOLLY GIRL DESIGN', 'CHARLOTTE BAG SUKI DESIGN', 'DOLLY GIRL CHILDRENS BOWL', 'DOLLY GIRL CHILDRENS CUP', 'ICE CREAM SUNDAE LIP GLOSS', 'JUMBO BAG ALPHABET', 'JUMBO BAG DOILEY PATTERNS', 'JUMBO BAG DOLLY GIRL DESIGN', 'JUMBO BAG PINK POLKADOT', 'JUMBO BAG SPACEBOY DESIGN', 'JUMBO BAG VINTAGE LEAF', 'JUMBO BAG WOODLAND ANIMALS', 'JUMBO STORAGE BAG SUKI', 'LUNCH BAG DOLLY GIRL DESIGN', 'MAKE YOUR OWN FLOWERPOWER CARD KIT', 'PIGGY BANK RETROSPOT ', 'RED VINTAGE SPOT BEAKER', 'RETROSPOT TEA SET CERAMIC 11 PC ', 'ROUND SNACK BOXES SET OF4 WOODLAND ', 'SET 7 BABUSHKA NESTING BOXES', 'STAR WREATH DECORATION WITH BELL', 'TOADSTOOL MONEY BOX', 'WATERING CAN BLUE ELEPHANT', 'WOODLAND CHARLOTTE BAG', 'Segment_Consumer', 'Region_Northeast']"
562520,"['PAPER BUNTING RETROSPOT', 'SET20 RED RETROSPOT PAPER NAPKINS ', 'SET6 RED SPOTTY PAPER CUPS', 'SET6 RED SPOTTY PAPER PLATES', 'SMALL RED RETROSPOT WINDMILL', 'Segment_Consumer', 'Region_Northeast']"
562894,"['36 PENCILS TUBE RED RETROSPOT', '36 PENCILS TUBE WOODLAND', 'PACK OF 6 HANDBAG GIFT BOXES', 'PARTY CONES CANDY TREE DECORATION', 'RED TOADSTOOL LED NIGHT LIGHT', 'RETROSPOT TEA SET CERAMIC 11 PC ', 'SET 6 FOOTBALL CELEBRATION CANDLES', 'SET OF 6 GIRLS CELEBRATION CANDLES', 'SET10 BLUE POLKADOT PARTY CANDLES', 'SET10 PINK POLKADOT PARTY CANDLES', 'SET10 RED POLKADOT PARTY CANDLES', 'SET20 RED RETROSPOT PAPER NAPKINS ', 'SET6 RED SPOTTY PAPER CUPS', 'SET6 RED SPOTTY PAPER PLATES', 'Segment_Corporate', 'Region_Northeast']"
563109,"['LUNCH BAG RED RETROSPOT', 'RED RETROSPOT PICNIC BAG', 'Segment_Consumer', 'Region_Southeast']"
563189,"['ASSORTED COLOUR MINI CASES', 'BLUE REFECTORY CLOCK ', 'EASTER TIN BUNNY BOUQUET', 'GINGERBREAD MAN COOKIE CUTTER', 'GUMBALL COAT RACK', 'JAM MAKING SET PRINTED', 'JUMBO BAG VINTAGE DOILY ', 'LUNCH BAG VINTAGE DOILY ', 'LUNCH BOX WITH CUTLERY RETROSPOT ', 'PARTY BUNTING', 'RED RETROSPOT MINI CASES', 'RED RETROSPOT SHOPPING BAG', 'ROUND SNACK BOXES SET OF 4 FRUITS ', 'ROUND SNACK BOXES SET OF4 WOODLAND ', 'SET 40 HEART SHAPE PETIT FOUR CASES', 'SET OF 12 FAIRY CAKE BAKING CASES', 'SET OF 12 MINI LOAF BAKING CASES', 'SET OF 4 KNICK KNACK TINS DOILY ', 'SET OF 6 TEA TIME BAKING CASES', 'SET OF 60 PANTRY DESIGN CAKE CASES ', 'SPOTTY BUNTING', 'STRAWBERRY LUNCH BOX WITH CUTLERY', 'WATERING CAN PINK BUNNY', 'YELLOW COAT RACK PARIS FASHION', 'Segment_Corporate', 'Region_Northeast']"
563202,"['CHEST OF DRAWERS GINGHAM HEART ', 'CREAM SWEETHEART MINI CHEST', 'Segment_Consumer', 'Region_Southeast']"
563288,"[' SPACEBOY BABY GIFT SET', 'ADULT APRON APPLE DELIGHT', 'BIRD DECORATION GREEN POLKADOT', 'BIRD DECORATION RED RETROSPOT', 'BIRDS MOBILE VINTAGE DESIGN', 'BLUE POLKADOT WRAP', 'CHILDRENS APRON APPLES DESIGN', 'CHILDRENS APRON DOLLY GIRL ', 'CHILDRENS APRON SPACEBOY DESIGN', 'CHILDS BREAKFAST SET DOLLY GIRL ', 'CHILDS BREAKFAST SET SPACEBOY ', 'DOLLY GIRL BABY GIFT SET', 'DOLLY GIRL CHILDRENS BOWL', 'DOLLY GIRL CHILDRENS CUP', 'LUNCH BAG  BLACK SKULL.', 'LUNCH BAG APPLE DESIGN', 'LUNCH BAG DOLLY GIRL DESIGN', 'LUNCH BAG RED RETROSPOT', 'LUNCH BAG SPACEBOY DESIGN ', 'LUNCH BAG SUKI DESIGN ', 'LUNCH BAG VINTAGE DOILY ', 'LUNCH BAG WOODLAND', 'MINI PAINT SET VINTAGE ', 'PAIR PADDED HANGERS PINK CHECK', 'PICNIC BOXES SET OF 3 RETROSPOT ', 'RED RETROSPOT BUTTER DISH', 'REGENCY CAKESTAND 3 TIER', 'ROUND SNACK BOXES SET OF4 WOODLAND ', 'SCOTTIE DOGS BABY BIB', 'SET OF 3 REGENCY CAKE TINS', 'SET OF SALT AND PEPPER TOADSTOOLS', 'SET4 COLOURFUL MIXING BOWLS', 'SPACEBOY CHILDRENS BOWL', 'SPACEBOY CHILDRENS CUP', 'SPACEBOY LUNCH BOX ', 'WRAP POPPIES  DESIGN', 'Segment_Corporate', 'Region_Southeast']"
563502,"['6 GIFT TAGS 50S CHRISTMAS ', '6 GIFT TAGS VINTAGE CHRISTMAS ', 'BOX OF 6 MINI 50S CRACKERS', 'BOX OF 6 MINI VINTAGE CRACKERS', 'CARD PSYCHEDELIC APPLES', 'CHRISTMAS CARD STACK OF PRESENTS', 'CHRISTMAS PUDDING TRINKET POT ', 'CHRISTMAS TREE HANGING GOLD', 'DOORMAT HEARTS', 'DRAWER KNOB CERAMIC IVORY', 'FOLKART STAR CHRISTMAS DECORATIONS', 'GARLAND WITH STARS AND BELLS', 'GREEN CHRISTMAS TREE STRING 20LIGHT', 'HEART WREATH DECORATION WITH BELL', 'JAM MAKING SET WITH JARS', 'LAUREL HEART ANTIQUE GOLD', 'LAUREL STAR ANTIQUE SILVER ', 'REINDEER HEART DECORATION SILVER', 'ROLL WRAP 50S CHRISTMAS', 'ROLL WRAP VINTAGE CHRISTMAS', 'SET OF 2 CERAMIC CHRISTMAS REINDEER', 'SET OF 2 CERAMIC CHRISTMAS TREES', 'SET OF 3 WOODEN SLEIGH DECORATIONS', 'SET OF 3 WOODEN STOCKING DECORATION', 'STAR WREATH DECORATION WITH BELL', 'WHITE HANGING HEART TLIGHT HOLDER', 'WHITE WICKER STAR ', 'WRAP 50S  CHRISTMAS', 'WRAP CHRISTMAS VILLAGE', 'Segment_Consumer', 'Region_Southeast']"
563662,"['3 PIECE SPACEBOY COOKIE CUTTER SET', '36 PENCILS TUBE RED RETROSPOT', '36 PENCILS TUBE WOODLAND', 'BAKING SET 9 PIECE RETROSPOT ', 'BUNDLE OF 3 ALPHABET EXERCISE BOOKS', 'CANDY SPOT HAND BAG', 'CHILDRENS CUTLERY DOLLY GIRL ', 'CHILDRENS CUTLERY SPACEBOY ', 'CHILDS BREAKFAST SET DOLLY GIRL ', 'CHILDS BREAKFAST SET SPACEBOY ', 'DINOSAUR HEIGHT CHART STICKER SET', 'MAGIC DRAWING SLATE DOLLY GIRL ', 'MAGIC DRAWING SLATE SPACEBOY ', 'MR ROBOT SOFT TOY', 'PLASTERS IN TIN SPACEBOY', 'PLASTERS IN TIN WOODLAND ANIMALS', 'POPPYS PLAYHOUSE BEDROOM ', 'POPPYS PLAYHOUSE KITCHEN', 'POPPYS PLAYHOUSE LIVINGROOM ', 'RED METAL BOX TOP SECRET', 'RED RETROSPOT CHARLOTTE BAG', 'RED RETROSPOT SHOPPER BAG', 'WOODLAND  HEIGHT CHART STICKERS ', 'WOODLAND CHARLOTTE BAG', 'WOODLAND DESIGN  COTTON TOTE BAG', 'Segment_Consumer', 'Region_Southeast']"
563712,"['ALARM CLOCK BAKELIKE PINK', 'ALARM CLOCK BAKELIKE RED ', 'BUNDLE OF 3 SCHOOL EXERCISE BOOKS  ', 'CARAVAN SQUARE TISSUE BOX', 'CARD DOLLY GIRL ', 'CHILDRENS APRON DOLLY GIRL ', 'CHILDRENS APRON SPACEBOY DESIGN', 'CHILDRENS CUTLERY DOLLY GIRL ', 'CHILDRENS CUTLERY SPACEBOY ', 'DOLLY GIRL LUNCH BOX', 'PACK OF 12 PINK POLKADOT TISSUES', 'PACK OF 12 WOODLAND TISSUES ', 'PANTRY SCRUBBING BRUSH', 'PANTRY WASHING UP BRUSH', 'PLASTERS IN TIN STRONGMAN', 'ROBOT BIRTHDAY CARD', 'ROUND SNACK BOXES SET OF4 WOODLAND ', 'SPACEBOY BIRTHDAY CARD', 'SPACEBOY LUNCH BOX ', 'Segment_Consumer', 'Region_Northeast']"
563753,"['CAKE STAND 3 TIER MAGIC GARDEN', 'CHARLOTTE BAG PINK POLKADOT', 'CHARLOTTE BAG SUKI DESIGN', 'FANCY FONTS BIRTHDAY WRAP', 'JAM MAKING SET PRINTED', 'JAM MAKING SET WITH JARS', 'JUMBO BAG WOODLAND ANIMALS', 'JUMBO STORAGE BAG SKULLS', 'LUNCH BAG  BLACK SKULL.', 'LUNCH BAG PINK POLKADOT', 'LUNCH BAG SUKI DESIGN ', 'LUNCH BAG WOODLAND', 'PACK OF 20 SKULL PAPER NAPKINS', 'PACK OF 6 SKULL PAPER CUPS', 'PACK OF 6 SKULL PAPER PLATES', 'PACK OF 72 SKULL CAKE CASES', 'PINK POLKADOT WRAP ', 'PLASTERS IN TIN SKULLS', 'PLASTERS IN TIN VINTAGE PAISLEY ', 'PLASTERS IN TIN WOODLAND ANIMALS', 'POLKA DOT RAFFIA FOOD COVER', 'SET OF 12 MINI LOAF BAKING CASES', 'SET OF 6 GIRLS CELEBRATION CANDLES', 'SET OF 9 BLACK SKULL BALLOONS', 'SET OF 9 HEART SHAPED BALLOONS', 'SET10 PINK POLKADOT PARTY CANDLES', 'SET10 RED POLKADOT PARTY CANDLES', 'SET20 RED RETROSPOT PAPER NAPKINS ', 'SKULL LUNCH BOX WITH CUTLERY ', 'SKULLS AND CROSSBONES WRAP', 'SKULLS TAPE', 'STRAWBERRY LUNCH BOX WITH CUTLERY', 'WOODLAND CHARLOTTE BAG', 'WRAP SUKI AND FRIENDS', 'Segment_Consumer', 'Region_Northeast']"
563897,"['BAKING SET 9 PIECE RETROSPOT ', 'BAKING SET SPACEBOY DESIGN', 'RED RETROSPOT SUGAR JAM BOWL', 'RETROSPOT TEA SET CERAMIC 11 PC ', 'SET OF 6 SOLDIER SKITTLES', 'SET5 RED RETROSPOT LID GLASS BOWLS', 'TREASURE ISLAND BOOK BOX', 'Segment_Corporate', 'Region_Northeast']"
563926,"['BOX OF VINTAGE ALPHABET BLOCKS', 'FELTCRAFT CUSHION BUTTERFLY', 'FELTCRAFT PRINCESS CHARLOTTE DOLL', 'FELTCRAFT PRINCESS LOLA DOLL', 'JUMBO BAG RED RETROSPOT', 'JUMBO BAG SPACEBOY DESIGN', 'JUMBO BAG VINTAGE LEAF', 'JUMBO STORAGE BAG SUKI', 'PLASTERS IN TIN CIRCUS PARADE ', 'PLASTERS IN TIN SKULLS', 'PLASTERS IN TIN WOODLAND ANIMALS', 'RED RETROSPOT PICNIC BAG', 'RED TOADSTOOL LED NIGHT LIGHT', 'RETROSPOT TEA SET CERAMIC 11 PC ', 'SET OF 9 BLACK SKULL BALLOONS', 'SET OF 9 HEART SHAPED BALLOONS', 'SET4 BADGES BALLOON GIRL', 'SET4 BADGES CUTE CREATURES', 'VINTAGE LEAF MAGNETIC NOTEPAD', 'WHITE SPOT RED CERAMIC DRAWER KNOB', 'WORLD WAR 2 GLIDERS ASSTD DESIGNS', 'Segment_Corporate', 'Region_Southeast']"
564159,"['DOLLY GIRL LUNCH BOX', 'LUNCH BAG PINK POLKADOT', 'LUNCH BAG SPACEBOY DESIGN ', 'LUNCH BAG WOODLAND', 'SPACEBOY LUNCH BOX ', 'Segment_Corporate', 'Region_Northeast']"
564173,"['BLACKBLUE POLKADOT UMBRELLA', 'CIRCUS PARADE CHILDRENS EGG CUP ', 'CIRCUS PARADE LUNCH BOX ', 'CLASSIC CAFE SUGAR DISPENSER', 'DOLLY GIRL LUNCH BOX', 'EDWARDIAN PARASOL BLACK', 'GIRAFFE WOODEN RULER', 'HANGING MINI COLOURED BOTTLES', 'LARGE CAMPHOR WOOD FIELD MUSHROOM ', 'LUNCH BAG ALPHABET DESIGN', 'LUNCH BAG APPLE DESIGN', 'LUNCH BAG RED RETROSPOT', 'LUNCH BAG SPACEBOY DESIGN ', 'LUNCH BOX I LOVE LONDON', 'MINI PAINT SET VINTAGE ', 'MODERN FLORAL STATIONERY SET', 'PINK BABY BUNTING', 'PLASTERS IN TIN CIRCUS PARADE ', 'PLASTERS IN TIN SPACEBOY', 'RED  EGG  SPOON', 'RED RETROSPOT PICNIC BAG', 'RED RETROSPOT SHOPPER BAG', 'RED RETROSPOT TEA CUP AND SAUCER ', 'RED RETROSPOT UMBRELLA', 'RED VINTAGE SPOT BEAKER', 'RETROSPOT CANDLE  LARGE', 'ROUND SNACK BOXES SET OF4 WOODLAND ', 'SET OF 4 KNICK KNACK TINS LEAF', 'SET OF 4 KNICK KNACK TINS LONDON ', 'SET OF 4 KNICK KNACK TINS POPPIES', 'SMALL CAMPHOR WOOD FIELD  MUSHROOM', 'SMALL WHITE RETROSPOT MUG IN BOX ', 'SPACEBOY CHILDRENS EGG CUP', 'SPOTTY BUNTING', 'STORAGE TIN VINTAGE LEAF', 'UNION STRIPE WITH FRINGE  HAMMOCK', 'WATERING CAN BLUE ELEPHANT', 'WATERING CAN PINK BUNNY', 'Segment_Consumer', 'Region_Northeast']"
564226,"['CERAMIC STRAWBERRY DESIGN MUG', 'MINI JIGSAW PURDEY', 'RED RETROSPOT SMALL MILK JUG', 'RETROSPOT LARGE MILK JUG', 'RETROSPOT TEA SET CERAMIC 11 PC ', 'SET20 RED RETROSPOT PAPER NAPKINS ', 'STRAWBERRY CERAMIC TRINKET BOX', 'STRAWBERRY FAIRY CAKE TEAPOT', 'WRAP  VINTAGE DOILY ', 'Segment_Corporate', 'Region_Southeast']"
564314,"['ASSORTED TUTTI FRUTTI BRACELET', 'DOORMAT MERRY CHRISTMAS RED ', 'DOORMAT UNION FLAG', 'DOORMAT UNION JACK GUNS AND ROSES', 'EMPIRE TISSUE BOX', 'GINGHAM HEART  DOORSTOP RED', 'NOEL GARLAND PAINTED ZINC ', 'PINK BLUE FELT CRAFT TRINKET BOX', 'SET 2 TEA TOWELS I LOVE LONDON ', 'SET OF 3 REGENCY CAKE TINS', 'SET OF 60 I LOVE LONDON CAKE CASES ', 'SPOTTY PINK DUCK DOORSTOP', 'VINTAGE UNION JACK DOORSTOP', 'Segment_Corporate', 'Region_Northeast']"
564372,"[' DOLLY GIRL BEAKER', '10 COLOUR SPACEBOY PEN', '12 MESSAGE CARDS WITH ENVELOPES', '6 GIFT TAGS 50S CHRISTMAS ', '6 GIFT TAGS VINTAGE CHRISTMAS ', 'ASSORTED COLOUR MINI CASES', 'BLUE VINTAGE SPOT BEAKER', 'CARD BILLBOARD FONT', 'CARD CIRCUS PARADE', 'CARD GINGHAM ROSE ', 'CARD SUKI BIRTHDAY', 'CARD WEDDING DAY', 'COWBOYS AND INDIANS BIRTHDAY CARD ', 'DAISIES  HONEYCOMB GARLAND ', 'DOLLY GIRL CHILDRENS BOWL', 'DOLLY GIRL CHILDRENS CUP', 'EDWARDIAN PARASOL RED', 'ELEPHANT, BIRTHDAY CARD, ', 'FAIRY TALE COTTAGE NIGHTLIGHT', 'FLYING PIG WATERING CAN', 'GREEN VINTAGE SPOT BEAKER', 'LUNCH BAG  BLACK SKULL.', 'LUNCH BAG ALPHABET DESIGN', 'LUNCH BAG APPLE DESIGN', 'LUNCH BAG CARS BLUE', 'LUNCH BAG RED RETROSPOT', 'LUNCH BAG SPACEBOY DESIGN ', 'LUNCH BAG SUKI DESIGN ', 'LUNCH BAG VINTAGE DOILY ', 'LUNCH BAG VINTAGE LEAF DESIGN', 'MAGNETS PACK OF 4 HOME SWEET HOME', 'MAGNETS PACK OF 4 RETRO PHOTO', 'MAGNETS PACK OF 4 SWALLOWS', 'MAGNETS PACK OF 4 VINTAGE COLLAGE', 'MAGNETS PACK OF 4 VINTAGE LABELS ', 'MULTICOLOUR 3D BALLS GARLAND', 'PACK OF 6 BIRDY GIFT TAGS', 'PENNY FARTHING BIRTHDAY CARD', 'PIGGY BANK RETROSPOT ', 'PINK VINTAGE PAISLEY PICNIC BAG', 'PINK VINTAGE SPOT BEAKER', 'PLASTERS IN TIN CIRCUS PARADE ', 'PLASTERS IN TIN SPACEBOY', 'PLASTERS IN TIN VINTAGE PAISLEY ', 'POLYESTER FILLER PAD 40x40cm', 'RAINY LADIES BIRTHDAY CARD', 'RED RETROSPOT MINI CASES', 'RED RETROSPOT PICNIC BAG', 'RED SPOTTY BISCUIT TIN', 'RED TOADSTOOL LED NIGHT LIGHT', 'RED VINTAGE SPOT BEAKER', 'ROLL WRAP 50S RED CHRISTMAS ', 'ROLL WRAP VINTAGE SPOT ', 'ROUND SNACK BOXES SET OF 4 FRUITS ', 'ROUND SNACK BOXES SET OF4 WOODLAND ', 'SCANDINAVIAN PAISLEY PICNIC BAG', 'SET OF 12 FAIRY CAKE BAKING CASES', 'SET OF 6 SNACK LOAF BAKING CASES', 'SET OF 6 TEA TIME BAKING CASES', 'SILK PURSE BABUSHKA PINK', 'SKULL AND CROSSBONES  GARLAND ', 'SPACEBOY BEAKER', 'SPACEBOY BIRTHDAY CARD', 'SPACEBOY CHILDRENS BOWL', 'SPACEBOY CHILDRENS CUP', 'TEA BAG PLATE RED RETROSPOT', 'TEA PARTY BIRTHDAY CARD', 'TEATIME ROUND PENCIL SHARPENER ', 'Segment_Corporate', 'Region_Northeast']"
564471,"['ICE CREAM BUBBLES', 'RETROSPOT CHILDRENS APRON', 'RIBBON REEL FLORA  FAUNA ', 'RIBBON REEL POLKADOTS ', 'RIBBON REEL STRIPES DESIGN ', 'ROUND SNACK BOXES SET OF4 WOODLAND ', 'SET OF 72 RETROSPOT PAPER  DOILIES', 'SET20 RED RETROSPOT PAPER NAPKINS ', 'SET6 RED SPOTTY PAPER CUPS', 'SET6 RED SPOTTY PAPER PLATES', 'Segment_Consumer', 'Region_Southeast']"
564479,"['BLACKBLUE POLKADOT UMBRELLA', 'EDWARDIAN PARASOL BLACK', 'EDWARDIAN PARASOL RED', 'I LOVE LONDON BEAKER', 'JUMBO BAG APPLES', 'JUMBO BAG RED RETROSPOT', 'JUMBO BAG SPACEBOY DESIGN', 'JUMBO BAG VINTAGE DOILY ', 'JUMBO SHOPPER VINTAGE RED PAISLEY', 'LUNCH BAG APPLE DESIGN', 'LUNCH BAG SPACEBOY DESIGN ', 'LUNCH BAG VINTAGE DOILY ', 'PLASTERS IN TIN CIRCUS PARADE ', 'PLASTERS IN TIN SPACEBOY', 'PLASTERS IN TIN WOODLAND ANIMALS', 'POPCORN HOLDER', 'RED RETROSPOT UMBRELLA', 'RED TOADSTOOL LED NIGHT LIGHT', 'SET OF 4 KNICK KNACK TINS LONDON ', 'SET OF SALT AND PEPPER TOADSTOOLS', 'SPOTTY BUNTING', 'WATERING CAN PINK BUNNY', 'Segment_Consumer', 'Region_Southeast']"
564531,"['BAG 125g SWIRLY MARBLES', 'BIRD HOUSE HOT WATER BOTTLE', 'CHICK GREY HOT WATER BOTTLE', 'CIRCUS PARADE LUNCH BOX ', 'GINGHAM HEART DECORATION', 'HAIRCLIPS FORTIES FABRIC ASSORTED', 'HOME BUILDING BLOCK WORD', 'LETS GO SHOPPING COTTON TOTE BAG', 'LOVE HOT WATER BOTTLE', 'RED GINGHAM ROSE JEWELLERY BOX', 'REGENCY CAKESTAND 3 TIER', 'RETROSPOT HEART HOT WATER BOTTLE', 'RETROSPOT SMALL TUBE MATCHES', 'SAVE THE PLANET COTTON TOTE BAG', 'SET OF 3 NOTEBOOKS IN PARCEL', 'SET3 RED GINGHAM ROSE STORAGE BOX', 'SPACEBOY LUNCH BOX ', 'WOODLAND  HEIGHT CHART STICKERS ', 'Segment_Consumer', 'Region_Southeast']"
564670,"[' DOLLY GIRL BEAKER', 'BISCUIT TIN VINTAGE GREEN', 'BISCUIT TIN VINTAGE RED', 'CHILDRENS CIRCUS PARADE MUG', 'CHILDRENS DOLLY GIRL MUG', 'CHILDRENS SPACEBOY MUG', 'CHILDRENS TOY COOKING UTENSIL SET', 'CIRCUS PARADE CHILDRENS EGG CUP ', 'CIRCUS PARADE LUNCH BOX ', 'FELT EGG COSY CHICKEN', 'LOVELY BONBON STICKER SHEET', 'MULTICOLOUR  CONFETTI IN TUBE', 'PACK OF 20 NAPKINS RED APPLES', 'PACK OF 20 SKULL PAPER NAPKINS', 'PACK OF 6 SKULL PAPER CUPS', 'PACK OF 6 SKULL PAPER PLATES', 'PARTY BUNTING', 'PINK  HEART CONFETTI IN TUBE', 'REGENCY CAKESTAND 3 TIER', 'ROUND WHITE CONFETTI IN TUBE', 'RUSTIC STRAWBERRY JAM POT SMALL', 'SET 40 HEART SHAPE PETIT FOUR CASES', 'SET OF 12 FAIRY CAKE BAKING CASES', 'SET OF 2 TEA TOWELS APPLE AND PEARS', 'SET OF 20 KIDS COOKIE CUTTERS', 'SET OF 5 MINI GROCERY MAGNETS', 'SET OF 5 PANCAKE DAY MAGNETS', 'SET OF 6 TEA TIME BAKING CASES', 'SET OF 9 BLACK SKULL BALLOONS', 'SET OF 9 HEART SHAPED BALLOONS', 'SET20 RED RETROSPOT PAPER NAPKINS ', 'SET6 RED SPOTTY PAPER CUPS', 'SET6 RED SPOTTY PAPER PLATES', 'SPACEBOY BEAKER', 'SPACEBOY CHILDRENS EGG CUP', 'SPOTTY BUNTING', 'STORAGE TIN VINTAGE DOILY ', 'TEA PARTY  WRAPPING PAPER ', 'VINTAGE RED ENAMEL TRIM JUG ', 'VINTAGE RED ENAMEL TRIM MUG ', 'VINTAGE RED ENAMEL TRIM PLATE', 'VINTAGE RED TRIM ENAMEL BOWL ', 'WHITE HEART CONFETTI IN TUBE', 'WRAP  VINTAGE DOILY ', 'WRAP DOLLY GIRL', 'WRAP GREEN PEARS ', 'WRAP RED APPLES ', 'Segment_Corporate', 'Region_Southeast']"
564897,"['ALARM CLOCK BAKELIKE GREEN', 'ALARM CLOCK BAKELIKE PINK', 'PLASTERS IN TIN CIRCUS PARADE ', 'PLASTERS IN TIN SPACEBOY', 'PLASTERS IN TIN WOODLAND ANIMALS', 'RABBIT NIGHT LIGHT', 'SET 40 HEART SHAPE PETIT FOUR CASES', 'SET OF 12 FAIRY CAKE BAKING CASES', 'SET OF 12 MINI LOAF BAKING CASES', 'SET OF 6 TEA TIME BAKING CASES', 'Segment_Corporate', 'Region_Southeast']"
564906,"['RABBIT NIGHT LIGHT', 'Segment_Consumer', 'Region_Northeast']"
564912,"['CHILDRENS CUTLERY POLKADOT PINK', 'CHILDRENS CUTLERY RETROSPOT RED ', 'DOORMAT RED RETROSPOT', 'JUMBO BAG APPLES', 'JUMBO BAG PEARS', 'JUMBO BAG RED RETROSPOT', 'JUMBO BAG SPACEBOY DESIGN', 'JUMBO BAG VINTAGE DOILY ', 'JUMBO BAG VINTAGE LEAF', 'JUMBO BAG WOODLAND ANIMALS', 'LUNCH BOX WITH CUTLERY RETROSPOT ', 'PAPER BUNTING RETROSPOT', 'RABBIT NIGHT LIGHT', 'RECYCLING BAG RETROSPOT ', 'RED RETROSPOT CUP', 'RED TOADSTOOL LED NIGHT LIGHT', 'SET20 RED RETROSPOT PAPER NAPKINS ', 'WRAP RED APPLES ', 'Segment_Consumer', 'Region_Southeast']"
565239,"['BLACKBLUE POLKADOT UMBRELLA', 'CIRCUS PARADE LUNCH BOX ', 'CUTE CATS TAPE', 'GIRAFFE WOODEN RULER', 'ICE CREAM BUBBLES', 'LUNCH BAG APPLE DESIGN', 'LUNCH BAG RED RETROSPOT', 'LUNCH BAG SPACEBOY DESIGN ', 'LUNCH BAG WOODLAND', 'LUNCH BOX I LOVE LONDON', 'LUNCH BOX WITH CUTLERY RETROSPOT ', 'RABBIT NIGHT LIGHT', 'RED RETROSPOT TAPE', 'RED RETROSPOT UMBRELLA', 'RED TOADSTOOL LED NIGHT LIGHT', 'REVOLVER WOODEN RULER ', 'SPACEBOY LUNCH BOX ', 'STARS GIFT TAPE ', 'STRAWBERRY LUNCH BOX WITH CUTLERY', 'TOADSTOOL BEDSIDE LIGHT ', 'TOADSTOOL MONEY BOX', 'WOODEN SCHOOL COLOURING SET', 'Segment_Consumer', 'Region_Northeast']"
565321,"['PACK OF 6 SKULL PAPER CUPS', 'PASTEL COLOUR HONEYCOMB FAN', 'RED RETROSPOT CAKE STAND', 'REGENCY CAKESTAND 3 TIER', 'RETROSPOT PARTY BAG  STICKER SET', 'SET10 RED POLKADOT PARTY CANDLES', 'SET20 RED RETROSPOT PAPER NAPKINS ', 'SKULL LUNCH BOX WITH CUTLERY ', 'Segment_Consumer', 'Region_Northeast']"
565322,"['BLUE POLKADOT BOWL', 'CHARLOTTE BAG PINK POLKADOT', 'PARTY INVITES WOODLAND', 'RED RETROSPOT BOWL', 'WOODLAND PARTY BAG  STICKER SET', 'Segment_Corporate', 'Region_Northeast']"
565443,"[' DOLLY GIRL BEAKER', '12 PENCILS TALL TUBE RED RETROSPOT', '12 PENCILS TALL TUBE WOODLAND', 'AIRLINE BAG VINTAGE JET SET RED', 'AIRLINE BAG VINTAGE TOKYO 78', 'ASSORTED COLOUR BIRD ORNAMENT', 'ASSORTED COLOURS SILK FAN', 'ASSORTED TUTTI FRUTTI MIRROR', 'ASSTD DESIGN RACING CAR PEN', 'BUFFALO BILL TREASURE BOOK BOX', 'BUNDLE OF 3 RETRO NOTE BOOKS', 'CAMOUFLAGE LED TORCH', 'CHILDRENS CUTLERY DOLLY GIRL ', 'CHILDRENS CUTLERY SPACEBOY ', 'DOLLY GIRL CHILDRENS BOWL', 'DOLLY GIRL CHILDRENS CUP', 'GYMKHANA TREASURE BOOK BOX', 'ICE CREAM PEN LIP GLOSS ', 'LOVE GARLAND PAINTED ZINC ', 'METAL DECORATION NAUGHTY CHILDREN ', 'MINI PAINT SET VINTAGE ', 'MODERN FLORAL STATIONERY SET', 'PARTY BUNTING', 'PINK JEWELLED MIRROR TRINKET TRAY', 'PLASTERS IN TIN WOODLAND ANIMALS', 'PURPLE PAPER PARASOL', 'RECYCLED ACAPULCO MAT BLUE', 'RECYCLED ACAPULCO MAT LAVENDER', 'RECYCLED ACAPULCO MAT RED', 'RECYCLED ACAPULCO MAT TURQUOISE', 'RED  HARMONICA IN BOX ', 'RED RETROSPOT TAPE', 'RED TOADSTOOL LED NIGHT LIGHT', 'REGENCY CAKESTAND 3 TIER', 'RETRO PLASTIC 70S TRAY', 'RETRO PLASTIC ELEPHANT TRAY', 'ROUND SNACK BOXES SET OF4 WOODLAND ', 'SAVE THE PLANET MUG', 'SET OF 2 TEA TOWELS APPLE AND PEARS', 'SET10 RED POLKADOT PARTY CANDLES', 'SNOWSTORM PHOTO FRAME FRIDGE MAGNET', 'SPACEBOY BEAKER', 'SPACEBOY CHILDRENS BOWL', 'SPACEBOY CHILDRENS CUP', 'STARS GIFT TAPE ', 'WALL TIDY RETROSPOT ', 'WHITE SPOT RED CERAMIC DRAWER KNOB', 'WOODEN HAPPY BIRTHDAY GARLAND', 'WOODEN SCHOOL COLOURING SET', 'Segment_Consumer', 'Region_Northeast']"
565587,"['CAKE STAND WHITE TWO TIER LACE', 'EDWARDIAN PARASOL NATURAL', 'LARGE BONNE JAM JAR  TLIGHT HOLDER', 'PLACE SETTING WHITE HEART', 'SWEETHEART RECIPE BOOK STAND', 'WOOD BLACK BOARD ANT WHITE FINISH', 'Segment_Corporate', 'Region_Northeast']"
565612,"['12 PENCILS TALL TUBE RED RETROSPOT', '12 PENCILS TALL TUBE WOODLAND', 'ASSORTED COLOUR MINI CASES', 'CHILDRENS APRON DOLLY GIRL ', 'CHILDRENS APRON SPACEBOY DESIGN', 'CHILDS BREAKFAST SET DOLLY GIRL ', 'CHILDS BREAKFAST SET SPACEBOY ', 'DOLLY GIRL CHILDRENS BOWL', 'DOLLY GIRL CHILDRENS CUP', 'HEADS AND TAILS SPORTING FUN', 'PICTURE DOMINOES', 'PLASTERS IN TIN CIRCUS PARADE ', 'PLASTERS IN TIN SPACEBOY', 'PLASTERS IN TIN STRONGMAN', 'PLASTERS IN TIN WOODLAND ANIMALS', 'RED RETROSPOT MINI CASES', 'RETROSPOT CHILDRENS APRON', 'SPACEBOY CHILDRENS BOWL', 'SPACEBOY CHILDRENS CUP', 'VINTAGE HEADS AND TAILS CARD GAME ', 'Segment_Corporate', 'Region_Northeast']"
565615,"['BISCUIT TIN VINTAGE RED', 'CHILDRENS SPACEBOY MUG', 'CHILDRENS TOY COOKING UTENSIL SET', 'CIRCUS PARADE CHILDRENS EGG CUP ', 'MULTICOLOUR  CONFETTI IN TUBE', 'REGENCY CAKESTAND 3 TIER', 'RUSTIC STRAWBERRY JAM POT SMALL', 'STORAGE TIN VINTAGE DOILY ', 'VINTAGE RED ENAMEL TRIM PLATE', 'Segment_Corporate', 'Region_Northeast']"
565801,"['36 DOILIES DOLLY GIRL', 'ALARM CLOCK BAKELIKE GREEN', 'ALARM CLOCK BAKELIKE ORANGE', 'CHARLOTTE BAG DOLLY GIRL DESIGN', 'CHILDRENS CUTLERY POLKADOT GREEN ', 'DOLLY GIRL LUNCH BOX', 'JAM JAR WITH GREEN LID', 'JAM JAR WITH PINK LID', 'JAM MAKING SET PRINTED', 'JUMBO BAG DOLLY GIRL DESIGN', 'JUMBO BAG PINK POLKADOT', 'JUMBO BAG VINTAGE DOILY ', 'JUMBO BAG WOODLAND ANIMALS', 'LUNCH BAG SPACEBOY DESIGN ', 'LUNCH BAG VINTAGE DOILY ', 'LUNCH BAG WOODLAND', 'PLASTERS IN TIN SPACEBOY', 'PLASTERS IN TIN WOODLAND ANIMALS', 'REGENCY CAKESTAND 3 TIER', 'ROUND SNACK BOXES SET OF4 WOODLAND ', 'SET OF 36 DOILIES SPACEBOY DESIGN ', 'SET OF 4 ENGLISH ROSE COASTERS', 'STORAGE TIN VINTAGE DOILY ', 'WOODLAND STORAGE BOX LARGE ', 'WRAP  VINTAGE DOILY ', 'Segment_Corporate', 'Region_Northeast']"
565854,"['200 RED  WHITE BENDY STRAWS', 'APPLE BATH SPONGE', 'BLUE HARMONICA IN BOX ', 'CHILDRENS APRON APPLES DESIGN', 'CHILDRENS APRON SPACEBOY DESIGN', 'CHILDRENS CUTLERY DOLLY GIRL ', 'CHILDRENS CUTLERY POLKADOT BLUE', 'CHILDRENS CUTLERY POLKADOT PINK', 'CHILDRENS CUTLERY SPACEBOY ', 'CHRISTMAS TOILET ROLL', 'FOOD CONTAINER SET 3 LOVE HEART ', 'FRIDGE MAGNETS US DINER ASSORTED', 'ICE CREAM BUBBLES', 'LUNCH BAG  BLACK SKULL.', 'LUNCH BAG APPLE DESIGN', 'LUNCH BAG RED RETROSPOT', 'LUNCH BAG SPACEBOY DESIGN ', 'LUNCH BAG WOODLAND', 'OFFICE MUG WARMER PINK', 'PACK OF 20 SPACEBOY NAPKINS', 'PARTY PIZZA DISH RED RETROSPOT', 'PINK  HEART SHAPE LOVE BUCKET ', 'POPCORN HOLDER', 'RED  HARMONICA IN BOX ', 'RED HEART SHAPE LOVE BUCKET ', 'RED RETROSPOT PICNIC BAG', 'RED TOADSTOOL LED NIGHT LIGHT', 'ROUND SNACK BOXES SET OF 4 FRUITS ', 'ROUND SNACK BOXES SET OF4 WOODLAND ', 'SET OF 5 PANCAKE DAY MAGNETS', 'SET10 BLUE POLKADOT PARTY CANDLES', 'SET10 PINK POLKADOT PARTY CANDLES', 'SET10 RED POLKADOT PARTY CANDLES', 'SET20 RED RETROSPOT PAPER NAPKINS ', 'SET6 RED SPOTTY PAPER CUPS', 'SET6 RED SPOTTY PAPER PLATES', 'SPACEBOY BIRTHDAY CARD', 'SPACEBOY CHILDRENS BOWL', 'SPACEBOY LUNCH BOX ', 'TEA PARTY BIRTHDAY CARD', 'TOAST ITS  BEST MUM', 'Segment_Corporate', 'Region_Northeast']"
565865,"[' DOLLY GIRL BEAKER', '36 PENCILS TUBE RED RETROSPOT', 'ALARM CLOCK BAKELIKE GREEN', 'ALARM CLOCK BAKELIKE IVORY', 'ALARM CLOCK BAKELIKE ORANGE', 'ALARM CLOCK BAKELIKE PINK', 'ALARM CLOCK BAKELIKE RED ', 'BALLOONS  WRITING SET ', 'BIRD DECORATION RED RETROSPOT', 'BOX OF 24 COCKTAIL PARASOLS', 'BUNDLE OF 3 ALPHABET EXERCISE BOOKS', 'BUNDLE OF 3 SCHOOL EXERCISE BOOKS  ', 'CARD DOLLY GIRL ', 'CHARLOTTE BAG APPLES DESIGN', 'CHARLOTTE BAG DOLLY GIRL DESIGN', 'CHARLOTTE BAG PINK POLKADOT', 'CHARLOTTE BAG VINTAGE ALPHABET ', 'CHILDRENS CUTLERY DOLLY GIRL ', 'CHILDRENS CUTLERY SPACEBOY ', 'CIRCUS PARADE LUNCH BOX ', 'COFFEE MUG APPLES DESIGN', 'COFFEE MUG PEARS  DESIGN', 'DINOSAURS  WRITING SET ', 'DOLLY GIRL CHILDRENS BOWL', 'DOLLY GIRL CHILDRENS CUP', 'FELTCRAFT CHRISTMAS FAIRY', 'FELTCRAFT PRINCESS LOLA DOLL', 'I LOVE LONDON BEAKER', 'JUMBO BAG ALPHABET', 'JUMBO BAG APPLES', 'JUMBO BAG DOLLY GIRL DESIGN', 'JUMBO BAG PEARS', 'JUMBO BAG SPACEBOY DESIGN', 'LUNCH BAG ALPHABET DESIGN', 'LUNCH BAG APPLE DESIGN', 'LUNCH BAG DOLLY GIRL DESIGN', 'LUNCH BAG PINK POLKADOT', 'LUNCH BAG SPACEBOY DESIGN ', 'LUNCH BAG VINTAGE DOILY ', 'LUNCH BOX I LOVE LONDON', 'LUNCH BOX WITH CUTLERY RETROSPOT ', 'MAGIC DRAWING SLATE CIRCUS PARADE  ', 'MAGNETS PACK OF 4 SWALLOWS', 'MINI PAINT SET VINTAGE ', 'PHOTO CUBE', 'PLASTERS IN TIN CIRCUS PARADE ', 'PLASTERS IN TIN SPACEBOY', 'PLASTERS IN TIN WOODLAND ANIMALS', 'RED RETROSPOT CHARLOTTE BAG', 'RED RETROSPOT CHILDRENS UMBRELLA', 'RED RETROSPOT MINI CASES', 'RED RETROSPOT TAPE', 'REGENCY TEA PLATE ROSES ', 'REGENCY TEAPOT ROSES ', 'ROUND SNACK BOXES SET OF4 WOODLAND ', 'SET 7 BABUSHKA NESTING BOXES', 'SET OF 10 LED DOLLY LIGHTS', 'SET OF 4 KNICK KNACK TINS LONDON ', 'SET20 RED RETROSPOT PAPER NAPKINS ', 'SET6 RED SPOTTY PAPER CUPS', 'SET6 RED SPOTTY PAPER PLATES', 'SKULL LUNCH BOX WITH CUTLERY ', 'SPACEBOY BIRTHDAY CARD', 'SPACEBOY CHILDRENS BOWL', 'TREASURE TIN GYMKHANA DESIGN', 'VINTAGE DONKEY TAIL GAME ', 'WOODLAND  STICKERS', 'Segment_Corporate', 'Region_Northeast']"
565930,"['36 FOIL HEART CAKE CASES', '36 FOIL STAR CAKE CASES ', '36 PENCILS TUBE RED RETROSPOT', '3D VINTAGE CHRISTMAS STICKERS ', 'AIRLINE BAG VINTAGE WORLD CHAMPION ', 'ALARM CLOCK BAKELIKE GREEN', 'ALARM CLOCK BAKELIKE ORANGE', 'ALARM CLOCK BAKELIKE PINK', 'ALARM CLOCK BAKELIKE RED ', 'BAKING MOULD HEART MILK CHOCOLATE', 'BAKING SET 9 PIECE RETROSPOT ', 'BAKING SET SPACEBOY DESIGN', 'BALLOON PUMP WITH 10 BALLOONS', 'BIRD HOUSE HOT WATER BOTTLE', 'BLUE ROSE FABRIC MIRROR', 'BOX OF 24 COCKTAIL PARASOLS', 'CHRISTMAS CRAFT WHITE FAIRY ', 'CHRISTMAS RETROSPOT ANGEL WOOD', 'COWBOYS AND INDIANS BIRTHDAY CARD ', 'FELTCRAFT CHRISTMAS FAIRY', 'FOLDING BUTTERFLY MIRROR HOT PINK ', 'FOLDING UMBRELLA PINKWHITE POLKADOT', 'FOLDING UMBRELLA REDWHITE POLKADOT', 'GIANT 50S CHRISTMAS CRACKER', 'GINGERBREAD MAN COOKIE CUTTER', 'ICE CREAM SUNDAE LIP GLOSS', 'JOY WOODEN BLOCK LETTERS', 'JUMBO BAG PINK POLKADOT', 'JUMBO BAG WOODLAND ANIMALS', 'PHOTO CUBE', 'PINK VINTAGE SPOT BEAKER', 'PINKPURPLE RETRO RADIO', 'PLASTERS IN TIN SPACEBOY', 'PLASTERS IN TIN WOODLAND ANIMALS', 'POPPYS PLAYHOUSE BEDROOM ', 'POPPYS PLAYHOUSE KITCHEN', 'RAINY LADIES BIRTHDAY CARD', 'RETROSPOT HEART HOT WATER BOTTLE', 'RETROSPOT PARTY BAG  STICKER SET', 'ROBOT BIRTHDAY CARD', 'ROCKING HORSE GREEN CHRISTMAS ', 'ROCKING HORSE RED CHRISTMAS ', 'SEASIDE FLYING DISC', 'SET OF 12 FAIRY CAKE BAKING CASES', 'SET OF 12 MINI LOAF BAKING CASES', 'SET OF 2 CERAMIC CHRISTMAS REINDEER', 'SET OF 3 WOODEN SLEIGH DECORATIONS', 'SET OF 4 FAIRY CAKE PLACEMATS', 'SET OF 5 PANCAKE DAY MAGNETS', 'SET OF 6 TEA TIME BAKING CASES', 'SET OF 6 TLIGHTS SNOWMEN', 'SILVER TEDDY BEAR', 'SPACEBOY BIRTHDAY CARD', 'STAR WREATH DECORATION WITH BELL', 'TEA PARTY BIRTHDAY CARD', 'TREASURE TIN BUFFALO BILL ', 'TREASURE TIN GYMKHANA DESIGN', 'VINTAGE HEADS AND TAILS CARD GAME ', 'WHITE BAMBOO RIBS LAMPSHADE', 'WOODEN HAPPY BIRTHDAY GARLAND', 'WOODLAND PARTY BAG  STICKER SET', 'WRAP 50S  CHRISTMAS', 'ZINC FOLKART SLEIGH BELLS', 'Segment_Corporate', 'Region_Northeast']"
565931,"[' DOLLY GIRL BEAKER', 'ABC TREASURE BOOK BOX ', 'BROWN CHECK CAT DOORSTOP ', 'CHARLOTTE BAG VINTAGE ALPHABET ', 'CLOTHES PEGS RETROSPOT PACK 24 ', 'DOLLY GIRL CHILDRENS BOWL', 'DOLLY GIRL LUNCH BOX', 'DOORMAT RED RETROSPOT', 'FAWN BLUE HOT WATER BOTTLE', 'GIRLS VINTAGE TIN SEASIDE BUCKET', 'GYMKHANA TREASURE BOOK BOX', 'HAND WARMER RED RETROSPOT', 'JAM MAKING SET WITH JARS', 'PACK OF 12 DOLLY GIRL TISSUES', 'PLASTERS IN TIN SPACEBOY', 'RED RETROSPOT BOWL', 'RED RETROSPOT PLATE ', 'SNOWSTORM PHOTO FRAME FRIDGE MAGNET', 'SPACEBOY BEAKER', 'SPACEBOY CHILDRENS BOWL', 'SPACEBOY LUNCH BOX ', 'TREASURE TIN GYMKHANA DESIGN', 'Segment_Corporate', 'Region_Northeast']"
566074,"['AMETHYST CHUNKY BEAD BRACELET W STR', 'BAKING SET 9 PIECE RETROSPOT ', 'BELLE JARDINIERE CUSHION COVER', 'BLACK CHUNKY BEAD BRACELET W STRAP', 'BLACK KITCHEN SCALES', 'CHOCOLATE HOT WATER BOTTLE', 'CLOTHES PEGS RETROSPOT PACK 24 ', 'HANGING HEART BONHEUR', 'HOME SWEET HOME CUSHION COVER ', 'IVORY KITCHEN SCALES', 'LA JARDIN BOTANIQUE CUSHION COVER', 'POLYESTER FILLER PAD 40x40cm', 'RED KITCHEN SCALES', 'RED RETROSPOT PEG BAG', 'RETROSPOT HEART HOT WATER BOTTLE', 'SCOTTIE DOG HOT WATER BOTTLE', 'Segment_Consumer', 'Region_Southeast']"
566115,"['10 COLOUR SPACEBOY PEN', '12 PENCILS TALL TUBE WOODLAND', 'ALARM CLOCK BAKELIKE GREEN', 'ALARM CLOCK BAKELIKE PINK', 'ALARM CLOCK BAKELIKE RED ', 'CARD DOLLY GIRL ', 'CHILDRENS CUTLERY DOLLY GIRL ', 'CHILDRENS CUTLERY POLKADOT PINK', 'CHILDRENS CUTLERY SPACEBOY ', 'ICE CREAM SUNDAE LIP GLOSS', 'PACK OF 12 SPACEBOY TISSUES', 'PACK OF 12 VINTAGE LEAF TISSUES ', 'PACK OF 12 WOODLAND TISSUES ', 'PACK OF 6 LARGE FRUIT STRAWS ', 'ROUND SNACK BOXES SET OF4 WOODLAND ', 'SET OF 4 KNICK KNACK TINS LEAF', 'SILK PURSE BABUSHKA PINK', 'SMALL YELLOW BABUSHKA NOTEBOOK ', 'SPACEBOY BIRTHDAY CARD', 'SPACEBOY CHILDRENS BOWL', 'WOODLAND  STICKERS', 'Segment_Consumer', 'Region_Southeast']"
566163,"[' DOLLY GIRL BEAKER', '36 PENCILS TUBE RED RETROSPOT', 'ALARM CLOCK BAKELIKE GREEN', 'ALARM CLOCK BAKELIKE IVORY', 'ALARM CLOCK BAKELIKE ORANGE', 'ALARM CLOCK BAKELIKE PINK', 'ALARM CLOCK BAKELIKE RED ', 'BALLOONS  WRITING SET ', 'BIRD DECORATION RED RETROSPOT', 'BOX OF 24 COCKTAIL PARASOLS', 'BUNDLE OF 3 ALPHABET EXERCISE BOOKS', 'BUNDLE OF 3 SCHOOL EXERCISE BOOKS  ', 'CARD DOLLY GIRL ', 'CHARLOTTE BAG APPLES DESIGN', 'CHARLOTTE BAG DOLLY GIRL DESIGN', 'CHARLOTTE BAG PINK POLKADOT', 'CHARLOTTE BAG VINTAGE ALPHABET ', 'CHILDRENS CUTLERY DOLLY GIRL ', 'CHILDRENS CUTLERY SPACEBOY ', 'CIRCUS PARADE LUNCH BOX ', 'COFFEE MUG APPLES DESIGN', 'COFFEE MUG PEARS  DESIGN', 'DINOSAURS  WRITING SET ', 'DOLLY GIRL CHILDRENS BOWL', 'DOLLY GIRL CHILDRENS CUP', 'FELTCRAFT CHRISTMAS FAIRY', 'FELTCRAFT PRINCESS LOLA DOLL', 'I LOVE LONDON BEAKER', 'JUMBO BAG ALPHABET', 'JUMBO BAG APPLES', 'JUMBO BAG DOLLY GIRL DESIGN', 'JUMBO BAG PEARS', 'JUMBO BAG SPACEBOY DESIGN', 'LUNCH BAG ALPHABET DESIGN', 'LUNCH BAG APPLE DESIGN', 'LUNCH BAG DOLLY GIRL DESIGN', 'LUNCH BAG PINK POLKADOT', 'LUNCH BAG SPACEBOY DESIGN ', 'LUNCH BAG VINTAGE DOILY ', 'LUNCH BOX I LOVE LONDON', 'LUNCH BOX WITH CUTLERY RETROSPOT ', 'MAGIC DRAWING SLATE CIRCUS PARADE  ', 'MAGNETS PACK OF 4 SWALLOWS', 'MINI PAINT SET VINTAGE ', 'PHOTO CUBE', 'PLASTERS IN TIN CIRCUS PARADE ', 'PLASTERS IN TIN SPACEBOY', 'PLASTERS IN TIN WOODLAND ANIMALS', 'RED RETROSPOT CHARLOTTE BAG', 'RED RETROSPOT CHILDRENS UMBRELLA', 'RED RETROSPOT MINI CASES', 'RED RETROSPOT TAPE', 'REGENCY TEA PLATE ROSES ', 'REGENCY TEAPOT ROSES ', 'ROUND SNACK BOXES SET OF4 WOODLAND ', 'SET 7 BABUSHKA NESTING BOXES', 'SET OF 10 LED DOLLY LIGHTS', 'SET OF 4 KNICK KNACK TINS LONDON ', 'SET20 RED RETROSPOT PAPER NAPKINS ', 'SET6 RED SPOTTY PAPER CUPS', 'SET6 RED SPOTTY PAPER PLATES', 'SKULL LUNCH BOX WITH CUTLERY ', 'SPACEBOY BIRTHDAY CARD', 'SPACEBOY CHILDRENS BOWL', 'TREASURE TIN GYMKHANA DESIGN', 'VINTAGE DONKEY TAIL GAME ', 'WOODLAND  STICKERS', 'Segment_Corporate', 'Region_Northeast']"
566256,"['ALARM CLOCK BAKELIKE GREEN', 'ALARM CLOCK BAKELIKE IVORY', 'FAIRY CAKE BIRTHDAY CANDLE SET', 'FUNKY WASHING UP GLOVES ASSORTED', 'PASTEL COLOUR HONEYCOMB FAN', 'RED RETROSPOT CHILDRENS UMBRELLA', 'Segment_Consumer', 'Region_Northeast']"
566492,"['STRAWBERRY CERAMIC TRINKET BOX', 'Segment_Corporate', 'Region_Southeast']"
566736,"['3 PIECE SPACEBOY COOKIE CUTTER SET', 'CACTI TLIGHT CANDLES', 'MAGIC DRAWING SLATE BUNNIES ', 'MAGIC DRAWING SLATE CIRCUS PARADE  ', 'MAGIC DRAWING SLATE GO TO THE FAIR ', 'MINI JIGSAW SPACEBOY', 'PACK OF 20 NAPKINS RED APPLES', 'PACK OF 6 SKULL PAPER CUPS', 'PACK OF 6 SKULL PAPER PLATES', 'RED RETROSPOT WRAP ', 'RIBBON REEL POLKADOTS ', 'RIBBON REEL STRIPES DESIGN ', 'SET OF 9 BLACK SKULL BALLOONS', 'SET20 RED RETROSPOT PAPER NAPKINS ', 'SET6 RED SPOTTY PAPER CUPS', 'SET6 RED SPOTTY PAPER PLATES', 'SKULL AND CROSSBONES  GARLAND ', 'SKULLS  STICKERS', 'STARS GIFT TAPE ', 'WRAP RED APPLES ', 'Segment_Corporate', 'Region_Northeast']"
566816,"[' SPACEBOY BABY GIFT SET', 'ASSORTED COLOUR BIRD ORNAMENT', 'BLUE HARMONICA IN BOX ', 'CHERUB HEART DECORATION GOLD', 'CHILDRENS APRON DOLLY GIRL ', 'CHILDRENS APRON SPACEBOY DESIGN', 'CHRISTMAS TREE HANGING GOLD', 'DOLLY GIRL BABY GIFT SET', 'DOORMAT HOME SWEET HOME BLUE ', 'DOORMAT PEACE ON EARTH BLUE', 'DOORMAT RED RETROSPOT', 'DOORMAT SPOTTY HOME SWEET HOME', 'DOORMAT UNION FLAG', 'FAWN BLUE HOT WATER BOTTLE', 'I LOVE LONDON BABY GIFT SET', 'KNITTED UNION FLAG HOT WATER BOTTLE', 'LUNCH BAG DOLLY GIRL DESIGN', 'LUNCH BAG RED RETROSPOT', 'LUNCH BAG SPACEBOY DESIGN ', 'MINI PAINT SET VINTAGE ', 'QUEENS GUARD COFFEE MUG', 'RED  HARMONICA IN BOX ', 'RED WOOLLY HOTTIE WHITE HEART.', 'REGENCY CAKESTAND 3 TIER', 'REGENCY TEA PLATE GREEN ', 'REGENCY TEA PLATE ROSES ', 'ROLL WRAP 50S RED CHRISTMAS ', 'ROLL WRAP VINTAGE CHRISTMAS', 'SPACEBOY BEAKER', 'SPACEBOY LUNCH BOX ', 'WHITE SKULL HOT WATER BOTTLE ', 'Segment_Consumer', 'Region_Southeast']"
566873,"[' I LOVE LONDON MINI BACKPACK', 'CIRCUS PARADE LUNCH BOX ', 'DOLLY GIRL LUNCH BOX', 'DOLLY GIRL MINI BACKPACK', 'LUNCH BAG RED RETROSPOT', 'PACK OF 72 RETROSPOT CAKE CASES', 'RED RETROSPOT CHILDRENS UMBRELLA', 'RED TOADSTOOL LED NIGHT LIGHT', 'SET20 RED RETROSPOT PAPER NAPKINS ', 'SET6 RED SPOTTY PAPER CUPS', 'SET6 RED SPOTTY PAPER PLATES', 'SPACEBOY BIRTHDAY CARD', 'SPACEBOY MINI BACKPACK', 'TEA PARTY BIRTHDAY CARD', 'WOODLAND MINI BACKPACK', 'Segment_Corporate', 'Region_Southeast']"
566918,"['BLACK CHRISTMAS TREE 120CM', 'DOORMAT HEARTS', 'Segment_Corporate', 'Region_Northeast']"
566960,"['CHILDS BREAKFAST SET SPACEBOY ', 'Segment_Corporate', 'Region_Southeast']"
567091,"['JAM MAKING SET WITH JARS', 'Segment_Consumer', 'Region_Southeast']"
567191,"['BLUE VINTAGE SPOT BEAKER', 'CHARLOTTE BAG DOLLY GIRL DESIGN', 'CHARLOTTE BAG SUKI DESIGN', 'DOLLY GIRL LUNCH BOX', 'DOLLY GIRL MINI BACKPACK', 'FAIRY TALE COTTAGE NIGHT LIGHT', 'LUNCH BAG APPLE DESIGN', 'LUNCH BAG PINK POLKADOT', 'LUNCH BAG RED RETROSPOT', 'LUNCH BAG SPACEBOY DESIGN ', 'LUNCH BAG SUKI DESIGN ', 'LUNCH BAG VINTAGE DOILY ', 'RED POLKADOT BEAKER ', 'RED TOADSTOOL LED NIGHT LIGHT', 'RED VINTAGE SPOT BEAKER', 'RETRO PLASTIC ELEPHANT TRAY', 'SPACEBOY LUNCH BOX ', 'SPACEBOY MINI BACKPACK', 'TOADSTOOL MONEY BOX', 'WOODLAND MINI BACKPACK', 'Segment_Corporate', 'Region_Northeast']"
567293,"['ALARM CLOCK BAKELIKE GREEN', 'ALARM CLOCK BAKELIKE IVORY', 'ALARM CLOCK BAKELIKE RED ', 'ASSORTED COLOUR MINI CASES', 'BAG 125g SWIRLY MARBLES', 'BLUE DINER WALL CLOCK', 'BOTTLE BAG RETROSPOT ', 'BOX OF 6 MINI 50S CRACKERS', 'BREAD BIN DINER STYLE IVORY', 'CERAMIC HEART FAIRY CAKE MONEY BANK', 'DOORMAT UNION FLAG', 'FRYING PAN UNION FLAG', 'GREEN REGENCY TEACUP AND SAUCER', 'GUMBALL COAT RACK', 'IVORY DINER WALL CLOCK', 'IVORY KITCHEN SCALES', 'JAM MAKING SET PRINTED', 'JUMBO BAG VINTAGE CHRISTMAS ', 'PINK REGENCY TEACUP AND SAUCER', 'RECYCLING BAG RETROSPOT ', 'RED DINER WALL CLOCK', 'RED RETROSPOT SMALL MILK JUG', 'RED RETROSPOT SUGAR JAM BOWL', 'RED RETROSPOT TEA CUP AND SAUCER ', 'REGENCY CAKE FORK', 'REGENCY CAKE SLICE', 'REGENCY CAKESTAND 3 TIER', 'REGENCY MILK JUG PINK ', 'REGENCY SUGAR BOWL GREEN', 'REGENCY TEA SPOON', 'RETROSPOT HEART HOT WATER BOTTLE', 'ROSES REGENCY TEACUP AND SAUCER ', 'S6 WOODEN SKITTLES IN COTTON BAG', 'SCOTTIE DOG HOT WATER BOTTLE', 'SET OF 6 SOLDIER SKITTLES', 'SILVER STARS TABLE DECORATION', 'SQUARECUSHION COVER PINK UNION JACK', 'TEA BAG PLATE RED RETROSPOT', 'TRADITIONAL WOODEN SKIPPING ROPE', 'VINTAGE UNION JACK CUSHION COVER', 'WOODEN BOX OF DOMINOES', 'Segment_Corporate', 'Region_Northeast']"
567296,"[' TRELLIS COAT RACK', 'ASSORTED COLOUR MINI CASES', 'EDWARDIAN PARASOL BLACK', 'EDWARDIAN PARASOL NATURAL', 'FOOT STOOL HOME SWEET HOME ', 'HANGING QUILTED PATCHWORK APPLES', 'ICE CREAM BUBBLES', 'LUNCH BAG RED RETROSPOT', 'LUNCH BAG VINTAGE DOILY ', 'LUNCH BAG WOODLAND', 'RED RETROSPOT MINI CASES', 'SET OF 6 TEA TIME BAKING CASES', 'SET OF 72 RETROSPOT PAPER  DOILIES', 'STOOL HOME SWEET HOME ', 'TEA PARTY BIRTHDAY CARD', 'TRAVEL CARD WALLET KEEP CALM', 'TRAVEL CARD WALLET PANTRY', 'Segment_Consumer', 'Region_Northeast']"
567300,"[' I LOVE LONDON MINI BACKPACK', '3 PIECE SPACEBOY COOKIE CUTTER SET', 'CHILDRENS CUTLERY CIRCUS PARADE', 'CHILDRENS CUTLERY DOLLY GIRL ', 'CHILDRENS CUTLERY POLKADOT PINK', 'CHILDRENS CUTLERY SPACEBOY ', 'CIRCUS PARADE LUNCH BOX ', 'DINOSAUR LUNCH BOX WITH CUTLERY', 'DOLLY GIRL LUNCH BOX', 'DOLLY GIRL MINI BACKPACK', 'I LOVE LONDON BEAKER', 'ICE CREAM BUBBLES', 'LUNCH BOX I LOVE LONDON', 'NOEL WOODEN BLOCK LETTERS ', 'ROUND SNACK BOXES SET OF4 WOODLAND ', 'SET OF 10 LED DOLLY LIGHTS', 'SET OF 4 KNICK KNACK TINS DOILY ', 'SET OF 4 KNICK KNACK TINS LEAF', 'SET OF 4 KNICK KNACK TINS LONDON ', 'SPACEBOY BEAKER', 'SPACEBOY LUNCH BOX ', 'SPACEBOY MINI BACKPACK', 'SPACEBOY ROCKET LOLLY MAKERS', 'STRAWBERRY LUNCH BOX WITH CUTLERY', 'WOODLAND BUNNIES LOLLY MAKERS', 'WOODLAND MINI BACKPACK', 'Segment_Corporate', 'Region_Northeast']"
567380,"['CHARLOTTE BAG APPLES DESIGN', 'DAIRY MAID STRIPE MUG', 'ENGLISH ROSE GARDEN SECATEURS', 'FRENCH STYLE STORAGE JAR BONBONS', 'GREEN POLKADOT BOWL', 'GREEN VINTAGE SPOT BEAKER', 'HOMEMADE JAM SCENTED CANDLES', 'LOLITA  DESIGN  COTTON TOTE BAG', 'LUNCH BAG CARS BLUE', 'PACKING CHARGE', 'PINK POLKADOT BOWL', 'RED POLKADOT BEAKER ', 'RED RETROSPOT BUTTER DISH', 'RED RETROSPOT CHARLOTTE BAG', 'RED RETROSPOT ROUND CAKE TINS', 'RED RETROSPOT SHOPPING BAG', 'RED RETROSPOT SMALL MILK JUG', 'RED RETROSPOT SUGAR JAM BOWL', 'RETRO PLASTIC 70S TRAY', 'RETRO PLASTIC ELEPHANT TRAY', 'RETROSPOT LARGE MILK JUG', 'SET 3 RETROSPOT TEA,COFFEE,SUGAR', 'WHITE GOOSE FEATHER CHRISTMAS TREE ', 'WHITE TEA,COFFEE,SUGAR JARS', 'Segment_Consumer', 'Region_Southeast']"
567552,"['ALARM CLOCK BAKELIKE GREEN', 'ALARM CLOCK BAKELIKE PINK', 'ALARM CLOCK BAKELIKE RED ', 'CLASSIC GLASS COOKIE JAR', 'DOLLY GIRL MINI BACKPACK', 'FAIRY TALE COTTAGE NIGHT LIGHT', 'GIRAFFE WOODEN RULER', 'GLASS CLOCHE SMALL', 'LUNCH BOX I LOVE LONDON', 'MINI PAINT SET VINTAGE ', 'POPCORN HOLDER', 'RED RETROSPOT SHOPPING BAG', 'RED SPOT PAPER GIFT BAG', 'RED TOADSTOOL LED NIGHT LIGHT', 'RETROSPOT PARTY BAG  STICKER SET', 'ROUND SNACK BOXES SET OF4 WOODLAND ', 'SET 6 SCHOOL MILK BOTTLES IN CRATE', 'SET OF 72 RETROSPOT PAPER  DOILIES', 'SPACEBOY MINI BACKPACK', 'VINTAGE CHRISTMAS PAPER GIFT BAG', 'WOODLAND MINI BACKPACK', 'Segment_Consumer', 'Region_Northeast']"
567618,"['60 CAKE CASES DOLLY GIRL DESIGN', '72 SWEETHEART FAIRY CAKE CASES', 'CHILDRENS APRON DOLLY GIRL ', 'CHILDRENS APRON SPACEBOY DESIGN', 'DOLLY GIRL MINI BACKPACK', 'ICE CREAM BUBBLES', 'JUMBO BAG DOLLY GIRL DESIGN', 'JUMBO BAG SPACEBOY DESIGN', 'LUNCH BAG RED RETROSPOT', 'PACK OF 60 SPACEBOY CAKE CASES', 'PINK PARTY BAGS', 'RED  HARMONICA IN BOX ', 'RED RETROSPOT WRAP ', 'SPACEBOY GIFT WRAP', 'SPACEBOY MINI BACKPACK', 'TEA PARTY  WRAPPING PAPER ', 'WOODLAND MINI BACKPACK', 'WRAP  VINTAGE DOILY ', 'WRAP DOLLY GIRL', 'WRAP ENGLISH ROSE ', 'WRAP GINGHAM ROSE ', 'WRAP PINK FAIRY CAKES ', 'WRAP RED APPLES ', 'Segment_Consumer', 'Region_Southeast']"
567640,"['CHILDRENS APRON APPLES DESIGN', 'PINK FAIRY CAKE CHILDRENS APRON', 'RED RETROSPOT TAPE', 'RETROSPOT CHILDRENS APRON', 'SET OF 12 FAIRY CAKE BAKING CASES', 'SET OF 12 MINI LOAF BAKING CASES', 'Segment_Corporate', 'Region_Southeast']"
567657,"['BLUE DINER WALL CLOCK', 'HAND WARMER SCOTTY DOG DESIGN', 'RED KITCHEN SCALES', 'RED RETROSPOT BUTTER DISH', 'SINGLE ANTIQUE ROSE HOOK IVORY', 'SWEETHEART 3 TIER CAKE STAND ', 'TREASURE TIN GYMKHANA DESIGN', 'WRAP  VINTAGE DOILY ', 'Segment_Consumer', 'Region_Northeast']"
567756,"['FRENCH ENAMEL CANDLEHOLDER', 'MINI CAKE STAND TLIGHT HOLDER', 'PACK OF 60 MUSHROOM CAKE CASES', 'PACK OF 60 PINK PAISLEY CAKE CASES', 'PACK OF 72 RETROSPOT CAKE CASES', 'SET OF 12 FAIRY CAKE BAKING CASES', 'SET OF 12 MINI LOAF BAKING CASES', 'SET OF 6 SNACK LOAF BAKING CASES', 'SET OF 6 TEA TIME BAKING CASES', 'Segment_Consumer', 'Region_Southeast']"
567793,"['AGED GLASS SILVER TLIGHT HOLDER', 'CHARLOTTE BAG APPLES DESIGN', 'CLASSIC GLASS COOKIE JAR', 'COOK WITH WINE METAL SIGN ', 'GREEN REGENCY TEACUP AND SAUCER', 'LANTERN CREAM GAZEBO ', 'LUNCH BAG VINTAGE DOILY ', 'MINT KITCHEN SCALES', 'OVEN MITT APPLES DESIGN', 'PACK OF 72 RETROSPOT CAKE CASES', 'POTTERING IN THE SHED METAL SIGN', 'QUEENS GUARD COFFEE MUG', 'RED KITCHEN SCALES', 'REGENCY CAKESTAND 3 TIER', 'REGENCY MILK JUG PINK ', 'REGENCY SUGAR BOWL GREEN', 'REGENCY SUGAR TONGS', 'REGENCY TEA PLATE GREEN ', 'REGENCY TEAPOT ROSES ', 'SET 2 TEA TOWELS I LOVE LONDON ', 'SET OF 2 WOODEN MARKET CRATES', 'SET OF 3 CAKE TINS SKETCHBOOK', 'SET OF 60 I LOVE LONDON CAKE CASES ', 'SOLDIERS EGG CUP ', 'TABLECLOTH RED APPLES DESIGN ', 'WOOD BLACK BOARD ANT WHITE FINISH', 'WRAP I LOVE LONDON ', 'Segment_Consumer', 'Region_Northeast']"
567910,"['PACK OF 20 SKULL PAPER NAPKINS', 'PACK OF 6 SKULL PAPER CUPS', 'PACK OF 6 SKULL PAPER PLATES', 'PACK OF 72 SKULL CAKE CASES', 'PAPER BUNTING RETROSPOT', 'PARTY BUNTING', 'SET OF 9 HEART SHAPED BALLOONS', 'SET10 BLUE POLKADOT PARTY CANDLES', 'SET10 PINK POLKADOT PARTY CANDLES', 'Segment_Corporate', 'Region_Southeast']"
567915,"['36 PENCILS TUBE WOODLAND', 'ASSORTED COLOUR MINI CASES', 'BLUE POLKADOT CUP', 'BLUE POLKADOT PLATE ', 'BLUE ROSE FABRIC MIRROR', 'CHARLOTTE BAG APPLES DESIGN', 'CHARLOTTE BAG DOLLY GIRL DESIGN', 'DOLLY GIRL CHILDRENS BOWL', 'DOLLY MIXTURE CHILDRENS UMBRELLA', 'GIRLS VINTAGE TIN SEASIDE BUCKET', 'PLASTERS IN TIN SPACEBOY', 'PLASTERS IN TIN WOODLAND ANIMALS', 'RED HEART SHAPE LOVE BUCKET ', 'RED RETROSPOT CHILDRENS UMBRELLA', 'RED RETROSPOT MINI CASES', 'RED RETROSPOT PURSE ', 'RED RETROSPOT WRAP ', 'REGENCY CAKESTAND 3 TIER', 'SKULLS  DESIGN  COTTON TOTE BAG', 'SKULLS AND CROSSBONES WRAP', 'SMALL RED RETROSPOT WINDMILL', 'SOMBRERO ', 'SPACEBOY CHILDRENS BOWL', 'WATERING CAN PINK BUNNY', 'WHEELBARROW FOR CHILDREN ', 'WOODLAND CHARLOTTE BAG', 'WRAP CAROUSEL', 'WRAP ENGLISH ROSE ', 'Segment_Corporate', 'Region_Northeast']"
568040,"['BLACK RECORD COVER FRAME', 'BOX OF 24 COCKTAIL PARASOLS', 'CALENDAR PAPER CUT DESIGN', 'CHARLOTTE BAG APPLES DESIGN', 'CHARLOTTE BAG PINK POLKADOT', 'CLASSIC CAFE SUGAR DISPENSER', 'COFFEE MUG CAT  BIRD DESIGN', 'FOLDING UMBRELLA REDWHITE POLKADOT', 'GUMBALL COAT RACK', 'ICE CREAM BUBBLES', 'MINT KITCHEN SCALES', 'OFFICE MUG WARMER CHOCBLUE', 'OFFICE MUG WARMER POLKADOT', 'PACK OF 12 LONDON TISSUES ', 'PACK OF 12 SKULL TISSUES', 'PLASTERS IN TIN CIRCUS PARADE ', 'PLASTERS IN TIN STRONGMAN', 'PLASTERS IN TIN WOODLAND ANIMALS', 'POPCORN HOLDER', 'RAINY LADIES BIRTHDAY CARD', 'RED RETROSPOT CHARLOTTE BAG', 'RED RETROSPOT CHILDRENS UMBRELLA', 'RED RETROSPOT MINI CASES', 'RED TOADSTOOL LED NIGHT LIGHT', 'ROBOT BIRTHDAY CARD', 'SET OF 5 LUCKY CAT MAGNETS ', 'SET OF 5 PANCAKE DAY MAGNETS', 'SET10 RED POLKADOT PARTY CANDLES', 'SKULLS  WATER TRANSFER TATTOOS ', 'STARS GIFT TAPE ', 'STRAWBERRY LUNCH BOX WITH CUTLERY', 'TABLECLOTH RED APPLES DESIGN ', 'TEA BAG PLATE RED RETROSPOT', 'TEA PARTY BIRTHDAY CARD', 'TRAVEL SEWING KIT', 'VINTAGE LEAF MAGNETIC NOTEPAD', 'WOODLAND BUNNIES LOLLY MAKERS', 'Segment_Consumer', 'Region_Northeast']"
568137,"[' SPACEBOY BABY GIFT SET', 'ASSORTED COLOUR MINI CASES', 'BABUSHKA LIGHTS STRING OF 10', 'BLUE OWL SOFT TOY', 'FAWN BLUE HOT WATER BOTTLE', 'I LOVE LONDON BABY GIFT SET', 'LUNCH BAG PINK POLKADOT', 'PINK OWL SOFT TOY', 'POPPYS PLAYHOUSE BATHROOM', 'POPPYS PLAYHOUSE BEDROOM ', 'POPPYS PLAYHOUSE KITCHEN', 'POPPYS PLAYHOUSE LIVINGROOM ', 'RED RETROSPOT MINI CASES', 'RED TOADSTOOL LED NIGHT LIGHT', 'RETROSPOT TEA SET CERAMIC 11 PC ', 'REVOLVER WOODEN RULER ', 'SET 10 NIGHT OWL LIGHTS', 'SET6 COLLAGE PAPER CUPS', 'SET6 COLLAGE PAPER PLATES', 'WOODEN OWLS LIGHT GARLAND ', 'WOODLAND  HEIGHT CHART STICKERS ', 'Segment_Corporate', 'Region_Northeast']"
568176,"['ALARM CLOCK BAKELIKE GREEN', 'ALARM CLOCK BAKELIKE PINK', 'COSY SLIPPER SHOES SMALL GREEN', 'DOLLY GIRL MINI BACKPACK', 'LUNCH BAG VINTAGE DOILY ', 'REGENCY CAKESTAND 3 TIER', 'ROUND SNACK BOXES SET OF4 WOODLAND ', 'SET 36 COLOUR PENCILS DOLLY GIRL', 'SET OF 12  VINTAGE POSTCARD SET', 'SET OF 3 CAKE TINS PANTRY DESIGN ', 'SET OF 6 SPICE TINS PANTRY DESIGN', 'WOODLAND MINI BACKPACK', 'WRAP  VINTAGE DOILY ', 'Segment_Corporate', 'Region_Southeast']"
568244,"['CLASSIC GLASS COOKIE JAR', 'POPCORN HOLDER', 'Segment_Corporate', 'Region_Southeast']"
568518,"['ALARM CLOCK BAKELIKE GREEN', 'ALARM CLOCK BAKELIKE PINK', 'ALARM CLOCK BAKELIKE RED ', 'CHILDS BREAKFAST SET DOLLY GIRL ', 'CHILDS BREAKFAST SET SPACEBOY ', 'DOLLY GIRL LUNCH BOX', 'PLASTERS IN TIN CIRCUS PARADE ', 'PLASTERS IN TIN STRONGMAN', 'SPACEBOY LUNCH BOX ', 'Segment_Corporate', 'Region_Southeast']"
568534,"['WATERING CAN PINK BUNNY', 'Segment_Consumer', 'Region_Northeast']"
568557,"['COFFEE MUG CAT  BIRD DESIGN', 'RED RETROSPOT CHILDRENS UMBRELLA', 'Segment_Consumer', 'Region_Northeast']"
568645,"['ALARM CLOCK BAKELIKE CHOCOLATE', 'ALARM CLOCK BAKELIKE GREEN', 'ALARM CLOCK BAKELIKE ORANGE', 'ALARM CLOCK BAKELIKE PINK', 'ALARM CLOCK BAKELIKE RED ', 'DOLLY GIRL LUNCH BOX', 'DOLLY GIRL MINI BACKPACK', 'JAM MAKING SET WITH JARS', 'JUMBO BAG DOLLY GIRL DESIGN', 'JUMBO BAG PEARS', 'JUMBO BAG RED RETROSPOT', 'JUMBO BAG SPACEBOY DESIGN', 'JUMBO BAG VINTAGE DOILY ', 'JUMBO BAG WOODLAND ANIMALS', 'LUNCH BAG APPLE DESIGN', 'LUNCH BAG DOLLY GIRL DESIGN', 'LUNCH BAG RED RETROSPOT', 'LUNCH BAG SPACEBOY DESIGN ', 'LUNCH BAG SUKI DESIGN ', 'LUNCH BAG WOODLAND', 'PHARMACIE FIRST AID TIN', 'PLASTERS IN TIN SPACEBOY', 'PLASTERS IN TIN WOODLAND ANIMALS', 'RETROSPOT TEA SET CERAMIC 11 PC ', 'SET OF 10 LED DOLLY LIGHTS', 'SPACEBOY LUNCH BOX ', 'SPACEBOY MINI BACKPACK', 'WOODLAND MINI BACKPACK', 'Segment_Consumer', 'Region_Southeast']"
568798,"['ASSORTED COLOUR MINI CASES', 'BLACKBLUE POLKADOT UMBRELLA', 'BLUE HARMONICA IN BOX ', 'DOG BOWL CHASING BALL DESIGN', 'DOLLY GIRL LUNCH BOX', 'FAWN BLUE HOT WATER BOTTLE', 'ICE CREAM BUBBLES', 'ILLUSTRATED CAT BOWL ', 'JAM MAKING SET PRINTED', 'JUMBO BAG PINK VINTAGE PAISLEY', 'JUMBO BAG RED RETROSPOT', 'JUMBO BAG WOODLAND ANIMALS', 'LUNCH BAG RED RETROSPOT', 'LUNCH BOX WITH CUTLERY RETROSPOT ', 'OFFICE MUG WARMER CHOCBLUE', 'OFFICE MUG WARMER POLKADOT', 'RED  HARMONICA IN BOX ', 'RED RETROSPOT MINI CASES', 'RED RETROSPOT UMBRELLA', 'RED TOADSTOOL LED NIGHT LIGHT', 'REVOLVER WOODEN RULER ', 'ROLL WRAP VINTAGE SPOT ', 'SCOTTIE DOG HOT WATER BOTTLE', 'SET OF 12 FORK CANDLES', 'SPACEBOY LUNCH BOX ', 'WORLD WAR 2 GLIDERS ASSTD DESIGNS', 'WRAP PAISLEY PARK ', 'WRAP RED VINTAGE DOILY', 'Segment_Consumer', 'Region_Northeast']"
568953,"['CARD BILLBOARD FONT', 'FULL ENGLISH BREAKFAST PLATE', 'FUNKY DIVA PEN', 'GLASS BONNE JAM JAR', 'GUMBALL COAT RACK', 'HAIRCLIPS FORTIES FABRIC ASSORTED', 'JAM MAKING SET PRINTED', 'PINKPURPLE RETRO RADIO', 'POPCORN HOLDER', 'RED RETROSPOT PLATE ', 'RED RETROSPOT SMALL MILK JUG', 'ROBOT BIRTHDAY CARD', 'Segment_Consumer', 'Region_Northeast']"
568988,"['36 DOILIES VINTAGE CHRISTMAS', 'BIRTHDAY CARD, RETRO SPOT', 'CARD BILLBOARD FONT', 'CARD CHRISTMAS VILLAGE', 'CHRISTMAS CRAFT LITTLE FRIENDS', 'CHRISTMAS CRAFT WHITE FAIRY ', 'EDWARDIAN PARASOL NATURAL', 'PACK OF 12 DOLLY GIRL TISSUES', 'PENNY FARTHING BIRTHDAY CARD', 'PINK LOVE BIRD CANDLE', 'PINK LOVE HEART SHAPE CUP', 'REGENCY MILK JUG PINK ', 'REGENCY TEAPOT ROSES ', 'ROSES REGENCY TEACUP AND SAUCER ', 'SET OF 72 RETROSPOT PAPER  DOILIES', 'SET6 COLLAGE PAPER CUPS', 'SET6 COLLAGE PAPER PLATES', 'TEA PARTY BIRTHDAY CARD', 'Segment_Consumer', 'Region_Northeast']"
568994,"['CHARLOTTE BAG APPLES DESIGN', 'CHARLOTTE BAG DOLLY GIRL DESIGN', 'DOLLY GIRL LUNCH BOX', 'DOLLY GIRL MINI BACKPACK', 'ICE CREAM BUBBLES', 'PENS ASSORTED FUNNY FACE', 'PENS ASSORTED SPACEBALL', 'PLASTERS IN TIN CIRCUS PARADE ', 'PLASTERS IN TIN SPACEBOY', 'PLASTERS IN TIN WOODLAND ANIMALS', 'RED RETROSPOT CHARLOTTE BAG', 'SET 36 COLOUR PENCILS DOLLY GIRL', 'SET 36 COLOUR PENCILS SPACEBOY ', 'SPACEBOY MINI BACKPACK', 'WOODLAND BUNNIES LOLLY MAKERS', 'WOODLAND CHARLOTTE BAG', 'WOODLAND MINI BACKPACK', 'Segment_Corporate', 'Region_Northeast']"
569097,"['CIRCUS PARADE BABY GIFT SET', 'CLOTHES PEGS RETROSPOT PACK 24 ', 'DOLLY GIRL LUNCH BOX', 'LUNCH BAG  BLACK SKULL.', 'LUNCH BAG DOLLY GIRL DESIGN', 'LUNCH BAG RED RETROSPOT', 'LUNCH BAG SPACEBOY DESIGN ', 'LUNCH BOX WITH CUTLERY RETROSPOT ', 'MINI FUNKY DESIGN TAPES', 'MINI PLAYING CARDS BUFFALO BILL ', 'MINI PLAYING CARDS DOLLY GIRL ', 'MINI PLAYING CARDS FUN FAIR ', 'MINI PLAYING CARDS GYMKHANA', 'MINI PLAYING CARDS SPACEBOY ', 'PLASTERS IN TIN SKULLS', 'PLASTERS IN TIN SPACEBOY', 'PLASTERS IN TIN STRONGMAN', 'PLASTERS IN TIN WOODLAND ANIMALS', 'POPPYS PLAYHOUSE BATHROOM', 'POPPYS PLAYHOUSE BEDROOM ', 'POPPYS PLAYHOUSE KITCHEN', 'POPPYS PLAYHOUSE LIVINGROOM ', 'RED HEART SHAPE LOVE BUCKET ', 'RED RETROSPOT CHILDRENS UMBRELLA', 'RETROSPOT CHILDRENS APRON', 'SKULL LUNCH BOX WITH CUTLERY ', 'Segment_Consumer', 'Region_Southeast']"
569120,"['LUNCH BOX WITH CUTLERY RETROSPOT ', 'MINI JIGSAW DOLLY GIRL', 'MINI PLAYING CARDS FUN FAIR ', 'MINI PLAYING CARDS SPACEBOY ', 'PAPER BUNTING RETROSPOT', 'RED RETROSPOT MINI CASES', 'RETROSPOT CHILDRENS APRON', 'SET 12 COLOUR PENCILS DOLLY GIRL ', 'SET 12 COLOUR PENCILS SPACEBOY ', 'SPACEBOY LUNCH BOX ', 'SPACEBOY MINI BACKPACK', 'SPOTTY BUNTING', 'STRAWBERRY LUNCH BOX WITH CUTLERY', 'Segment_Consumer', 'Region_Southeast']"
569122,"['4 TRADITIONAL SPINNING TOPS', 'CAKE STAND 3 TIER MAGIC GARDEN', 'CAKE STAND WHITE TWO TIER LACE', 'MINI PAINT SET VINTAGE ', 'MULTICOLOUR HONEYCOMB PAPER GARLAND', 'RED BABY BUNTING ', 'RED RETROSPOT CAKE STAND', 'REGENCY CAKESTAND 3 TIER', 'RIBBON REEL POLKADOTS ', 'SET OF 12 FAIRY CAKE BAKING CASES', 'SET OF 12 MINI LOAF BAKING CASES', 'SET OF 6 SNACK LOAF BAKING CASES', 'SET20 RED RETROSPOT PAPER NAPKINS ', 'SET6 RED SPOTTY PAPER CUPS', 'SET6 RED SPOTTY PAPER PLATES', 'VINTAGE CREAM CAT FOOD CONTAINER', 'Segment_Consumer', 'Region_Southeast']"
569332,"[' I LOVE LONDON MINI BACKPACK', '6 GIFT TAGS 50S CHRISTMAS ', '6 GIFT TAGS VINTAGE CHRISTMAS ', 'BAKING SET 9 PIECE RETROSPOT ', 'BUNDLE OF 3 ALPHABET EXERCISE BOOKS', 'BUNDLE OF 3 RETRO NOTE BOOKS', 'BUNDLE OF 3 SCHOOL EXERCISE BOOKS  ', 'CHRISTMAS LIGHTS 10 VINTAGE BAUBLES', 'CIRCUS PARADE LUNCH BOX ', 'DOLLY GIRL MINI BACKPACK', 'JUMBO BAG ALPHABET', 'JUMBO BAG APPLES', 'JUMBO BAG OWLS', 'JUMBO BAG RED RETROSPOT', 'JUMBO BAG SPACEBOY DESIGN', 'JUMBO BAG VINTAGE DOILY ', 'JUMBO BAG VINTAGE LEAF', 'JUMBO STORAGE BAG SKULLS', 'LUNCH BAG  BLACK SKULL.', 'LUNCH BAG ALPHABET DESIGN', 'LUNCH BAG APPLE DESIGN', 'LUNCH BAG CARS BLUE', 'LUNCH BAG DOLLY GIRL DESIGN', 'LUNCH BAG RED RETROSPOT', 'LUNCH BAG SPACEBOY DESIGN ', 'LUNCH BAG SUKI DESIGN ', 'LUNCH BAG VINTAGE DOILY ', 'LUNCH BAG VINTAGE LEAF DESIGN', 'LUNCH BAG WOODLAND', 'LUNCH BOX I LOVE LONDON', 'MAGNETS PACK OF 4 CHILDHOOD MEMORY', 'MAGNETS PACK OF 4 RETRO PHOTO', 'MAGNETS PACK OF 4 SWALLOWS', 'PICNIC BOXES SET OF 3 RETROSPOT ', 'PINK HEART SHAPE EGG FRYING PAN', 'PLASTERS IN TIN CIRCUS PARADE ', 'PLASTERS IN TIN SKULLS', 'PLASTERS IN TIN SPACEBOY', 'PLASTERS IN TIN STRONGMAN', 'PLASTERS IN TIN WOODLAND ANIMALS', 'POPPY FIELDS CHOPPING BOARD', 'RED APPLES CHOPPING BOARD   ', 'RED RETROSPOT ROUND CAKE TINS', 'RED RETROSPOT SHOPPING BAG', 'ROUND SNACK BOXES SET OF 4 FRUITS ', 'ROUND SNACK BOXES SET OF4 WOODLAND ', 'ROUND STORAGE TIN VINTAGE LEAF', 'SET 2 TEA TOWELS I LOVE LONDON ', 'SET OF 2 CERAMIC CHRISTMAS REINDEER', 'SET OF 2 TEA TOWELS PING MICROWAVE', 'SET OF 3 CAKE TINS PANTRY DESIGN ', 'SET OF 3 WOODEN TREE DECORATIONS', 'SET OF 60 I LOVE LONDON CAKE CASES ', 'SET OF 60 VINTAGE LEAF CAKE CASES ', 'SET2 RED RETROSPOT TEA TOWELS ', 'SET5 RED RETROSPOT LID GLASS BOWLS', 'SMALL DOLLY MIX DESIGN ORANGE BOWL', 'SMALL MARSHMALLOWS PINK BOWL', 'SPACEBOY LUNCH BOX ', 'TRAVEL SEWING KIT', 'TREASURE TIN BUFFALO BILL ', 'TREASURE TIN GYMKHANA DESIGN', 'VINTAGE DOILY TRAVEL SEWING KIT', 'VINTAGE LEAF CHOPPING BOARD  ', 'WOODLAND MINI BACKPACK', 'Segment_Consumer', 'Region_Northeast']"
569402,"['BAKING SET 9 PIECE RETROSPOT ', 'CHARLOTTE BAG PINK POLKADOT', 'HOME SWEET HOME CUSHION COVER ', 'JUMBO BAG ALPHABET', 'JUMBO BAG RED RETROSPOT', 'NATURAL SLATE HEART CHALKBOARD ', 'PLASTERS IN TIN STRONGMAN', 'RED RETROSPOT CHARLOTTE BAG', 'ROUND SNACK BOXES SET OF4 WOODLAND ', 'Segment_Consumer', 'Region_Northeast']"
569531,"['DOORMAT KEEP CALM AND COME IN', 'GARDENERS KNEELING PAD KEEP CALM ', 'HOT WATER BOTTLE KEEP CALM', 'UNION STRIPE WITH FRINGE  HAMMOCK', 'VINTAGE UNION JACK BUNTING', 'Segment_Consumer', 'Region_Southeast']"
569568,"['3 PIECE SPACEBOY COOKIE CUTTER SET', 'ALARM CLOCK BAKELIKE CHOCOLATE', 'ALARM CLOCK BAKELIKE GREEN', 'ALARM CLOCK BAKELIKE IVORY', 'ALARM CLOCK BAKELIKE ORANGE', 'ALARM CLOCK BAKELIKE PINK', 'ALARM CLOCK BAKELIKE RED ', 'ASSORTED COLOUR BIRD ORNAMENT', 'BABUSHKA LIGHTS STRING OF 10', 'BANQUET BIRTHDAY  CARD  ', 'BUNDLE OF 3 ALPHABET EXERCISE BOOKS', 'BUNDLE OF 3 RETRO NOTE BOOKS', 'CARD BIRTHDAY COWBOY', 'CHARLOTTE BAG APPLES DESIGN', 'CHARLOTTE BAG DOLLY GIRL DESIGN', 'CHARLOTTE BAG VINTAGE ALPHABET ', 'CHILDRENS APRON DOLLY GIRL ', 'CHILDRENS CIRCUS PARADE MUG', 'CHILDRENS CUTLERY CIRCUS PARADE', 'CHILDRENS CUTLERY DOLLY GIRL ', 'CHILDRENS CUTLERY POLKADOT PINK', 'CHILDRENS DOLLY GIRL MUG', 'CHILDRENS SPACEBOY MUG', 'CIRCUS PARADE CHILDRENS EGG CUP ', 'COTTON APRON PANTRY DESIGN', 'DINOSAUR LUNCH BOX WITH CUTLERY', 'DOLLY GIRL CHILDRENS CUP', 'DOLLY GIRL CHILDRENS EGG CUP', 'DOLLY GIRL LUNCH BOX', 'DOUGHNUT LIP GLOSS ', 'ENGLISH ROSE NOTEBOOK A7 SIZE', 'FAIRY CAKES NOTEBOOK A6 SIZE', 'FAIRY CAKES NOTEBOOK A7 SIZE', 'GREEN REGENCY TEACUP AND SAUCER', 'ICE CREAM BUBBLES', 'JUMBO BAG APPLES', 'JUMBO BAG RED RETROSPOT', 'JUMBO BAG VINTAGE LEAF', 'KITTY PENCIL ERASERS', 'LARGE DECO JEWELLERY STAND', 'LUNCH BAG APPLE DESIGN', 'LUNCH BAG RED RETROSPOT', 'LUNCH BAG SPACEBOY DESIGN ', 'LUNCH BOX I LOVE LONDON', 'LUNCH BOX WITH CUTLERY RETROSPOT ', 'PACK OF 12 DOLLY GIRL TISSUES', 'PACK OF 12 PAISLEY PARK TISSUES ', 'PACK OF 12 RED APPLE TISSUES', 'PACK OF 12 VINTAGE LEAF TISSUES ', 'PAPERWEIGHT VINTAGE COLLAGE', 'PARTY BUNTING', 'PARTY TIME PENCIL ERASERS', 'PIG KEYRING WITH LIGHT AND SOUND ', 'PIGGY BANK RETROSPOT ', 'PINK FAIRY CAKE CHILDRENS APRON', 'PINK REGENCY TEACUP AND SAUCER', 'PLASTERS IN TIN CIRCUS PARADE ', 'PLASTERS IN TIN SPACEBOY', 'RAINY LADIES BIRTHDAY CARD', 'RECYCLED ACAPULCO MAT BLUE', 'RECYCLED ACAPULCO MAT LAVENDER', 'RECYCLED ACAPULCO MAT PINK', 'RECYCLED ACAPULCO MAT RED', 'RED  HARMONICA IN BOX ', 'RED GINGHAM ROSE JEWELLERY BOX', 'RED RETROSPOT MINI CASES', 'REGENCY CAKESTAND 3 TIER', 'ROUND SNACK BOXES SET OF 4 FRUITS ', 'ROUND SNACK BOXES SET OF4 WOODLAND ', 'SET 10 NIGHT OWL LIGHTS', 'SET 2 PANTRY DESIGN TEA TOWELS', 'SET OF 2 TEA TOWELS APPLE AND PEARS', 'SET OF 4 KNICK KNACK TINS LEAF', 'SET OF 6 SOLDIER SKITTLES', 'SKULL LUNCH BOX WITH CUTLERY ', 'SMALL DECO JEWELLERY STAND', 'SPACEBOY CHILDRENS CUP', 'SPACEBOY LUNCH BOX ', 'SPACEBOY ROCKET LOLLY MAKERS', 'SPOTTY BUNTING', 'STRAWBERRY CHARLOTTE BAG', 'STRAWBERRY LUNCH BOX WITH CUTLERY', 'SWIRLY CIRCULAR RUBBERS IN BAG', 'TABLECLOTH RED APPLES DESIGN ', 'TEATIME ROUND PENCIL SHARPENER ', 'VINTAGE LEAF MAGNETIC NOTEPAD', 'WOODEN SCHOOL COLOURING SET', 'WOODLAND BUNNIES LOLLY MAKERS', 'Segment_Consumer', 'Region_Northeast']"
569686,"[' I LOVE LONDON MINI BACKPACK', 'BLACK ENAMEL FLOWER RING', 'GRAND CHOCOLATECANDLE', 'KINGS CHOICE TEA CADDY ', 'LONDON BUS COFFEE MUG', 'PACK OF 60 PINK PAISLEY CAKE CASES', 'PINK DINER WALL CLOCK', 'QUEENS GUARD COFFEE MUG', 'RED ENAMEL FLOWER RING', 'REGENCY TEA STRAINER', 'SCOTTIE DOG HOT WATER BOTTLE', 'SET 12 COLOUR PENCILS DOLLY GIRL ', 'SET 12 COLOUR PENCILS LOVE LONDON', 'SET OF 4 PANTRY JELLY MOULDS', 'SET OF 6 SOLDIER SKITTLES', 'SET OF 60 I LOVE LONDON CAKE CASES ', 'VINTAGE SNAP CARDS', 'Segment_Corporate', 'Region_Southeast']"
569699,"['BOX OF 6 MINI 50S CRACKERS', 'BOX OF 6 MINI VINTAGE CRACKERS', 'CARD CAT AND TREE ', 'CARD CIRCUS PARADE', 'CARD I LOVE LONDON ', 'DOLLY GIRL LUNCH BOX', 'EMPIRE BIRTHDAY CARD', 'FELTCRAFT CHRISTMAS FAIRY', 'FELTCRAFT PRINCESS LOLA DOLL', 'FELTCRAFT PRINCESS OLIVIA DOLL', 'FLOWER VINE RAFFIA FOOD COVER', 'HOME SWEET HOME HOOK', 'I LOVE LONDON BABY GIFT SET', 'I LOVE LONDON BEAKER', 'KEY RING BASEBALL BOOT UNION JACK', 'LONDON BUS COFFEE MUG', 'LUNCH BOX I LOVE LONDON', 'METAL SIGN EMPIRE TEA', 'PACK OF 12 LONDON TISSUES ', 'PAPER CHAIN KIT LONDON', 'PLAYING CARDS I LOVE LONDON ', 'PLAYING CARDS JUBILEE UNION JACK', 'POLKA DOT RAFFIA FOOD COVER', 'QUEENS GUARD COFFEE MUG', 'RED RETROSPOT CAKE STAND', 'ROBOT BIRTHDAY CARD', 'SET 12 COLOUR PENCILS LOVE LONDON', 'SET 12 COLOUR PENCILS SPACEBOY ', 'SET 2 TEA TOWELS I LOVE LONDON ', 'SET 36 COLOUR PENCILS LOVE LONDON', 'SET OF 6 TLIGHTS SANTA', 'SPACEBOY BEAKER', 'STRAWBERRY RAFFIA FOOD COVER', 'TEA PARTY BIRTHDAY CARD', 'VINTAGE UNION JACK BUNTING', 'Segment_Consumer', 'Region_Northeast']"
569701,"['I LOVE LONDON BABY GIFT SET', 'Segment_Corporate', 'Region_Southeast']"
569921,"['BELLE JARDINIERE CUSHION COVER', 'FOOT STOOL HOME SWEET HOME ', 'IVORY KITCHEN SCALES', 'LE JARDIN BOTANIQUE CUSHION COVER', 'POLYESTER FILLER PAD 40x40cm', 'STOOL HOME SWEET HOME ', 'TUSCAN VILLA BIRD TABLE ', 'TUSCAN VILLA DOVECOTE', 'Segment_Consumer', 'Region_Northeast']"
569981,"['OFFICE MUG WARMER CHOCBLUE', 'OFFICE MUG WARMER POLKADOT', 'Segment_Corporate', 'Region_Northeast']"
570020,"['12 PENCILS SMALL TUBE SKULL', 'ALARM CLOCK BAKELIKE PINK', 'ASSORTED TUTTI FRUTTI BRACELET', 'PAINT YOUR OWN CANVAS SET', 'PARTY INVITES WOODLAND', 'PLASTERS IN TIN SKULLS', 'PLASTERS IN TIN VINTAGE PAISLEY ', 'RED  HARMONICA IN BOX ', 'REVOLVER WOODEN RULER ', 'SET OF 9 BLACK SKULL BALLOONS', 'Segment_Corporate', 'Region_Northeast']"
570030,"['36 PENCILS TUBE RED RETROSPOT', '36 PENCILS TUBE WOODLAND', 'CHILDRENS CUTLERY CIRCUS PARADE', 'CHILDRENS CUTLERY DOLLY GIRL ', 'CHILDRENS CUTLERY SPACEBOY ', 'CHILDS BREAKFAST SET CIRCUS PARADE', 'GUMBALL COAT RACK', 'PACK OF 20 SKULL PAPER NAPKINS', 'PACK OF 20 SPACEBOY NAPKINS', 'PACK OF 6 SKULL PAPER CUPS', 'PACK OF 6 SKULL PAPER PLATES', 'PACK OF 60 PINK PAISLEY CAKE CASES', 'PACK OF 60 SPACEBOY CAKE CASES', 'PACK OF 72 RETROSPOT CAKE CASES', 'PACK OF 72 SKULL CAKE CASES', 'PAPER BUNTING RETROSPOT', 'PLASTERS IN TIN SKULLS', 'PLASTERS IN TIN STRONGMAN', 'PLASTERS IN TIN WOODLAND ANIMALS', 'RED RETROSPOT MINI CASES', 'SET OF 9 BLACK SKULL BALLOONS', 'SET20 RED RETROSPOT PAPER NAPKINS ', 'SET6 RED SPOTTY PAPER CUPS', 'SET6 RED SPOTTY PAPER PLATES', 'SKULL AND CROSSBONES  GARLAND ', 'WATERING CAN BLUE ELEPHANT', 'WATERING CAN PINK BUNNY', 'Segment_Consumer', 'Region_Southeast']"
570267,"['BLUE VINTAGE SPOT BEAKER', 'CHILDRENS CIRCUS PARADE MUG', 'CHILDRENS SPACEBOY MUG', 'GLASS JAR DAISY FRESH COTTON WOOL', 'PINK VINTAGE SPOT BEAKER', 'RED VINTAGE SPOT BEAKER', 'ROUND SNACK BOXES SET OF4 WOODLAND ', 'Segment_Consumer', 'Region_Northeast']"
570291,"['LUNCH BAG  BLACK SKULL.', 'Segment_Consumer', 'Region_Northeast']"
570409,"['CIRCUS PARADE CHILDRENS EGG CUP ', 'EASTER TIN BUNNY BOUQUET', 'EMBROIDERED RIBBON REEL REBECCA ', 'JUMBO BAG APPLES', 'JUMBO BAG PEARS', 'JUMBO BAG VINTAGE DOILY ', 'JUMBO BAG VINTAGE LEAF', 'LUNCH BAG VINTAGE DOILY ', 'LUNCH BOX WITH CUTLERY RETROSPOT ', 'PACK OF 72 RETROSPOT CAKE CASES', 'RED TOADSTOOL LED NIGHT LIGHT', 'SET OF 12 FAIRY CAKE BAKING CASES', 'SET OF 9 HEART SHAPED BALLOONS', 'STOOL HOME SWEET HOME ', 'VINTAGE DOILY TRAVEL SEWING KIT', 'Segment_Consumer', 'Region_Northeast']"
570515,"['BLACK ENAMEL FLOWER RING', 'GRAND CHOCOLATECANDLE', 'RED ENAMEL FLOWER RING', 'Segment_Consumer', 'Region_Southeast']"
570672,"[' SPACEBOY BABY GIFT SET', '12 PENCILS TALL TUBE POSY', '16 PIECE CUTLERY SET PANTRY DESIGN', '20 DOLLY PEGS RETROSPOT', '200 RED  WHITE BENDY STRAWS', '36 PENCILS TUBE RED RETROSPOT', '36 PENCILS TUBE SKULLS', '4 TRADITIONAL SPINNING TOPS', '6 GIFT TAGS VINTAGE CHRISTMAS ', 'ABC TREASURE BOOK BOX ', 'AIRLINE BAG VINTAGE TOKYO 78', 'AIRLINE BAG VINTAGE WORLD CHAMPION ', 'ASSORTED COLOUR BIRD ORNAMENT', 'ASSORTED TUTTI FRUTTI SMALL PURSE', 'ASSTD FRUITFLOWERS FRIDGE MAGNETS', 'BAG 125g SWIRLY MARBLES', 'BAG 250g SWIRLY MARBLES', 'BAKING SET 9 PIECE RETROSPOT ', 'BASKET OF TOADSTOOLS', 'BINGO SET', 'BIRDS MOBILE VINTAGE DESIGN', 'BISCUIT TIN 50S CHRISTMAS', 'BISCUIT TIN VINTAGE CHRISTMAS', 'BISCUIT TIN VINTAGE RED', 'BLACK AND WHITE CAT BOWL', 'BLACKBLUE POLKADOT UMBRELLA', 'BLUE POLKADOT BOWL', 'BLUE POLKADOT KIDS BAG', 'BLUE VINTAGE SPOT BEAKER', 'BOX OF 6 MINI VINTAGE CRACKERS', 'BREAD BIN DINER STYLE IVORY', 'BREAD BIN DINER STYLE RED ', 'BUNDLE OF 3 ALPHABET EXERCISE BOOKS', 'BUNDLE OF 3 SCHOOL EXERCISE BOOKS  ', 'CACTI TLIGHT CANDLES', 'CERAMIC STRAWBERRY TRINKET TRAY', 'CHARLIE AND LOLA WASTEPAPER BIN FLORA', 'CHARLOTTE BAG APPLES DESIGN', 'CHARLOTTE BAG PINK POLKADOT', 'CHERRY BLOSSOM  DECORATIVE FLASK', 'CHILDS BREAKFAST SET CIRCUS PARADE', 'CHILDS BREAKFAST SET DOLLY GIRL ', 'CHILDS BREAKFAST SET SPACEBOY ', 'CHOCOLATE CALCULATOR', 'CHRISTMAS METAL TAGS ASSORTED ', 'CIRCUS PARADE BABY GIFT SET', 'COCKTAIL SWORDS 50 PIECES', 'COSY HOUR CIGAR BOX MATCHES ', 'DANISH ROSE DECORATIVE PLATE', 'DANISH ROSE DELUXE COASTER', 'DANISH ROSE ROUND SEWING BOX', 'DOG BOWL VINTAGE CREAM', 'DOLLY GIRL BABY GIFT SET', 'DOORMAT BLACK FLOCK ', 'DOORMAT MERRY CHRISTMAS RED ', 'DOORMAT SPOTTY HOME SWEET HOME', 'DOORMAT UNION FLAG', 'DOORMAT WELCOME TO OUR HOME', 'DOORSTOP RETROSPOT HEART', 'DOUGHNUT LIP GLOSS ', 'EASTER TIN BUNNY BOUQUET', 'EMPIRE TISSUE BOX', 'ENGLISH ROSE NOTEBOOK A7 SIZE', 'ENGLISH ROSE SMALL SCENTED FLOWER', 'FAIRY CAKE BIRTHDAY CANDLE SET', 'FAMILY PHOTO FRAME CORNICE', 'FELTCRAFT 6 FLOWER FRIENDS', 'FELTCRAFT DOLL MOLLY', 'FELTCRAFT DOLL ROSIE', 'FELTCRAFT PRINCESS CHARLOTTE DOLL', 'FELTCRAFT PRINCESS LOLA DOLL', 'FIVE HEART HANGING DECORATION', 'FOLKART STAR CHRISTMAS DECORATIONS', 'FOOD CONTAINER SET 3 LOVE HEART ', 'FRYING PAN PINK POLKADOT', 'FRYING PAN RED RETROSPOT', 'FRYING PAN UNION FLAG', 'GINGHAM HEART DECORATION', 'GINGHAM RECIPE BOOK BOX', 'GIRLS VINTAGE TIN SEASIDE BUCKET', 'GLAMOROUS  MUG', 'GREEN POLKADOT BOWL', 'GREEN POLKADOT PLATE ', 'GREEN VINTAGE SPOT BEAKER', 'GYMKHANA TREASURE BOOK BOX', 'HAND WARMER SCOTTY DOG DESIGN', 'HAND WARMER UNION JACK', 'HI TEC ALPINE HAND WARMER', 'HOLIDAY FUN LUDO', 'HOME SWEET HOME METAL SIGN ', 'HOME SWEET HOME MUG', 'HOT WATER BOTTLE KEEP CALM', 'HYACINTH BULB TLIGHT CANDLES', 'ICE CREAM PEN LIP GLOSS ', 'ICE CREAM SUNDAE LIP GLOSS', 'JAM MAKING SET WITH JARS', 'JIGSAW TOADSTOOLS 3 PIECE', 'JUMBO BAG RED RETROSPOT', 'JUNGLE POPSICLES ICE LOLLY MOULDS', 'KINGS CHOICE BISCUIT TIN', 'KINGS CHOICE MUG', 'LARGE HANGING IVORY AND RED WOOD BIRD', 'LAVENDER SCENTED FABRIC HEART', 'LETS GO SHOPPING COTTON TOTE BAG', 'LONDON BUS COFFEE MUG', 'LUNCH BOX I LOVE LONDON', 'MAGIC DRAWING SLATE DINOSAUR', 'MAGIC DRAWING SLATE DOLLY GIRL ', 'MAGIC DRAWING SLATE LEAP FROG ', 'MAGIC DRAWING SLATE SPACEBOY ', 'MAGNETS PACK OF 4 HOME SWEET HOME', 'MAGNETS PACK OF 4 RETRO PHOTO', 'MAGNETS PACK OF 4 SWALLOWS', 'MAGNETS PACK OF 4 VINTAGE LABELS ', 'MEMO BOARD COTTAGE DESIGN', 'MEMO BOARD RETROSPOT  DESIGN', 'METAL SIGN EMPIRE TEA', 'METAL SIGN TAKE IT OR LEAVE IT ', 'MILK PAN BLUE POLKADOT', 'MILK PAN RED RETROSPOT', 'MONEY BOX CONFECTIONERY DESIGN', 'MORE BUTTER METAL SIGN ', 'MOUSE TOY WITH PINK TSHIRT', 'MR ROBOT SOFT TOY', 'OPEN CLOSED METAL SIGN', 'ORIGAMI JASMINE INCENSECANDLE SET', 'ORIGAMI VANILLA INCENSECANDLE SET ', 'PACK OF 12 COLOURED PENCILS', 'PACK OF 12 LONDON TISSUES ', 'PACK OF 12 TRADITIONAL CRAYONS', 'PACK OF 72 RETROSPOT CAKE CASES', 'PAINTED METAL PEARS ASSORTED', 'PANTRY MAGNETIC  SHOPPING LIST', 'PAPERWEIGHT CHILDHOOD MEMORIES', 'PAPERWEIGHT SAVE THE PLANET', 'PAPERWEIGHT VINTAGE COLLAGE', 'PENCIL CASE LIFE IS BEAUTIFUL', 'PENS ASSORTED FUNKY JEWELED ', 'PENS ASSORTED FUNNY FACE', 'PHARMACIE FIRST AID TIN', 'PICNIC BOXES SET OF 3 RETROSPOT ', 'PINK FLOWER FABRIC PONY', 'PINK HEART SHAPE EGG FRYING PAN', 'PINK LOVE HEART SHAPE CUP', 'PINK POLKADOT BOWL', 'PINK VINTAGE SPOT BEAKER', 'PLASTERS IN TIN CIRCUS PARADE ', 'PLASTERS IN TIN SPACEBOY', 'PLASTERS IN TIN STRONGMAN', 'PLASTERS IN TIN WOODLAND ANIMALS', 'PLAYING CARDS VINTAGE DOILY ', 'POPPYS PLAYHOUSE BATHROOM', 'POPPYS PLAYHOUSE BEDROOM ', 'POPPYS PLAYHOUSE KITCHEN', 'POPPYS PLAYHOUSE LIVINGROOM ', 'QUEENS GUARD COFFEE MUG', 'RED  HARMONICA IN BOX ', 'RED FLOCK LOVE HEART PHOTO FRAME', 'RED GINGHAM TEDDY BEAR ', 'RED LOVE HEART SHAPE CUP', 'RED RETROSPOT BOWL', 'RED RETROSPOT CHARLOTTE BAG', 'RED RETROSPOT CHILDRENS UMBRELLA', 'RED RETROSPOT MINI CASES', 'RED RETROSPOT MUG', 'RED RETROSPOT PEG BAG', 'RED RETROSPOT PLATE ', 'RED RETROSPOT PURSE ', 'RED RETROSPOT SHOPPER BAG', 'RED RETROSPOT SHOPPING BAG', 'RED RETROSPOT SMALL MILK JUG', 'RED RETROSPOT SUGAR JAM BOWL', 'RED SPOT PAPER GIFT BAG', 'RED SPOTTY BISCUIT TIN', 'RED VINTAGE SPOT BEAKER', 'REGENCY CAKESTAND 3 TIER', 'REGENCY SUGAR BOWL GREEN', 'REGENCY TEA PLATE ROSES ', 'REGENCY TEAPOT ROSES ', 'RETROSPOT LAMP', 'RETROSPOT LARGE MILK JUG', 'RETROSPOT TEA SET CERAMIC 11 PC ', 'ROCKING HORSE RED CHRISTMAS ', 'ROUND CAKE TIN VINTAGE RED', 'ROUND SNACK BOXES SET OF 4 FRUITS ', 'ROUND SNACK BOXES SET OF4 WOODLAND ', 'RUSTIC STRAWBERRY JAM POT SMALL', 'S4 PINK FLOWER CANDLES IN BOWL', 'SAVE THE PLANET COTTON TOTE BAG', 'SAVE THE PLANET MUG', 'SET 12 COLOUR PENCILS DOLLY GIRL ', 'SET 12 COLOUR PENCILS LOVE LONDON', 'SET 12 KIDS COLOUR  CHALK STICKS', 'SET 12 RETRO WHITE CHALK STICKS', 'SET 2 PANTRY DESIGN TEA TOWELS', 'SET 2 TEA TOWELS I LOVE LONDON ', 'SET 6 FOOTBALL CELEBRATION CANDLES', 'SET OF 10 LED DOLLY LIGHTS', 'SET OF 2 CERAMIC CHRISTMAS TREES', 'SET OF 2 CERAMIC PAINTED HEARTS ', 'SET OF 2 WOODEN MARKET CRATES', 'SET OF 3 HANGING OWLS OLLIE BEAK', 'SET OF 3 NOTEBOOKS IN PARCEL', 'SET OF 3 REGENCY CAKE TINS', 'SET OF 3 WOODEN HEART DECORATIONS', 'SET OF 3 WOODEN STOCKING DECORATION', 'SET OF 4 KNICK KNACK TINS LONDON ', 'SET OF 5 MINI GROCERY MAGNETS', 'SET OF 5 PANCAKE DAY MAGNETS', 'SET OF 6 3D KIT CARDS FOR KIDS', 'SET OF 6 HALLOWEEN GHOST TLIGHTS', 'SET OF 6 HEART CHOPSTICKS', 'SET OF 6 NATIVITY MAGNETS ', 'SET OF 6 SOLDIER SKITTLES', 'SET OF 6 TLIGHTS TOADSTOOLS', 'SET OF 60 I LOVE LONDON CAKE CASES ', 'SET10 PINK POLKADOT PARTY CANDLES', 'SET10 RED POLKADOT PARTY CANDLES', 'SET3 BOOK BOX GREEN GINGHAM FLOWER ', 'SET3 RED GINGHAM ROSE STORAGE BOX', 'SET4 BADGES BALLOON GIRL', 'SET4 RED MINI ROSE CANDLE IN BOWL', 'SET4 SKULL BADGES', 'SET5 RED RETROSPOT LID GLASS BOWLS', 'SET6 PINK BIRD TLIGHT CANDLES', 'SILK PURSE BABUSHKA PINK', 'SKULL SHOULDER BAG', 'SMALL RED RETROSPOT MUG IN BOX ', 'SMALL WHITE RETROSPOT MUG IN BOX ', 'SOLDIERS EGG CUP ', 'STORAGE TIN VINTAGE DOILY ', 'STRAWBERRY CERAMIC TRINKET BOX', 'STRAWBERRY CHARLOTTE BAG', 'STRAWBERRY SHOPPER BAG', 'TEA BAG PLATE RED RETROSPOT', 'TEA COSY RED  STRIPE', 'THREE CANVAS LUGGAGE TAGS', 'TOAST ITS  BEST MUM', 'TOAST ITS  FAIRY FLOWER', 'TOOL BOX SOFT TOY ', 'TOTE BAG I LOVE LONDON', 'TRADITIONAL WOODEN SKIPPING ROPE', 'TRAVEL CARD WALLET I LOVE LONDON', 'TRAVEL CARD WALLET KEEP CALM', 'TRAVEL CARD WALLET RETROSPOT', 'TRAVEL CARD WALLET VINTAGE TICKET', 'TREASURE TIN GYMKHANA DESIGN', 'UNION JACK FLAG LUGGAGE TAG', 'VINTAGE CHRISTMAS GIFT SACK', 'VINTAGE CREAM DOG FOOD CONTAINER', 'VINTAGE DOILY TRAVEL SEWING KIT', 'WOODEN BOX OF DOMINOES', 'WOODEN SCHOOL COLOURING SET', 'WOODEN UNION JACK BUNTING', 'WOODLAND CHARLOTTE BAG', 'WOODLAND STORAGE BOX LARGE ', 'WORLD WAR 2 GLIDERS ASSTD DESIGNS', 'WRAP CHRISTMAS VILLAGE', 'WRAP PAISLEY PARK ', 'Segment_Corporate', 'Region_Northeast']"
570724,"['BOX OF VINTAGE ALPHABET BLOCKS', 'EMBROIDERED RIBBON REEL REBECCA ', 'EMBROIDERED RIBBON REEL ROSIE', 'MINI PLAYING CARDS BUFFALO BILL ', 'MINI PLAYING CARDS DOLLY GIRL ', 'MINI PLAYING CARDS FUN FAIR ', 'MINI PLAYING CARDS SPACEBOY ', 'PLAYING CARDS I LOVE LONDON ', 'PLAYING CARDS JUBILEE UNION JACK', 'PLAYING CARDS VINTAGE DOILY ', 'SET 12 COLOUR PENCILS LOVE LONDON', 'SET 12 COLOURING PENCILS DOILY', 'Segment_Corporate', 'Region_Southeast']"
570798,"['STRAWBERRY CERAMIC TRINKET BOX', 'Segment_Consumer', 'Region_Northeast']"
570823,"['CHILDRENS CUTLERY DOLLY GIRL ', 'CHILDRENS CUTLERY SPACEBOY ', 'DOLLY GIRL CHILDRENS BOWL', 'DOLLY GIRL CHILDRENS CUP', 'GUMBALL COAT RACK', 'SPACEBOY CHILDRENS BOWL', 'SPACEBOY CHILDRENS CUP', 'STRAWBERRY LUNCH BOX WITH CUTLERY', 'Segment_Corporate', 'Region_Southeast']"
570841,"['BOX OF VINTAGE ALPHABET BLOCKS', 'CHARLOTTE BAG SUKI DESIGN', 'DOLLY GIRL MINI BACKPACK', 'JUMBO BAG APPLES', 'JUMBO BAG RED RETROSPOT', 'JUMBO BAG VINTAGE LEAF', 'JUMBO BAG WOODLAND ANIMALS', 'JUMBO STORAGE BAG SUKI', 'LUNCH BAG APPLE DESIGN', 'LUNCH BAG RED RETROSPOT', 'PAPER BUNTING RETROSPOT', 'PLASTERS IN TIN WOODLAND ANIMALS', 'POPPYS PLAYHOUSE BEDROOM ', 'RECYCLING BAG RETROSPOT ', 'RED RETROSPOT CHARLOTTE BAG', 'RED RETROSPOT PICNIC BAG', 'RED RETROSPOT SHOPPING BAG', 'RED TOADSTOOL LED NIGHT LIGHT', 'ROLL WRAP VINTAGE SPOT ', 'SPACEBOY MINI BACKPACK', 'STARS GIFT TAPE ', 'WHITE SPOT RED CERAMIC DRAWER KNOB', 'Segment_Corporate', 'Region_Southeast']"
570851,"['DOLLY GIRL MINI BACKPACK', 'POPCORN HOLDER', 'RED RETROSPOT CHARLOTTE BAG', 'SPACEBOY MINI BACKPACK', 'WOODLAND MINI BACKPACK', 'Segment_Corporate', 'Region_Northeast']"
570879,"['AIRLINE BAG VINTAGE JET SET RED', 'AIRLINE BAG VINTAGE WORLD CHAMPION ', 'ALARM CLOCK BAKELIKE CHOCOLATE', 'ALARM CLOCK BAKELIKE GREEN', 'ALARM CLOCK BAKELIKE RED ', 'COSY SLIPPER SHOES SMALL GREEN', 'FAIRY CAKE FLANNEL ASSORTED COLOUR', 'ICE CREAM PEN LIP GLOSS ', 'JUMBO BAG PINK POLKADOT', 'JUMBO BAG RED RETROSPOT', 'JUMBO BAG WOODLAND ANIMALS', 'Segment_Consumer', 'Region_Southeast']"
571127,"['ZINC FOLKART SLEIGH BELLS', 'Segment_Consumer', 'Region_Southeast']"
571240,"[' SPACEBOY BABY GIFT SET', 'ALARM CLOCK BAKELIKE CHOCOLATE', 'ALARM CLOCK BAKELIKE PINK', 'BOX OF 6 CHRISTMAS CAKE DECORATIONS', 'DOLLY GIRL BABY GIFT SET', 'DOLLY GIRL MINI BACKPACK', 'JUMBO BAG 50S CHRISTMAS ', 'JUMBO BAG APPLES', 'JUMBO BAG PEARS', 'JUMBO BAG PINK POLKADOT', 'JUMBO BAG PINK VINTAGE PAISLEY', 'JUMBO BAG RED RETROSPOT', 'JUMBO BAG VINTAGE DOILY ', 'JUMBO BAG WOODLAND ANIMALS', 'LUNCH BAG APPLE DESIGN', 'LUNCH BAG DOLLY GIRL DESIGN', 'LUNCH BAG PINK POLKADOT', 'LUNCH BAG RED RETROSPOT', 'LUNCH BAG SPACEBOY DESIGN ', 'LUNCH BAG SUKI DESIGN ', 'LUNCH BAG VINTAGE DOILY ', 'LUNCH BAG WOODLAND', 'PIGGY BANK RETROSPOT ', 'SET 12 COLOUR PENCILS DOLLY GIRL ', 'SET 12 COLOUR PENCILS SPACEBOY ', 'VINTAGE DOILY TRAVEL SEWING KIT', 'WOODLAND MINI BACKPACK', 'Segment_Corporate', 'Region_Southeast']"
571473,"['STRAWBERRY CERAMIC TRINKET BOX', 'Segment_Consumer', 'Region_Southeast']"
571678,"['STRAWBERRY CERAMIC TRINKET BOX', 'Segment_Consumer', 'Region_Southeast']"
571680,"['STRAWBERRY CERAMIC TRINKET BOX', 'Segment_Consumer', 'Region_Northeast']"
571864,"[' SPACEBOY BABY GIFT SET', 'FAWN BLUE HOT WATER BOTTLE', 'I LOVE LONDON BABY GIFT SET', 'LONDON BUS COFFEE MUG', 'MINI PAINT SET VINTAGE ', 'PLASTERS IN TIN SKULLS', 'PLASTERS IN TIN STRONGMAN', 'RED RETROSPOT BUTTER DISH', 'RED RETROSPOT SMALL MILK JUG', 'RED RETROSPOT SUGAR JAM BOWL', 'RED RETROSPOT UMBRELLA', 'RED WOOLLY HOTTIE WHITE HEART.', 'REGENCY CAKESTAND 3 TIER', 'RETROSPOT LARGE MILK JUG', 'RETROSPOT TEA SET CERAMIC 11 PC ', 'SOLDIERS EGG CUP ', 'Segment_Consumer', 'Region_Southeast']"
571923,"['ALARM CLOCK BAKELIKE CHOCOLATE', 'ALARM CLOCK BAKELIKE GREEN', 'ALARM CLOCK BAKELIKE PINK', 'ALARM CLOCK BAKELIKE RED ', 'BAKING SET 9 PIECE RETROSPOT ', 'BLUE VINTAGE SPOT BEAKER', 'BOTTLE BAG RETROSPOT ', 'JUMBO BAG 50S CHRISTMAS ', 'JUMBO BAG DOLLY GIRL DESIGN', 'PENS ASSORTED FUNKY JEWELED ', 'PENS ASSORTED FUNNY FACE', 'PINK VINTAGE SPOT BEAKER', 'RED RETROSPOT CAKE STAND', 'RED RETROSPOT UMBRELLA', 'SET OF 12 MINI LOAF BAKING CASES', 'SET OF 4 KNICK KNACK TINS DOILY ', 'SET OF 6 TEA TIME BAKING CASES', 'SET5 RED RETROSPOT LID GLASS BOWLS', 'Segment_Consumer', 'Region_Northeast']"
572087,"['BISCUIT TIN VINTAGE RED', 'BLUE PARTY BAGS ', 'CAKES AND RABBITS DESIGN FLANNEL ', 'CHILDRENS TOY COOKING UTENSIL SET', 'CHILDS BREAKFAST SET CIRCUS PARADE', 'CIRCUS PARADE LUNCH BOX ', 'CLASSIC GLASS COOKIE JAR', 'DOLLY GIRL LUNCH BOX', 'ICE CREAM BUBBLES', 'LUNCH BOX WITH CUTLERY RETROSPOT ', 'MULTICOLOUR HONEYCOMB FAN', 'PACK OF 20 SKULL PAPER NAPKINS', 'PACK OF 6 SKULL PAPER CUPS', 'PACK OF 6 SKULL PAPER PLATES', 'PARTY TIME DESIGN FLANNEL', 'PASTEL COLOUR HONEYCOMB FAN', 'RED KITCHEN SCALES', 'REGENCY CAKESTAND 3 TIER', 'RUSTIC STRAWBERRY JAM POT SMALL', 'SET 6 FOOTBALL CELEBRATION CANDLES', 'SET OF 20 KIDS COOKIE CUTTERS', 'SET OF 3 REGENCY CAKE TINS', 'SET OF 5 MINI GROCERY MAGNETS', 'SET OF 5 PANCAKE DAY MAGNETS', 'SET OF 6 CAKE CHOPSTICKS', 'SET OF 6 HEART CHOPSTICKS', 'SET OF 6 STRAWBERRY CHOPSTICKS', 'SET10 BLUE POLKADOT PARTY CANDLES', 'SET10 IVORY POLKADOT PARTY CANDLES', 'SET10 PINK POLKADOT PARTY CANDLES', 'SET10 RED POLKADOT PARTY CANDLES', 'SET20 RED RETROSPOT PAPER NAPKINS ', 'SET6 RED SPOTTY PAPER CUPS', 'SET6 RED SPOTTY PAPER PLATES', 'STORAGE TIN VINTAGE DOILY ', 'STRAWBERRY LUNCH BOX WITH CUTLERY', 'VINTAGE RED ENAMEL TRIM JUG ', 'VINTAGE RED TRIM ENAMEL BOWL ', 'Segment_Consumer', 'Region_Southeast']"
572925,"['ANGEL DECORATION STARS ON DRESS', 'BOTANICAL GARDENS WALL CLOCK ', 'EMBROIDERED RIBBON REEL EMILY ', 'EMBROIDERED RIBBON REEL ROSIE', 'FAWN BLUE HOT WATER BOTTLE', 'HEART WREATH DECORATION WITH BELL', 'RED KITCHEN SCALES', 'RED RETROSPOT BUTTER DISH', 'RETROSPOT HEART HOT WATER BOTTLE', 'SET 6 SCHOOL MILK BOTTLES IN CRATE', 'SET5 RED RETROSPOT LID GLASS BOWLS', 'STAR WREATH DECORATION WITH BELL', 'WIRE EGG BASKET ', 'WRAP  VINTAGE DOILY ', 'Segment_Corporate', 'Region_Southeast']"
572986,"['BLUE POLKADOT CUP', 'BLUE REFECTORY CLOCK ', 'CARD CIRCUS PARADE', 'CHARLOTTE BAG APPLES DESIGN', 'CHILDRENS CIRCUS PARADE MUG', 'CLASSIC CAFE SUGAR DISPENSER', 'ICE CREAM BUBBLES', 'JAM MAKING SET PRINTED', 'OFFICE MUG WARMER CHOCBLUE', 'PACK OF 12 RED RETROSPOT TISSUES ', 'PACK OF 72 SKULL CAKE CASES', 'PLASTERS IN TIN CIRCUS PARADE ', 'PLASTERS IN TIN WOODLAND ANIMALS', 'RAINY LADIES BIRTHDAY CARD', 'RED TOADSTOOL LED NIGHT LIGHT', 'SAVE THE PLANET COTTON TOTE BAG', 'SAVE THE PLANET MUG', 'SET OF 2 TEA TOWELS APPLE AND PEARS', 'SET OF SALT AND PEPPER TOADSTOOLS', 'VINTAGE DOILY TRAVEL SEWING KIT', 'WALL ART CLASSIC PUDDINGS ', 'WALL ART STOP FOR TEA ', 'Segment_Corporate', 'Region_Northeast']"
572992,"['RABBIT NIGHT LIGHT', 'Segment_Corporate', 'Region_Northeast']"
573036,"['ADVENT CALENDAR GINGHAM SACK', 'FOOT STOOL HOME SWEET HOME ', 'GLASS CLOCHE SMALL', 'MINI LIGHTS WOODLAND MUSHROOMS', 'PAPERWEIGHT CHILDHOOD MEMORIES', 'PAPERWEIGHT SAVE THE PLANET', 'PARISIENNE CURIO CABINET', 'RABBIT NIGHT LIGHT', 'RED TOADSTOOL LED NIGHT LIGHT', 'ROUND SNACK BOXES SET OF4 WOODLAND ', 'Segment_Consumer', 'Region_Southeast']"
573153,"['60 TEATIME FAIRY CAKE CASES', 'ALARM CLOCK BAKELIKE GREEN', 'ALARM CLOCK BAKELIKE PINK', 'ALARM CLOCK BAKELIKE RED ', 'BAKING SET 9 PIECE RETROSPOT ', 'BLUE HARMONICA IN BOX ', 'BLUE VINTAGE SPOT BEAKER', 'BOX OF 6 CHRISTMAS CAKE DECORATIONS', 'CHILDRENS CUTLERY CIRCUS PARADE', 'CHILDRENS CUTLERY POLKADOT PINK', 'CHILDRENS CUTLERY RETROSPOT RED ', 'CHILDRENS CUTLERY SPACEBOY ', 'CIRCUS PARADE LUNCH BOX ', 'JAM JAR WITH GREEN LID', 'JAM JAR WITH PINK LID', 'JAM MAKING SET PRINTED', 'JUMBO BAG PINK POLKADOT', 'JUMBO BAG VINTAGE DOILY ', 'LUNCH BAG RED RETROSPOT', 'LUNCH BAG SPACEBOY DESIGN ', 'LUNCH BAG VINTAGE DOILY ', 'LUNCH BOX I LOVE LONDON', 'MINI PAINT SET VINTAGE ', 'PACK OF 12 CIRCUS PARADE TISSUES ', 'PACK OF 12 LONDON TISSUES ', 'PACK OF 20 NAPKINS PANTRY DESIGN', 'PACK OF 60 SPACEBOY CAKE CASES', 'PINK VINTAGE SPOT BEAKER', 'PLASTERS IN TIN CIRCUS PARADE ', 'PLASTERS IN TIN SKULLS', 'PLASTERS IN TIN SPACEBOY', 'PLASTERS IN TIN STRONGMAN', 'PLASTERS IN TIN WOODLAND ANIMALS', 'RABBIT NIGHT LIGHT', 'RED  HARMONICA IN BOX ', 'RED VINTAGE SPOT BEAKER', 'ROUND SNACK BOXES SET OF 4 FRUITS ', 'ROUND SNACK BOXES SET OF4 WOODLAND ', 'SET 2 PANTRY DESIGN TEA TOWELS', 'SET OF 12 FAIRY CAKE BAKING CASES', 'SET OF 12 FORK CANDLES', 'SET OF 12 MINI LOAF BAKING CASES', 'SET OF 20 KIDS COOKIE CUTTERS', 'SET OF 3 HEART COOKIE CUTTERS', 'SET OF 4 KNICK KNACK TINS LONDON ', 'SET OF 6 TEA TIME BAKING CASES', 'SET OF 60 I LOVE LONDON CAKE CASES ', 'SET OF 60 PANTRY DESIGN CAKE CASES ', 'SET OF 72 PINK HEART PAPER DOILIES', 'SET20 RED RETROSPOT PAPER NAPKINS ', 'SET6 RED SPOTTY PAPER CUPS', 'SET6 RED SPOTTY PAPER PLATES', 'SPACEBOY GIFT WRAP', 'SPACEBOY LUNCH BOX ', 'TRADITIONAL MODELLING CLAY', 'VINTAGE DOILY TRAVEL SEWING KIT', 'WRAP  VINTAGE DOILY ', 'WRAP ENGLISH ROSE ', 'WRAP I LOVE LONDON ', 'WRAP RED APPLES ', 'Segment_Consumer', 'Region_Southeast']"
573273,"['CLASSIC CHROME BICYCLE BELL ', 'Segment_Consumer', 'Region_Northeast']"
573316,"['VINTAGE UNION JACK BUNTING', 'Segment_Consumer', 'Region_Northeast']"
573402,"['6 GIFT TAGS VINTAGE CHRISTMAS ', '60 CAKE CASES DOLLY GIRL DESIGN', '60 TEATIME FAIRY CAKE CASES', 'EGG CUP MILKMAID HEIDI', 'EGG CUP MILKMAID INGRID', 'MINI LIGHTS WOODLAND MUSHROOMS', 'NOVELTY BISCUITS CAKE STAND 3 TIER', 'PACK OF 60 MUSHROOM CAKE CASES', 'PACK OF 72 RETROSPOT CAKE CASES', 'RED RETROSPOT OVEN GLOVE ', 'SET OF 6 FUNKY BEAKERS', 'SET OF 60 I LOVE LONDON CAKE CASES ', 'SET OF 60 PANTRY DESIGN CAKE CASES ', 'WOODLAND BUNNIES LOLLY MAKERS', 'Segment_Corporate', 'Region_Southeast']"
573428,"['FELTCRAFT DOLL MOLLY', 'GIFT BAG BIRTHDAY', 'MINI LIGHTS WOODLAND MUSHROOMS', 'MINI PAINT SET VINTAGE ', 'PACK OF 6 BIRDY GIFT TAGS', 'PACK OF 60 MUSHROOM CAKE CASES', 'PACK OF 60 PINK PAISLEY CAKE CASES', 'PACK OF 72 RETROSPOT CAKE CASES', 'PACK OF 72 SKULL CAKE CASES', 'PAPER BUNTING RETROSPOT', 'PENS ASSORTED FUNNY FACE', 'PINK CREAM FELT CRAFT TRINKET BOX ', 'PLASTERS IN TIN WOODLAND ANIMALS', 'ROMANTIC IMAGES GIFT WRAP SET', 'SET20 RED RETROSPOT PAPER NAPKINS ', 'SET6 RED SPOTTY PAPER CUPS', 'SET6 RED SPOTTY PAPER PLATES', 'SUKI  SHOULDER BAG', 'WOOD STAMP SET BEST WISHES', 'WOODLAND SMALL PINK FELT HEART', 'Segment_Consumer', 'Region_Northeast']"
573442,"['CHICK GREY HOT WATER BOTTLE', 'COSY SLIPPER SHOES SMALL GREEN', 'FAWN BLUE HOT WATER BOTTLE', 'MINI LIGHTS WOODLAND MUSHROOMS', 'RABBIT NIGHT LIGHT', 'RED TOADSTOOL LED NIGHT LIGHT', 'WHITE SKULL HOT WATER BOTTLE ', 'Segment_Consumer', 'Region_Southeast']"
573867,"['ALARM CLOCK BAKELIKE GREEN', 'ALARM CLOCK BAKELIKE PINK', 'ALARM CLOCK BAKELIKE RED ', 'CARD DOLLY GIRL ', 'CHILDRENS CUTLERY DOLLY GIRL ', 'CHILDRENS CUTLERY POLKADOT PINK', 'CHILDRENS CUTLERY SPACEBOY ', 'ICE CREAM SUNDAE LIP GLOSS', 'KEY RING BASEBALL BOOT ASSORTED ', 'MINI PAINT SET VINTAGE ', 'PACK OF 6 SKULL PAPER CUPS', 'PENS ASSORTED FUNNY FACE', 'RABBIT NIGHT LIGHT', 'RED RETROSPOT MINI CASES', 'RETROSPOT PARTY BAG  STICKER SET', 'ROUND SNACK BOXES SET OF4 WOODLAND ', 'SET OF 20 KIDS COOKIE CUTTERS', 'SET6 RED SPOTTY PAPER CUPS', 'SILK PURSE BABUSHKA PINK', 'SILVER STARS TABLE DECORATION', 'SKULLS PARTY BAG  STICKER SET', 'SPACEBOY BIRTHDAY CARD', 'WOODLAND PARTY BAG  STICKER SET', 'Segment_Corporate', 'Region_Northeast']"
573868,"['12 PENCIL SMALL TUBE WOODLAND', 'BIRDS MOBILE VINTAGE DESIGN', 'CHARLOTTE BAG DOLLY GIRL DESIGN', 'CHILDRENS APRON DOLLY GIRL ', 'CHILDRENS APRON SPACEBOY DESIGN', 'DOLLY GIRL CHILDRENS BOWL', 'DOLLY GIRL CHILDRENS CUP', 'DOLLY GIRL LUNCH BOX', 'DOLLY GIRL MINI BACKPACK', 'MOBILE VINTAGE HEARTS ', 'PINK OWL SOFT TOY', 'RED RETROSPOT CHARLOTTE BAG', 'RETROSPOT CHILDRENS APRON', 'RETROSPOT TEA SET CERAMIC 11 PC ', 'ROUND SNACK BOXES SET OF4 WOODLAND ', 'SET 12 COLOUR PENCILS SPACEBOY ', 'SET OF 10 LED DOLLY LIGHTS', 'SPACEBOY CHILDRENS BOWL', 'SPACEBOY CHILDRENS CUP', 'SPACEBOY MINI BACKPACK', 'TOOL BOX SOFT TOY ', 'WOODLAND  HEIGHT CHART STICKERS ', 'WOODLAND CHARLOTTE BAG', 'WOODLAND MINI BACKPACK', 'Segment_Consumer', 'Region_Southeast']"
573869,"['BOTANICAL GARDENS WALL CLOCK ', 'Segment_Consumer', 'Region_Southeast']"
573891,"['EASTER TIN BUNNY BOUQUET', 'EDWARDIAN PARASOL BLACK', 'EDWARDIAN PARASOL RED', 'LUNCH BAG APPLE DESIGN', 'LUNCH BAG WOODLAND', 'LUNCH BOX WITH CUTLERY RETROSPOT ', 'MINI LIGHTS WOODLAND MUSHROOMS', 'OVAL  MINI PORTRAIT FRAME', 'PLASTERS IN TIN CIRCUS PARADE ', 'PLASTERS IN TIN WOODLAND ANIMALS', 'RABBIT NIGHT LIGHT', 'RED  HARMONICA IN BOX ', 'RED RETROSPOT UMBRELLA', 'SET 12 VINTAGE DOILY CHALK ', 'SET OF 4 KNICK KNACK TINS DOILY ', 'SET OF 4 KNICK KNACK TINS LEAF', 'SKULL LUNCH BOX WITH CUTLERY ', 'TEA PARTY BIRTHDAY CARD', 'WRAP  VINTAGE DOILY ', 'WRAP RED APPLES ', 'Segment_Consumer', 'Region_Southeast']"
574068,"['CHARLOTTE BAG APPLES DESIGN', 'HAND WARMER RED RETROSPOT', 'JUMBO BAG PINK POLKADOT', 'JUMBO BAG RED RETROSPOT', 'JUMBO BAG VINTAGE CHRISTMAS ', 'JUMBO BAG VINTAGE DOILY ', 'MINI PLAYING CARDS BUFFALO BILL ', 'PAPER BUNTING RETROSPOT', 'RABBIT NIGHT LIGHT', 'RED RETROSPOT CHARLOTTE BAG', 'RED VINTAGE SPOT BEAKER', 'RIBBON REEL POLKADOTS ', 'RIBBON REEL SNOWY VILLAGE', 'ROLL WRAP VINTAGE CHRISTMAS', 'ROUND SNACK BOXES SET OF 4 FRUITS ', 'SET 2 TEA TOWELS I LOVE LONDON ', 'SET OF 2 TEA TOWELS APPLE AND PEARS', 'SET OF 4 KNICK KNACK TINS LONDON ', 'SET OF 6 SOLDIER SKITTLES', 'TABLECLOTH RED APPLES DESIGN ', 'VINTAGE CHRISTMAS TABLECLOTH', 'Segment_Consumer', 'Region_Southeast']"
574093,"['3 PIECE SPACEBOY COOKIE CUTTER SET', '36 FOIL STAR CAKE CASES ', 'BAKING MOULD CHOCOLATE CUPCAKES', 'BAKING MOULD HEART MILK CHOCOLATE', 'BALLOON WATER BOMB PACK OF 35', 'BLUE HAPPY BIRTHDAY BUNTING', 'CARD BILLBOARD FONT', 'DOUGHNUT LIP GLOSS ', 'GROW A FLYTRAP OR SUNFLOWER IN TIN', 'ICE CREAM SUNDAE LIP GLOSS', 'MAKE YOUR OWN MONSOON CARD KIT', 'MAKE YOUR OWN PLAYTIME CARD KIT', 'PACK OF 60 DINOSAUR CAKE CASES', 'PACK OF 60 SPACEBOY CAKE CASES', 'PACK OF 72 RETROSPOT CAKE CASES', 'PACK OF 72 SKULL CAKE CASES', 'PAPER BUNTING RETROSPOT', 'PAPER CHAIN KIT SKULLS ', 'PINK BABY BUNTING', 'POPCORN HOLDER', 'RED RETROSPOT CAKE STAND', 'SET 6 FOOTBALL CELEBRATION CANDLES', 'SET OF 12 FAIRY CAKE BAKING CASES', 'SET OF 3 HEART COOKIE CUTTERS', 'SET OF 36 DINOSAUR PAPER DOILIES', 'SET OF 36 DOLLY GIRL PAPER DOILIES', 'SET OF 36 PAISLEY FLOWER DOILIES', 'SET OF 36 SPACEBOY PAPER DOILIES', 'SET OF 60 VINTAGE LEAF CAKE CASES ', 'SET OF 72 RETROSPOT PAPER  DOILIES', 'SET OF 9 HEART SHAPED BALLOONS', 'SET10 BLUE POLKADOT PARTY CANDLES', 'SET10 PINK POLKADOT PARTY CANDLES', 'SET10 RED POLKADOT PARTY CANDLES', 'SKULL AND CROSSBONES  GARLAND ', 'SPACEBOY BIRTHDAY CARD', 'TOAST ITS  HAPPY BIRTHDAY', 'VINTAGE CREAM 3 BASKET CAKE STAND', 'WOODEN HAPPY BIRTHDAY GARLAND', 'Segment_Corporate', 'Region_Northeast']"
574095,"['ALARM CLOCK BAKELIKE GREEN', 'CHILDRENS CUTLERY DOLLY GIRL ', 'PACK OF 12 SPACEBOY TISSUES', 'ROUND SNACK BOXES SET OF4 WOODLAND ', 'SET OF 4 KNICK KNACK TINS LEAF', 'Segment_Corporate', 'Region_Northeast']"
574104,"['ADVENT CALENDAR GINGHAM SACK', 'ASSORTED COLOUR BIRD ORNAMENT', 'ASSORTED COLOUR MINI CASES', 'BAG 125g SWIRLY MARBLES', 'CHERUB HEART DECORATION GOLD', 'CHRISTMAS TREE HANGING GOLD', 'EDWARDIAN PARASOL BLACK', 'GINGERBREAD MAN COOKIE CUTTER', 'HEART WOODEN CHRISTMAS DECORATION', 'JINGLE BELL HEART ANTIQUE GOLD', 'LAUREL HEART ANTIQUE GOLD', 'MINI PLAYING CARDS DOLLY GIRL ', 'MINI PLAYING CARDS SPACEBOY ', 'PIGGY BANK RETROSPOT ', 'RABBIT NIGHT LIGHT', 'RED ROCKING HORSE HAND PAINTED', 'ROCKING HORSE RED CHRISTMAS ', 'SET OF 4 SANTA PLACE SETTINGS', 'STAR WOODEN CHRISTMAS DECORATION', 'STAR WREATH DECORATION WITH BELL', 'TRADITIONAL NAUGHTS AND CROSSES', 'TRADTIONAL ALPHABET STAMP SET', 'WHITE ROCKING HORSE HAND PAINTED', 'WOODEN ADVENT CALENDAR RED', 'Segment_Consumer', 'Region_Southeast']"
574252,"['BOX OF 6 CHRISTMAS CAKE DECORATIONS', 'CAKE STAND WHITE TWO TIER LACE', 'DOLLY GIRL LUNCH BOX', 'LUNCH BAG WOODLAND', 'MINI LIGHTS WOODLAND MUSHROOMS', 'PLASTERS IN TIN WOODLAND ANIMALS', 'RABBIT NIGHT LIGHT', 'ROUND SNACK BOXES SET OF4 WOODLAND ', 'SPACEBOY LUNCH BOX ', 'Segment_Consumer', 'Region_Northeast']"
574261,"['CHILDS BREAKFAST SET CIRCUS PARADE', 'CLASSIC GLASS COOKIE JAR', 'LUNCH BOX WITH CUTLERY RETROSPOT ', 'PASTEL COLOUR HONEYCOMB FAN', 'RUSTIC STRAWBERRY JAM POT SMALL', 'STORAGE TIN VINTAGE DOILY ', 'Segment_Corporate', 'Region_Southeast']"
574501,"['12 PENCILS SMALL TUBE SKULL', 'ANTIQUE ALL GLASS CANDLESTICK', 'APPLE BATH SPONGE', 'ASS FLORAL PRINT MULTI SCREWDRIVER', 'ASSORTED COLOUR TLIGHT HOLDER', 'BLACK PIRATE TREASURE CHEST', 'BLUE EGG  SPOON', 'CARROT CHARLIELOLA COASTER SET', 'CHRISTMAS PUDDING TRINKET POT ', 'CHRISTMAS STAR WISH LIST CHALKBOARD', 'DOGGY RUBBER', 'DOUGHNUT LIP GLOSS ', 'FOLDING BUTTERFLY MIRROR HOT PINK ', 'FOLDING BUTTERFLY MIRROR IVORY ', 'FOLDING BUTTERFLY MIRROR RED  ', 'FRYING PAN UNION FLAG', 'HEART TLIGHT HOLDER WILLIE WINKIE', 'HI TEC ALPINE HAND WARMER', 'IVORY WICKER HEART LARGE', 'JINGLE BELL HEART DECORATION', 'KEY RING BASEBALL BOOT ASSORTED ', 'KEY RING BASEBALL BOOT UNION JACK', 'MIRRORED WALL ART POPPIES', 'MIRRORED WALL ART SKULLS', 'MIRRORED WALL ART SPLODGES', 'MIRRORED WALL ART STARS', 'PACK OF 6 COCKTAIL PARASOL STRAWS', 'PACK OF 6 SMALL FRUIT STRAWS', 'PANTRY MAGNETIC  SHOPPING LIST', 'PARTY TIME PENCIL ERASERS', 'PHOTO CUBE', 'PLAYING CARDS I LOVE LONDON ', 'PLAYING CARDS JUBILEE UNION JACK', 'PLAYING CARDS KEEP CALM AND CARRY ON', 'RATTLE SNAKE EGGS', 'RED  EGG  SPOON', 'RED POLKADOT BEAKER ', 'RETRO MOD TRAY', 'REVOLVER WOODEN RULER ', 'REX CASHCARRY JUMBO SHOPPER', 'ROUND SNACK BOXES SET OF 4 SKULLS', 'SET 12 COLOUR PENCILS LOVE LONDON', 'SET 12 COLOURING PENCILS DOILY', 'SET4 DAISY MIRROR MAGNETS', 'SILVER MUG BONE CHINA TREE OF LIFE', 'SKULLS STORAGE BOX SMALL', 'SLEEPING CAT ERASERS', 'SMALL DOLLY MIX DESIGN ORANGE BOWL', 'SMALL MARSHMALLOWS PINK BOWL', 'STAR TLIGHT HOLDER WILLIE WINKIE', 'STRAWBERRY BATH SPONGE ', 'TLIGHT GLASS FLUTED ANTIQUE', 'TOMATO CHARLIELOLA COASTER SET', 'VINTAGE BILLBOARD MUG ', 'VINTAGE LEAF MAGNETIC NOTEPAD', 'WOOD STAMP SET FLOWERS', 'WOOD STAMP SET THANK YOU', 'Segment_Corporate', 'Region_Southeast']"
574506,"['ANTIQUE SILVER BAUBLE LAMP  ', 'BLUE FLY SWAT', 'BUNDLE OF 3 ALPHABET EXERCISE BOOKS', 'CHRISTMAS CRAFT LITTLE FRIENDS', 'DOORMAT BLACK FLOCK ', 'DOORMAT KEEP CALM AND COME IN', 'DOORMAT VINTAGE LEAF', 'FLUTED ANTIQUE CANDLE HOLDER', 'FRYING PAN UNION FLAG', 'JINGLE BELL HEART ANTIQUE GOLD', 'JUMBO BAG VINTAGE LEAF', 'LOVE HOT WATER BOTTLE', 'LUNCH BAG PAISLEY PARK  ', 'LUNCH BAG PINK POLKADOT', 'MIRRORED WALL ART TABLE LAMP', 'PAPER CHAIN KIT VINTAGE CHRISTMAS', 'POPCORN HOLDER', 'RATTLE SNAKE EGGS', 'VINTAGE BELLS GARLAND', 'Segment_Consumer', 'Region_Northeast']"
574512,"['ANTIQUE SILVER BAUBLE LAMP  ', 'Segment_Corporate', 'Region_Southeast']"
574918,"['BAKING SET 9 PIECE RETROSPOT ', 'CHARLIE  LOLA RED HOT WATER BOTTLE', 'CHILDRENS APRON DOLLY GIRL ', 'CHILDRENS APRON SPACEBOY DESIGN', 'COTTON APRON PANTRY DESIGN', 'FAWN BLUE HOT WATER BOTTLE', 'GLITTER CHRISTMAS TREE WITH BELLS', 'GLITTER HEART DECORATION', 'HANGING HEART MIRROR DECORATION ', 'HANGING HEART WITH BELL', 'HEART DECORATION PAINTED ZINC ', 'HOME SWEET HOME CUSHION COVER ', 'HOT STUFF HOT WATER BOTTLE', 'HOT WATER BOTTLE KEEP CALM', 'JUMBO BAG 50S CHRISTMAS ', 'JUMBO BAG ALPHABET', 'LOVEBIRD HANGING DECORATION WHITE ', 'METAL DECORATION NAUGHTY CHILDREN ', 'PINK FAIRY CAKE CHILDRENS APRON', 'POSTE FRANCE CUSHION COVER', 'RETROSPOT WOODEN HEART DECORATION', 'ROSE DU SUD CUSHION COVER', 'SET 2 PANTRY DESIGN TEA TOWELS', 'SET 2 TEA TOWELS I LOVE LONDON ', 'SET OF 4 KNICK KNACK TINS DOILY ', 'STAR DECORATION PAINTED ZINC ', 'VINTAGE DOILY DELUXE SEWING KIT ', 'VINTAGE DOILY JUMBO BAG RED ', 'WALL ART BICYCLE SAFETY', 'YELLOW SHARK HELICOPTER', 'ZINC METAL HEART DECORATION', 'Segment_Corporate', 'Region_Southeast']"
574946,"['JAM MAKING SET WITH JARS', 'Segment_Corporate', 'Region_Northeast']"
575049,"['3 RAFFIA RIBBONS 50S CHRISTMAS ', '6 GIFT TAGS 50S CHRISTMAS ', '6 GIFT TAGS VINTAGE CHRISTMAS ', '60 CAKE CASES VINTAGE CHRISTMAS', 'BLUE PARTY BAGS ', 'BLUE POLKADOT WRAP', 'BOX OF 6 CHRISTMAS CAKE DECORATIONS', 'CHILDRENS CUTLERY DOLLY GIRL ', 'CHILDRENS CUTLERY SPACEBOY ', 'CHRISTMAS LIGHTS 10 REINDEER', 'DOLLY GIRL CHILDRENS BOWL', 'DOLLY GIRL CHILDRENS CUP', 'DOLLY GIRL LUNCH BOX', 'GLASS CLOCHE SMALL', 'JUMBO BAG 50S CHRISTMAS ', 'JUMBO BAG RED RETROSPOT', 'PINK POLKADOT WRAP ', 'PLASTERS IN TIN SPACEBOY', 'PLASTERS IN TIN WOODLAND ANIMALS', 'RABBIT NIGHT LIGHT', 'RED TOADSTOOL LED NIGHT LIGHT', 'RETROSPOT PARTY BAG  STICKER SET', 'ROLL WRAP VINTAGE SPOT ', 'SET OF 20 VINTAGE CHRISTMAS NAPKINS', 'SET OF 3 REGENCY CAKE TINS', 'SET OF 4 SANTA PLACE SETTINGS', 'SET OF 6 RIBBONS VINTAGE CHRISTMAS', 'SPACEBOY CHILDRENS BOWL', 'SPACEBOY CHILDRENS CUP', 'SPACEBOY LUNCH BOX ', 'TRADTIONAL ALPHABET STAMP SET', 'WOODLAND PARTY BAG  STICKER SET', 'WRAP 50S  CHRISTMAS', 'WRAP CHRISTMAS VILLAGE', 'Segment_Consumer', 'Region_Northeast']"
575067,"['60 CAKE CASES DOLLY GIRL DESIGN', 'ALARM CLOCK BAKELIKE GREEN', 'ALARM CLOCK BAKELIKE IVORY', 'ALARM CLOCK BAKELIKE PINK', 'ALARM CLOCK BAKELIKE RED ', 'CHARLOTTE BAG PINK POLKADOT', 'CHILDS BREAKFAST SET CIRCUS PARADE', 'ICE CREAM BUBBLES', 'MINI LIGHTS WOODLAND MUSHROOMS', 'MINI PAINT SET VINTAGE ', 'PACK OF 60 MUSHROOM CAKE CASES', 'PACK OF 60 SPACEBOY CAKE CASES', 'PAPER CHAIN KIT RETROSPOT', 'PLASTERS IN TIN STRONGMAN', 'POPCORN HOLDER', 'RED RETROSPOT CHARLOTTE BAG', 'ROUND SNACK BOXES SET OF 4 FRUITS ', 'ROUND SNACK BOXES SET OF4 WOODLAND ', 'SET 12 COLOUR PENCILS SPACEBOY ', 'SKULL AND CROSSBONES  GARLAND ', 'SPOTTY BUNTING', 'TRADITIONAL PICK UP STICKS GAME ', 'WOODLAND CHARLOTTE BAG', 'Segment_Corporate', 'Region_Southeast']"
575193,"['3 PIECE SPACEBOY COOKIE CUTTER SET', 'ALARM CLOCK BAKELIKE PINK', 'ALARM CLOCK BAKELIKE RED ', 'ASSORTED COLOUR MINI CASES', 'BLUE POLKADOT PASSPORT COVER', 'BOTANICAL LILY GREETING CARD', 'COTTON APRON PANTRY DESIGN', 'COWBOYS AND INDIANS BIRTHDAY CARD ', 'EGG CUP MILKMAID HEIDI', 'EGG CUP MILKMAID HELGA ', 'ICE CREAM BUBBLES', 'JUMBO BAG VINTAGE DOILY ', 'JUMBO BAG VINTAGE LEAF', 'JUMBO SHOPPER VINTAGE RED PAISLEY', 'LUNCH BAG PAISLEY PARK  ', 'LUNCH BAG SPACEBOY DESIGN ', 'LUNCH BAG VINTAGE LEAF DESIGN', 'LUNCH BOX WITH CUTLERY RETROSPOT ', 'MAGNETS PACK OF 4 VINTAGE COLLAGE', 'PANTRY MAGNETIC  SHOPPING LIST', 'PINK FAIRY CAKE CHILDRENS APRON', 'PLASTERS IN TIN CIRCUS PARADE ', 'PLASTERS IN TIN SKULLS', 'RABBIT NIGHT LIGHT', 'RECYCLED ACAPULCO MAT TURQUOISE', 'RED TOADSTOOL LED NIGHT LIGHT', 'REGENCY CAKESTAND 3 TIER', 'ROUND SNACK BOXES SET OF 4 FRUITS ', 'ROUND SNACK BOXES SET OF4 WOODLAND ', 'RUSTIC STRAWBERRY JAM POT LARGE ', 'SET OF 3 BUTTERFLY COOKIE CUTTERS', 'SET OF 3 REGENCY CAKE TINS', 'SET OF 5 PANCAKE DAY MAGNETS', 'SET OF TEA COFFEE SUGAR TINS PANTRY', 'SET3 DECOUPAGE STACKING TINS', 'VINTAGE DOILY DELUXE SEWING KIT ', 'VINTAGE LEAF MAGNETIC NOTEPAD', 'Segment_Consumer', 'Region_Southeast']"
575326,"['6 RIBBONS EMPIRE  ', 'ANTIQUE ALL GLASS CANDLESTICK', 'ANTIQUE SILVER TLIGHT GLASS', 'BOX OF 6 MINI 50S CRACKERS', 'BOX OF 6 MINI VINTAGE CRACKERS', 'CHRISTMAS METAL TAGS ASSORTED ', 'HAND WARMER BIRD DESIGN', 'HAND WARMER RED LOVE HEART', 'HAND WARMER SCOTTY DOG DESIGN', 'NOEL GARLAND PAINTED ZINC ', 'PAPER CHAIN KIT VINTAGE CHRISTMAS', 'SET 6 PAPER TABLE LANTERN HEARTS ', 'SET 6 PAPER TABLE LANTERN STARS ', 'VINTAGE CHRISTMAS BUNTING', 'VINTAGE JINGLE BELLS HEART', 'Segment_Corporate', 'Region_Southeast']"
575519,"['6 GIFT TAGS VINTAGE CHRISTMAS ', 'BAKING SET SPACEBOY DESIGN', 'CHARLOTTE BAG DOLLY GIRL DESIGN', 'CHILDRENS APRON DOLLY GIRL ', 'CHRISTMAS LIGHTS 10 REINDEER', 'MINI LIGHTS WOODLAND MUSHROOMS', 'MINI PLAYING CARDS SPACEBOY ', 'POPPYS PLAYHOUSE KITCHEN', 'RABBIT NIGHT LIGHT', 'SET OF 20 KIDS COOKIE CUTTERS', 'TRADITIONAL NAUGHTS AND CROSSES', 'TRADITIONAL PICK UP STICKS GAME ', 'VINTAGE HEADS AND TAILS CARD GAME ', 'Segment_Consumer', 'Region_Northeast']"
575581,"['BELLE JARDINIERE CUSHION COVER', 'CHRISTMAS METAL POSTCARD WITH BELLS', 'LE JARDIN BOTANIQUE CUSHION COVER', 'SET OF 12  VINTAGE POSTCARD SET', 'Segment_Consumer', 'Region_Northeast']"
575584,"['DECORATIVE CATS BATHROOM BOTTLE', 'JUMBO BAG APPLES', 'JUMBO BAG PEARS', 'JUMBO BAG RED RETROSPOT', 'JUMBO BAG VINTAGE DOILY ', 'JUMBO BAG WOODLAND ANIMALS', 'LUNCH BAG VINTAGE DOILY ', 'PAPER CHAIN KIT 50S CHRISTMAS ', 'PAPER CHAIN KIT VINTAGE CHRISTMAS', 'RED RETROSPOT MINI CASES', 'TRADTIONAL ALPHABET STAMP SET', 'VINTAGE DOILY JUMBO BAG RED ', 'Segment_Corporate', 'Region_Southeast']"
575629,"['12 PENCIL SMALL TUBE WOODLAND', '12 PENCILS SMALL TUBE RED RETROSPOT', '6 GIFT TAGS 50S CHRISTMAS ', '6 GIFT TAGS VINTAGE CHRISTMAS ', 'MINI JIGSAW CIRCUS PARADE ', 'MINI JIGSAW DOLLY GIRL', 'MINI JIGSAW SPACEBOY', 'PACK OF 6 SKULL PAPER CUPS', 'PACK OF 6 SKULL PAPER PLATES', 'PAPER CHAIN KIT 50S CHRISTMAS ', 'RED RETROSPOT BOWL', 'SET OF 20 VINTAGE CHRISTMAS NAPKINS', 'ZINC FOLKART SLEIGH BELLS', 'Segment_Consumer', 'Region_Northeast']"
575661,"['3D VINTAGE CHRISTMAS STICKERS ', '6 RIBBONS RUSTIC CHARM', 'BAG 125g SWIRLY MARBLES', 'CHRISTMAS TOILET ROLL', 'DECORATIVE WICKER HEART LARGE', 'EMBROIDERED RIBBON REEL DAISY ', 'EMBROIDERED RIBBON REEL EMILY ', 'EMBROIDERED RIBBON REEL ROSIE', 'EMBROIDERED RIBBON REEL SALLY ', 'EMBROIDERED RIBBON REEL SUSIE ', 'HEART OF WICKER SMALL', 'HEART WOODEN CHRISTMAS DECORATION', 'IVORY WICKER HEART LARGE', 'IVORY WICKER HEART MEDIUM', 'KEY RING BASEBALL BOOT UNION JACK', 'LARGE WHITE HEART OF WICKER', 'LUNCH BAG VINTAGE DOILY ', 'NECKLACEBRACELET SET BLUE HIBISCUS', 'RED RETROSPOT SHOPPER BAG', 'REX CASHCARRY JUMBO SHOPPER', 'RIBBON REEL CHRISTMAS PRESENT ', 'RIBBON REEL FLORA  FAUNA ', 'RIBBON REEL HEARTS DESIGN ', 'RIBBON REEL LACE DESIGN ', 'RIBBON REEL POLKADOTS ', 'ROCKING HORSE GREEN CHRISTMAS ', 'ROCKING HORSE RED CHRISTMAS ', 'ROLL WRAP VINTAGE CHRISTMAS', 'ROLL WRAP VINTAGE SPOT ', 'SET 36 COLOUR PENCILS SPACEBOY ', 'SET OF 6 RIBBONS VINTAGE CHRISTMAS', 'SMALL WHITE HEART OF WICKER', 'STAR WOODEN CHRISTMAS DECORATION', 'SWEETHEART 3 TIER CAKE STAND ', 'TLIGHT HOLDER HANGING LOVE BIRD', 'WOODEN HEART CHRISTMAS SCANDINAVIAN', 'WOODEN ROUNDERS GARDEN SET ', 'WOODEN STAR CHRISTMAS SCANDINAVIAN', 'WOODEN TREE CHRISTMAS SCANDINAVIAN', 'Segment_Consumer', 'Region_Southeast']"
575671,"['3 PIECE SPACEBOY COOKIE CUTTER SET', '6 GIFT TAGS VINTAGE CHRISTMAS ', '60 CAKE CASES VINTAGE CHRISTMAS', 'ASSORTED COLOUR MINI CASES', 'CIRCUS PARADE CHILDRENS EGG CUP ', 'GINGERBREAD MAN COOKIE CUTTER', 'MINI LIGHTS WOODLAND MUSHROOMS', 'OPEN CLOSED METAL SIGN', 'PACK OF 60 MUSHROOM CAKE CASES', 'PLASTERS IN TIN CIRCUS PARADE ', 'PLASTERS IN TIN SPACEBOY', 'PLASTERS IN TIN WOODLAND ANIMALS', 'RABBIT NIGHT LIGHT', 'RED RETROSPOT MINI CASES', 'REVOLVER WOODEN RULER ', 'ROLL WRAP 50S CHRISTMAS', 'ROLL WRAP VINTAGE CHRISTMAS', 'ROLL WRAP VINTAGE SPOT ', 'ROUND SNACK BOXES SET OF4 WOODLAND ', 'Segment_Corporate', 'Region_Northeast']"
575692,"['12 PENCIL SMALL TUBE WOODLAND', '12 PENCILS SMALL TUBE RED RETROSPOT', '12 PENCILS SMALL TUBE SKULL', '3 STRIPEY MICE FELTCRAFT', '4 TRADITIONAL SPINNING TOPS', 'BASKET OF TOADSTOOLS', 'BEADED CRYSTAL HEART BLUE  LARGE', 'CHICK GREY HOT WATER BOTTLE', 'CHRISTMAS CRAFT LITTLE FRIENDS', 'CHRISTMAS RETROSPOT ANGEL WOOD', 'CHRISTMAS TREE PAINTED ZINC ', 'FELT TOADSTOOL  SMALL', 'FELTCRAFT 6 FLOWER FRIENDS', 'GINGHAM HEART DECORATION', 'GLITTER CHRISTMAS STAR ', 'GLITTER HEART DECORATION', 'HEART MINI PORTRAIT FRAME', 'IVORY WICKER HEART SMALL', 'JINGLE BELL HEART DECORATION', 'LE JARDIN BOTANIQUE CUSHION COVER', 'LONDON BUS COFFEE MUG', 'LOVEBIRD HANGING DECORATION WHITE ', 'MAKE YOUR OWN MONSOON CARD KIT', 'METAL SIGN EMPIRE TEA', 'PAPER BUNTING PAISLEY PARK', 'PAPER CHAIN KIT 50S CHRISTMAS ', 'POLYESTER FILLER PAD 40x40cm', 'QUEENS GUARD COFFEE MUG', 'RED ROCKING HORSE HAND PAINTED', 'REDCREAM STRIPE CUSHION COVER ', 'RETROSPOT HEART HOT WATER BOTTLE', 'RETROSPOT TEA SET CERAMIC 11 PC ', 'ROTATING LEAVES TLIGHT HOLDER', 'SET 36 COLOUR PENCILS LOVE LONDON', 'SET 6 PAPER TABLE LANTERN HEARTS ', 'SET OF 3 WOODEN STOCKING DECORATION', 'SET OF 3 WOODEN TREE DECORATIONS', 'SET OF 6 SOLDIER SKITTLES', 'SMALL HANGING IVORYRED WOOD BIRD', 'SMALL WHITE HEART OF WICKER', 'TOADSTOOL MONEY BOX', 'TRADITIONAL WOODEN SKIPPING ROPE', 'WHITE ROCKING HORSE HAND PAINTED', 'WICKER WREATH LARGE', 'WICKER WREATH SMALL', 'WOODEN HEART CHRISTMAS SCANDINAVIAN', 'WOODEN STAR CHRISTMAS SCANDINAVIAN', 'Segment_Consumer', 'Region_Northeast']"
575747,"['3 PIECE SPACEBOY COOKIE CUTTER SET', '3 TIER CAKE TIN RED AND CREAM', '3 TRADITIONAl BISCUIT CUTTERS  SET', 'CARDHOLDER GINGHAM CHRISTMAS TREE', 'CERAMIC HEART FAIRY CAKE MONEY BANK', 'CERAMIC STRAWBERRY CAKE MONEY BANK', 'CHILDRENS APRON SPACEBOY DESIGN', 'IVORY KITCHEN SCALES', 'MINT KITCHEN SCALES', 'PAPER CHAIN KIT 50S CHRISTMAS ', 'PINK FAIRY CAKE CHILDRENS APRON', 'RED KITCHEN SCALES', 'REGENCY CAKESTAND 3 TIER', 'RIBBON REEL CHRISTMAS SOCK BAUBLE', 'RIBBON REEL POLKADOTS ', 'SET OF 12 MINI LOAF BAKING CASES', 'SET OF 3 BUTTERFLY COOKIE CUTTERS', 'SET OF 3 HEART COOKIE CUTTERS', 'SET OF 3 REGENCY CAKE TINS', 'SET OF 6 SNACK LOAF BAKING CASES', 'SET OF 6 TEA TIME BAKING CASES', 'SET10 BLUE POLKADOT PARTY CANDLES', 'SET10 PINK POLKADOT PARTY CANDLES', 'SET10 RED POLKADOT PARTY CANDLES', 'Segment_Consumer', 'Region_Northeast']"
575759,"['3D DOG PICTURE PLAYING CARDS', '3D SHEET OF DOG STICKERS', 'BAKING SET 9 PIECE RETROSPOT ', 'BAKING SET SPACEBOY DESIGN', 'CAMOUFLAGE LED TORCH', 'CHILDRENS SPACEBOY MUG', 'CREAM SLICE FLANNEL PINK SPOT ', 'CUTE CATS TAPE', 'GLITTER CHRISTMAS TREE WITH BELLS', 'HANGING HEART WITH BELL', 'PACK 3 IRON ON DOG PATCHES', 'PEARLISED IVORY HEART SMALL ', 'PLASTERS IN TIN SPACEBOY', 'REX CASHCARRY JUMBO SHOPPER', 'SET OF 6 3D KIT CARDS FOR KIDS', 'WOODEN HEART CHRISTMAS SCANDINAVIAN', 'WOODEN STAR CHRISTMAS SCANDINAVIAN', 'ZINC METAL HEART DECORATION', 'Segment_Consumer', 'Region_Northeast']"
575845,"['CHARLOTTE BAG APPLES DESIGN', 'CHARLOTTE BAG DOLLY GIRL DESIGN', 'PENS ASSORTED FUNNY FACE', 'PENS ASSORTED SPACEBALL', 'PLASTERS IN TIN CIRCUS PARADE ', 'PLASTERS IN TIN SPACEBOY', 'PLASTERS IN TIN WOODLAND ANIMALS', 'RABBIT NIGHT LIGHT', 'RED RETROSPOT CHARLOTTE BAG', 'SET 36 COLOUR PENCILS DOLLY GIRL', 'SET 36 COLOUR PENCILS SPACEBOY ', 'SET OF 5 LUCKY CAT MAGNETS ', 'SNOWSTORM PHOTO FRAME FRIDGE MAGNET', 'Segment_Corporate', 'Region_Northeast']"
575880,"['3 PIECE SPACEBOY COOKIE CUTTER SET', '4 TRADITIONAL SPINNING TOPS', 'BALLOON WATER BOMB PACK OF 35', 'BINGO SET', 'BOX OF 6 CHRISTMAS CAKE DECORATIONS', 'FELT TOADSTOOL  SMALL', 'HOLIDAY FUN LUDO', 'MAGIC DRAWING SLATE BUNNIES ', 'MAGIC DRAWING SLATE CIRCUS PARADE  ', 'MAGIC DRAWING SLATE GO TO THE FAIR ', 'MINI JIGSAW SPACEBOY', 'MINI PAINT SET VINTAGE ', 'PACK OF 20 NAPKINS RED APPLES', 'PACK OF 20 SKULL PAPER NAPKINS', 'PACK OF 20 SPACEBOY NAPKINS', 'PACK OF 6 SKULL PAPER CUPS', 'PACK OF 6 SKULL PAPER PLATES', 'PICTURE DOMINOES', 'RETROSPOT PARTY BAG  STICKER SET', 'RIBBON REEL POLKADOTS ', 'RIBBON REEL STRIPES DESIGN ', 'SET OF 9 BLACK SKULL BALLOONS', 'SET OF 9 HEART SHAPED BALLOONS', 'SET10 BLUE POLKADOT PARTY CANDLES', 'SET10 IVORY POLKADOT PARTY CANDLES', 'SET10 PINK POLKADOT PARTY CANDLES', 'SET10 RED POLKADOT PARTY CANDLES', 'SET20 RED RETROSPOT PAPER NAPKINS ', 'SET6 RED SPOTTY PAPER CUPS', 'SET6 RED SPOTTY PAPER PLATES', 'SKULL AND CROSSBONES  GARLAND ', 'VINTAGE DONKEY TAIL GAME ', 'VINTAGE HEADS AND TAILS CARD GAME ', 'VINTAGE SEASIDE JIGSAW PUZZLES', 'VINTAGE SNAKES AND LADDERS', 'Segment_Corporate', 'Region_Southeast']"
575884,"['15CM CHRISTMAS GLASS BALL 20 LIGHTS', 'ALARM CLOCK BAKELIKE GREEN', 'ALARM CLOCK BAKELIKE PINK', 'ALARM CLOCK BAKELIKE RED ', 'CHRISTMAS GINGHAM STAR', 'CHRISTMAS GINGHAM TREE', 'CHRISTMAS HANGING SNOWFLAKE', 'CHRISTMAS RETROSPOT ANGEL WOOD', 'CINNAMON SCENTED VOTIVE CANDLE', 'FELTCRAFT CHRISTMAS FAIRY', 'JUMBO BAG VINTAGE DOILY ', 'LUNCH BAG VINTAGE DOILY ', 'METAL MERRY CHRISTMAS WREATH', 'MINI LIGHTS WOODLAND MUSHROOMS', 'PACK OF SIX LED TEA LIGHTS', 'RABBIT NIGHT LIGHT', 'REINDEER HEART DECORATION SILVER', 'ROLL WRAP 50S CHRISTMAS', 'SET OF 3 HANGING OWLS OLLIE BEAK', 'VICTORIAN  METAL POSTCARD SPRING', 'ZINC FOLKART SLEIGH BELLS', 'Segment_Consumer', 'Region_Southeast']"
575916,"['RED TOADSTOOL LED NIGHT LIGHT', 'Segment_Consumer', 'Region_Northeast']"
576064,"['AGED GLASS SILVER TLIGHT HOLDER', 'BASKET OF TOADSTOOLS', 'BELLE JARDINIERE CUSHION COVER', 'CARD HOLDER GINGHAM HEART', 'FELT TOADSTOOL  SMALL', 'LOVEBIRD HANGING DECORATION WHITE ', 'MEMO BOARD RETROSPOT  DESIGN', 'MINI JIGSAW SPACEBOY', 'POLYESTER FILLER PAD 40x40cm', 'RED GINGHAM ROSE JEWELLERY BOX', 'RED RETROSPOT CHARLOTTE BAG', 'REDCREAM STRIPE CUSHION COVER ', 'RETROSPOT TEA SET CERAMIC 11 PC ', 'SET 12 COLOUR PENCILS SPACEBOY ', 'SET OF 6 SOLDIER SKITTLES', 'WOODEN PICTURE FRAME WHITE FINISH', 'WOODLAND CHARLOTTE BAG', 'Segment_Consumer', 'Region_Southeast']"
576087,"['ALARM CLOCK BAKELIKE RED ', 'CHARLOTTE BAG DOLLY GIRL DESIGN', 'CHILDRENS APRON APPLES DESIGN', 'CHILDRENS APRON SPACEBOY DESIGN', 'CHILDS BREAKFAST SET DOLLY GIRL ', 'CHILDS BREAKFAST SET SPACEBOY ', 'DOLLY GIRL MINI BACKPACK', 'FAWN BLUE HOT WATER BOTTLE', 'JUMBO BAG RED RETROSPOT', 'JUMBO BAG SPACEBOY DESIGN', 'JUMBO BAG VINTAGE LEAF', 'JUMBO BAG WOODLAND ANIMALS', 'LUNCH BAG APPLE DESIGN', 'LUNCH BAG RED RETROSPOT', 'LUNCH BAG SPACEBOY DESIGN ', 'LUNCH BAG WOODLAND', 'MINI LIGHTS WOODLAND MUSHROOMS', 'PLASTERS IN TIN SPACEBOY', 'PLASTERS IN TIN WOODLAND ANIMALS', 'RABBIT NIGHT LIGHT', 'RECYCLING BAG RETROSPOT ', 'RED RETROSPOT CHARLOTTE BAG', 'RED RETROSPOT CHILDRENS UMBRELLA', 'RED TOADSTOOL LED NIGHT LIGHT', 'RETRO PLASTIC ELEPHANT TRAY', 'RETRO PLASTIC POLKA TRAY', 'RETROSPOT CHILDRENS APRON', 'ROBOT BIRTHDAY CARD', 'SET OF 10 LED DOLLY LIGHTS', 'SPACEBOY CHILDRENS BOWL', 'SPACEBOY CHILDRENS CUP', 'SPACEBOY MINI BACKPACK', 'TEA PARTY BIRTHDAY CARD', 'TOY TIDY PINK POLKADOT', 'TOY TIDY SPACEBOY  ', 'WOODLAND CHARLOTTE BAG', 'WOODLAND MINI BACKPACK', 'Segment_Consumer', 'Region_Southeast']"
576222,"['BLUE HARMONICA IN BOX ', 'FAIRY TALE COTTAGE NIGHT LIGHT', 'MAGIC DRAWING SLATE SPACEBOY ', 'MINI PAINT SET VINTAGE ', 'MINI PLAYING CARDS SPACEBOY ', 'PACK OF 20 SKULL PAPER NAPKINS', 'PACK OF 6 SKULL PAPER CUPS', 'PACK OF 6 SKULL PAPER PLATES', 'RABBIT NIGHT LIGHT', 'RETROSPOT PARTY BAG  STICKER SET', 'SET OF 12 FAIRY CAKE BAKING CASES', 'SET OF 6 TEA TIME BAKING CASES', 'SET OF 9 BLACK SKULL BALLOONS', 'SKULLS  WATER TRANSFER TATTOOS ', 'SKULLS PARTY BAG  STICKER SET', 'TRADTIONAL ALPHABET STAMP SET', 'VINTAGE SNAKES AND LADDERS', 'WOODLAND PARTY BAG  STICKER SET', 'Segment_Consumer', 'Region_Southeast']"
576245,"['CHRISTMAS LIGHTS 10 REINDEER', 'EDWARDIAN PARASOL BLACK', 'EGG CUP MILKMAID HEIDI', 'EGG CUP MILKMAID INGRID', 'FELTCRAFT CUSHION OWL', 'JUMBO BAG WOODLAND ANIMALS', 'JUMBO STORAGE BAG SUKI', 'LUNCH BAG APPLE DESIGN', 'LUNCH BAG RED RETROSPOT', 'PLASTERS IN TIN WOODLAND ANIMALS', 'POPPYS PLAYHOUSE BEDROOM ', 'POPPYS PLAYHOUSE KITCHEN', 'POPPYS PLAYHOUSE LIVINGROOM ', 'RABBIT NIGHT LIGHT', 'RECYCLING BAG RETROSPOT ', 'RED RETROSPOT UMBRELLA', 'RED TOADSTOOL LED NIGHT LIGHT', 'ROCKING HORSE RED CHRISTMAS ', 'SPACEBOY MINI BACKPACK', 'TRADITIONAL KNITTING NANCY', 'TRADTIONAL ALPHABET STAMP SET', 'ZINC FOLKART SLEIGH BELLS', 'Segment_Corporate', 'Region_Southeast']"
576373,"['BOX OF 6 MINI 50S CRACKERS', 'DOORMAT UNION FLAG', 'LANDMARK FRAME COVENT GARDEN ', 'LANDMARK FRAME NOTTING HILL ', 'LANDMARK FRAME OXFORD STREET', 'RED DINER WALL CLOCK', 'WALL ART KEEP CALM ', 'WALL ART STOP FOR TEA ', 'Segment_Consumer', 'Region_Northeast']"
576399,"['36 PENCILS TUBE RED RETROSPOT', '3D TRADITIONAL CHRISTMAS STICKERS', '3D VINTAGE CHRISTMAS STICKERS ', '6 GIFT TAGS 50S CHRISTMAS ', '60 TEATIME FAIRY CAKE CASES', '72 SWEETHEART FAIRY CAKE CASES', 'BAG 250g SWIRLY MARBLES', 'BOX OF 6 MINI 50S CRACKERS', 'BUNDLE OF 3 ALPHABET EXERCISE BOOKS', 'CHARLOTTE BAG PINK POLKADOT', 'CHILDRENS APRON SPACEBOY DESIGN', 'LUNCH BAG CARS BLUE', 'LUNCH BAG SPACEBOY DESIGN ', 'LUNCH BAG WOODLAND', 'MAGIC DRAWING SLATE DOLLY GIRL ', 'MAGIC DRAWING SLATE SPACEBOY ', 'MINI JIGSAW CIRCUS PARADE ', 'PACK OF 60 PINK PAISLEY CAKE CASES', 'PACK OF 60 SPACEBOY CAKE CASES', 'PLASTERS IN TIN SPACEBOY', 'PLASTERS IN TIN VINTAGE PAISLEY ', 'RETROSPOT CHILDRENS APRON', 'RETROSPOT TEA SET CERAMIC 11 PC ', 'REVOLVER WOODEN RULER ', 'SET 12 COLOUR PENCILS SPACEBOY ', 'SET 12 KIDS  WHITE CHALK STICKS', 'SET 12 KIDS COLOUR  CHALK STICKS', 'SET 7 BABUSHKA NESTING BOXES', 'WOODLAND CHARLOTTE BAG', 'Segment_Consumer', 'Region_Southeast']"
576669,"['BOX OF 6 MINI 50S CRACKERS', 'Segment_Corporate', 'Region_Northeast']"
576672,"[' SPACEBOY BABY GIFT SET', 'ASSORTED COLOUR BIRD ORNAMENT', 'CIRCUS PARADE BABY GIFT SET', 'DOORMAT 3 SMILEY CATS', 'DOORMAT RED RETROSPOT', 'DOORMAT SPOTTY HOME SWEET HOME', 'FAWN BLUE HOT WATER BOTTLE', 'LUNCH BAG DOLLY GIRL DESIGN', 'LUNCH BAG RED RETROSPOT', 'LUNCH BAG SPACEBOY DESIGN ', 'MINI FUNKY DESIGN TAPES', 'MINI PAINT SET VINTAGE ', 'PACK OF 72 RETROSPOT CAKE CASES', 'POPPYS PLAYHOUSE BATHROOM', 'POPPYS PLAYHOUSE BEDROOM ', 'POPPYS PLAYHOUSE KITCHEN', 'RABBIT NIGHT LIGHT', 'RED RETROSPOT CHILDRENS UMBRELLA', 'ROSES REGENCY TEACUP AND SAUCER ', 'SOLDIERS EGG CUP ', 'SPACEBOY LUNCH BOX ', 'WOODEN BOX OF DOMINOES', 'Segment_Corporate', 'Region_Southeast']"
576894,"['BIRDS MOBILE VINTAGE DESIGN', 'CHRISTMAS CRAFT WHITE FAIRY ', 'FELTCRAFT CHRISTMAS FAIRY', 'FELTCRAFT DOLL MOLLY', 'FELTCRAFT PRINCESS CHARLOTTE DOLL', 'FELTCRAFT PRINCESS OLIVIA DOLL', 'MOBILE VINTAGE HEARTS ', 'PAPER CHAIN KIT RETROSPOT', 'POPPYS PLAYHOUSE BATHROOM', 'POPPYS PLAYHOUSE BEDROOM ', 'POPPYS PLAYHOUSE KITCHEN', 'POPPYS PLAYHOUSE LIVINGROOM ', 'SET 7 BABUSHKA NESTING BOXES', 'SET OF 3 WOODEN STOCKING DECORATION', 'WOODEN TREE CHRISTMAS SCANDINAVIAN', 'Segment_Corporate', 'Region_Northeast']"
576908,"['PLASTERS IN TIN CIRCUS PARADE ', 'PLASTERS IN TIN SPACEBOY', 'Segment_Consumer', 'Region_Southeast']"
576927,"[' I LOVE LONDON MINI BACKPACK', 'ABC TREASURE BOOK BOX ', 'ADVENT CALENDAR GINGHAM SACK', 'ALARM CLOCK BAKELIKE GREEN', 'ALARM CLOCK BAKELIKE PINK', 'ALARM CLOCK BAKELIKE RED ', 'ALUMINIUM STAMPED HEART', 'ASSORTED COLOUR BIRD ORNAMENT', 'BOX OF 6 MINI VINTAGE CRACKERS', 'CHILDRENS CUTLERY DOLLY GIRL ', 'CHILDRENS CUTLERY POLKADOT PINK', 'CHILDRENS CUTLERY SPACEBOY ', 'CHRISTMAS CRAFT LITTLE FRIENDS', 'CHRISTMAS CRAFT TREE TOP ANGEL', 'DOLLY GIRL CHILDRENS BOWL', 'DOLLY GIRL CHILDRENS CUP', 'DOLLY GIRL LUNCH BOX', 'DOLLY HONEYCOMB GARLAND', 'FELTCRAFT BOY JEANPAUL KIT', 'FELTCRAFT CHRISTMAS FAIRY', 'FELTCRAFT DOLL ROSIE', 'FELTCRAFT PRINCESS LOLA DOLL', 'FELTCRAFT PRINCESS OLIVIA DOLL', 'FOLDING BUTTERFLY MIRROR HOT PINK ', 'FOLKART STAR CHRISTMAS DECORATIONS', 'GARLAND WITH HEARTS AND BELLS', 'GARLAND WITH STARS AND BELLS', 'GIANT 50S CHRISTMAS CRACKER', 'GLITTER STAR GARLAND WITH BELLS ', 'GUMBALL COAT RACK', 'GUMBALL MAGAZINE RACK', 'HANGING QUILTED PATCHWORK APPLES', 'JUMBO BAG APPLES', 'JUMBO BAG PEARS', 'JUMBO BAG SPACEBOY DESIGN', 'JUMBO BAG VINTAGE CHRISTMAS ', 'JUMBO BAG VINTAGE DOILY ', 'JUMBO BAG WOODLAND ANIMALS', 'LUNCH BAG  BLACK SKULL.', 'LUNCH BAG APPLE DESIGN', 'LUNCH BAG RED RETROSPOT', 'LUNCH BAG WOODLAND', 'LUNCH BOX I LOVE LONDON', 'LUNCH BOX WITH CUTLERY RETROSPOT ', 'MIRRORED DISCO BALL ', 'NOEL WOODEN BLOCK LETTERS ', 'PASTEL COLOUR HONEYCOMB FAN', 'PICNIC BOXES SET OF 3 RETROSPOT ', 'PINK  HONEYCOMB PAPER FAN', 'PRETTY HANGING QUILTED HEARTS', 'RECYCLING BAG RETROSPOT ', 'RED APPLES CHOPPING BOARD   ', 'RED RETROSPOT MINI CASES', 'ROUND SNACK BOXES SET OF 4 FRUITS ', 'ROUND SNACK BOXES SET OF 4 SKULLS', 'ROUND SNACK BOXES SET OF4 WOODLAND ', 'SET 12 COLOUR PENCILS DOLLY GIRL ', 'SET 12 COLOUR PENCILS SPACEBOY ', 'SET 36 COLOUR PENCILS LOVE LONDON', 'SET OF 4 SANTA PLACE SETTINGS', 'SKULL LUNCH BOX WITH CUTLERY ', 'SPACEBOY CHILDRENS BOWL', 'SPACEBOY CHILDRENS CUP', 'SPACEBOY GIFT WRAP', 'SPACEBOY LUNCH BOX ', 'SPACEBOY MINI BACKPACK', 'TOTE BAG I LOVE LONDON', 'TOY TIDY SPACEBOY  ', 'TRAVEL CARD WALLET I LOVE LONDON', 'TRAVEL CARD WALLET PANTRY', 'TREASURE ISLAND BOOK BOX', 'VINTAGE CHRISTMAS BUNTING', 'WALL ART 70S ALPHABET ', 'WOODEN ADVENT CALENDAR CREAM', 'WOODLAND  HEIGHT CHART STICKERS ', 'WOODLAND MINI BACKPACK', 'WRAP  VINTAGE DOILY ', 'WRAP GREEN PEARS ', 'WRAP RED APPLES ', 'ZINC FOLKART SLEIGH BELLS', 'Segment_Consumer', 'Region_Northeast']"
576941,"['BOX OF 6 MINI 50S CRACKERS', 'BOX OF 6 MINI VINTAGE CRACKERS', 'JUMBO BAG APPLES', 'JUMBO BAG VINTAGE DOILY ', 'LUNCH BAG APPLE DESIGN', 'LUNCH BAG PAISLEY PARK  ', 'LUNCH BAG RED RETROSPOT', 'LUNCH BAG RED VINTAGE DOILY', 'MINI LIGHTS WOODLAND MUSHROOMS', 'PAPERWEIGHT CHILDHOOD MEMORIES', 'PAPERWEIGHT SAVE THE PLANET', 'RABBIT NIGHT LIGHT', 'RED ROCKING HORSE HAND PAINTED', 'SET OF 4 KNICK KNACK TINS DOILY ', 'STAR WREATH DECORATION WITH BELL', 'VINTAGE DOILY JUMBO BAG RED ', 'WOODEN ADVENT CALENDAR CREAM', 'WOODEN ADVENT CALENDAR RED', 'Segment_Corporate', 'Region_Northeast']"
577121,"['CIRCUS PARADE CHILDRENS EGG CUP ', 'COFFEE MUG PEARS  DESIGN', 'DISCO BALL CHRISTMAS DECORATION', 'DOORMAT RESPECTABLE HOUSE', 'GINGERBREAD MAN COOKIE CUTTER', 'GLITTER CHRISTMAS STAR ', 'LUNCH BOX WITH CUTLERY RETROSPOT ', 'MINT DINER WALL CLOCK', 'MINT KITCHEN SCALES', 'OFFICE MUG WARMER POLKADOT', 'PACK OF 72 RETROSPOT CAKE CASES', 'PLASTERS IN TIN CIRCUS PARADE ', 'PLASTERS IN TIN STRONGMAN', 'POPCORN HOLDER', 'RABBIT NIGHT LIGHT', 'RED RETROSPOT CHARLOTTE BAG', 'RED RETROSPOT CHILDRENS UMBRELLA', 'RED RETROSPOT CUP', 'REGENCY CAKESTAND 3 TIER', 'REVOLVER WOODEN RULER ', 'ROUND SNACK BOXES SET OF4 WOODLAND ', 'SAVE THE PLANET MUG', 'SET10 RED POLKADOT PARTY CANDLES', 'SET20 RED RETROSPOT PAPER NAPKINS ', 'SET4 SKULL BADGES', 'SILVER STARS TABLE DECORATION', 'STRAWBERRY LUNCH BOX WITH CUTLERY', 'TEA PARTY BIRTHDAY CARD', 'VINTAGE LEAF MAGNETIC NOTEPAD', 'WALL ART STOP FOR TEA ', 'ZINC FOLKART SLEIGH BELLS', 'Segment_Consumer', 'Region_Northeast']"
577152,"['36 DOILIES DOLLY GIRL', 'BUNDLE OF 3 ALPHABET EXERCISE BOOKS', 'CHILDRENS APRON APPLES DESIGN', 'CHILDRENS APRON DOLLY GIRL ', 'CHILDRENS CUTLERY POLKADOT BLUE', 'CHILDRENS CUTLERY POLKADOT GREEN ', 'CHILDRENS CUTLERY POLKADOT PINK', 'CHILDRENS CUTLERY RETROSPOT RED ', 'FUNKY DIVA PEN', 'LUNCH BAG APPLE DESIGN', 'LUNCH BAG DOLLY GIRL DESIGN', 'LUNCH BAG RED RETROSPOT', 'LUNCH BOX WITH CUTLERY RETROSPOT ', 'MOBILE VINTAGE HEARTS ', 'PACK OF 20 NAPKINS RED APPLES', 'PACK OF 60 PINK PAISLEY CAKE CASES', 'PACK OF 72 RETROSPOT CAKE CASES', 'SET OF 72 RETROSPOT PAPER  DOILIES', 'SET10 RED POLKADOT PARTY CANDLES', 'SET20 RED RETROSPOT PAPER NAPKINS ', 'SMALL RED BABUSHKA NOTEBOOK ', 'SMALL YELLOW BABUSHKA NOTEBOOK ', 'STRAWBERRY LUNCH BOX WITH CUTLERY', 'Segment_Consumer', 'Region_Northeast']"
577295,"['EDWARDIAN PARASOL BLACK', 'EDWARDIAN PARASOL RED', 'JUMBO BAG VINTAGE DOILY ', 'MINI LIGHTS WOODLAND MUSHROOMS', 'PACK OF 60 MUSHROOM CAKE CASES', 'PARTY BUNTING', 'RABBIT NIGHT LIGHT', 'RED TOADSTOOL LED NIGHT LIGHT', 'SPOTTY BUNTING', 'Segment_Consumer', 'Region_Northeast']"
577344,"['CAKE STAND 3 TIER MAGIC GARDEN', 'PACK OF 20 SKULL PAPER NAPKINS', 'PACK OF 6 SKULL PAPER CUPS', 'PARTY CONE CHRISTMAS DECORATION ', 'REGENCY CAKESTAND 3 TIER', 'RETROSPOT PARTY BAG  STICKER SET', 'SET OF 9 HEART SHAPED BALLOONS', 'SET20 RED RETROSPOT PAPER NAPKINS ', 'VINTAGE DONKEY TAIL GAME ', 'Segment_Consumer', 'Region_Southeast']"
577502,"['12 PENCILS TALL TUBE RED RETROSPOT', '12 PENCILS TALL TUBE WOODLAND', '4 TRADITIONAL SPINNING TOPS', 'BAG 250g SWIRLY MARBLES', 'BAKING SET 9 PIECE RETROSPOT ', 'BAKING SET SPACEBOY DESIGN', 'BLUE HARMONICA IN BOX ', 'CHILDRENS CUTLERY DOLLY GIRL ', 'CHILDRENS CUTLERY SPACEBOY ', 'CHILDS BREAKFAST SET CIRCUS PARADE', 'CHILDS BREAKFAST SET DOLLY GIRL ', 'CHILDS BREAKFAST SET SPACEBOY ', 'DOLLY GIRL MINI BACKPACK', 'MINI LIGHTS WOODLAND MUSHROOMS', 'RABBIT NIGHT LIGHT', 'RED RETROSPOT MINI CASES', 'RED TOADSTOOL LED NIGHT LIGHT', 'SET 36 COLOUR PENCILS DOLLY GIRL', 'SET 36 COLOUR PENCILS SPACEBOY ', 'SET OF 10 LED DOLLY LIGHTS', 'SPACEBOY MINI BACKPACK', 'TRADITIONAL NAUGHTS AND CROSSES', 'TRADITIONAL PICK UP STICKS GAME ', 'TRADTIONAL ALPHABET STAMP SET', 'VINTAGE HEADS AND TAILS CARD GAME ', 'WOODLAND MINI BACKPACK', 'Segment_Consumer', 'Region_Northeast']"
577512,"['GLASS  SONGBIRD STORAGE JAR', 'HEART FILIGREE DOVE  SMALL', 'RED RETROSPOT MUG', 'RED RETROSPOT SUGAR JAM BOWL', 'REGENCY CAKE SLICE', 'REGENCY CAKESTAND 3 TIER', 'REGENCY MILK JUG PINK ', 'REGENCY SUGAR BOWL GREEN', 'REGENCY SUGAR TONGS', 'REGENCY TEAPOT ROSES ', 'ROSES REGENCY TEACUP AND SAUCER ', 'SET OF 3 REGENCY CAKE TINS', 'VINTAGE ZINC WATERING CAN', 'Segment_Corporate', 'Region_Southeast']"
577687,"['GIRAFFE WOODEN RULER', 'PACK OF 20 SKULL PAPER NAPKINS', 'PACK OF 6 SKULL PAPER CUPS', 'PACK OF 6 SKULL PAPER PLATES', 'PACK OF 72 RETROSPOT CAKE CASES', 'PAPER BUNTING VINTAGE PARTY', 'RABBIT NIGHT LIGHT', 'RETROSPOT PARTY BAG  STICKER SET', 'SET 12 COLOUR PENCILS DOLLY GIRL ', 'SET 12 COLOUR PENCILS SPACEBOY ', 'SET20 RED RETROSPOT PAPER NAPKINS ', 'SET6 RED SPOTTY PAPER CUPS', 'SET6 RED SPOTTY PAPER PLATES', 'SKULLS PARTY BAG  STICKER SET', 'WOODLAND  STICKERS', 'Segment_Consumer', 'Region_Southeast']"
577856,"['ICE CREAM BUBBLES', 'JUMBO BAG WOODLAND ANIMALS', 'LUNCH BAG RED RETROSPOT', 'LUNCH BAG WOODLAND', 'OFFICE MUG WARMER PINK', 'RABBIT NIGHT LIGHT', 'RED RETROSPOT CHARLOTTE BAG', 'RETROSPOT PARTY BAG  STICKER SET', 'ROUND SNACK BOXES SET OF4 WOODLAND ', 'SET6 RED SPOTTY PAPER CUPS', 'WOODLAND CHARLOTTE BAG', 'WOODLAND PARTY BAG  STICKER SET', 'Segment_Corporate', 'Region_Northeast']"
578033,"['ALARM CLOCK BAKELIKE GREEN', 'ALARM CLOCK BAKELIKE RED ', 'BLUE DINER WALL CLOCK', 'BLUE REFECTORY CLOCK ', 'CHRISTMAS LIGHTS 10 REINDEER', 'CHRISTMAS LIGHTS 10 SANTAS ', 'JIGSAW TOADSTOOLS 3 PIECE', 'JUMBO BAG 50S CHRISTMAS ', 'JUMBO BAG APPLES', 'JUMBO BAG RED RETROSPOT', 'JUMBO BAG VINTAGE DOILY ', 'JUMBO BAG WOODLAND ANIMALS', 'MINI LIGHTS WOODLAND MUSHROOMS', 'PACK OF 12 STICKY BUNNIES', 'PICNIC BOXES SET OF 3 RETROSPOT ', 'PINK DINER WALL CLOCK', 'RABBIT NIGHT LIGHT', 'RED DINER WALL CLOCK', 'RED REFECTORY CLOCK ', 'RED RETROSPOT MINI CASES', 'RETROSPOT TEA SET CERAMIC 11 PC ', 'ROUND SNACK BOXES SET OF 4 FRUITS ', 'ROUND SNACK BOXES SET OF4 WOODLAND ', 'SET OF 10 LED DOLLY LIGHTS', 'SET3 RED GINGHAM ROSE STORAGE BOX', 'WOODLAND  STICKERS', 'WOODLAND STORAGE BOX SMALL', 'Segment_Corporate', 'Region_Northeast']"
578277,"['CHERRY CROCHET FOOD COVER', 'CHILDRENS CUTLERY CIRCUS PARADE', 'CHILDRENS CUTLERY DOLLY GIRL ', 'CHILDRENS CUTLERY SPACEBOY ', 'FAIRY TALE COTTAGE NIGHT LIGHT', 'FELTCRAFT CHRISTMAS FAIRY', 'FELTCRAFT PRINCESS LOLA DOLL', 'FELTCRAFT PRINCESS OLIVIA DOLL', 'FLOWER VINE RAFFIA FOOD COVER', 'KEY RING BASEBALL BOOT UNION JACK', 'LONDON BUS COFFEE MUG', 'PACK OF 12 LONDON TISSUES ', 'PACK OF 12 VINTAGE CHRISTMAS TISSUE', 'PLAYING CARDS KEEP CALM AND CARRY ON', 'PLAYING CARDS VINTAGE DOILY ', 'QUEENS GUARD COFFEE MUG', 'RABBIT NIGHT LIGHT', 'RED TOADSTOOL LED NIGHT LIGHT', 'SET 36 COLOUR PENCILS DOLLY GIRL', 'SET 36 COLOUR PENCILS SPACEBOY ', 'SET OF 20 VINTAGE CHRISTMAS NAPKINS', 'SET OF 6 TLIGHTS SANTA', 'STRAWBERRY RAFFIA FOOD COVER', 'TEA BAG PLATE RED RETROSPOT', 'VINTAGE DOILY DELUXE SEWING KIT ', 'Segment_Consumer', 'Region_Southeast']"
578287,"['IVORY KITCHEN SCALES', 'RABBIT NIGHT LIGHT', 'RED TOADSTOOL LED NIGHT LIGHT', 'Segment_Consumer', 'Region_Northeast']"
578348,"['EGG CUP MILKMAID HELGA ', 'MAGNETS PACK OF 4 SWALLOWS', 'MAGNETS PACK OF 4 VINTAGE LABELS ', 'NOVELTY BISCUITS CAKE STAND 3 TIER', 'PACK OF 12 DOLLY GIRL TISSUES', 'PACK OF 12 WOODLAND TISSUES ', 'RABBIT NIGHT LIGHT', 'SET OF 6 FUNKY BEAKERS', 'SMALL DOLLY MIX DESIGN ORANGE BOWL', 'SMALL MARSHMALLOWS PINK BOWL', 'Segment_Consumer', 'Region_Northeast']"
578377,"['FRIDGE MAGNETS LA VIE EN ROSE', 'FRIDGE MAGNETS LES ENFANTS ASSORTED', 'FRIDGE MAGNETS US DINER ASSORTED', 'Segment_Corporate', 'Region_Northeast']"
578541,"[' NINE DRAWER OFFICE TIDY', '20 DOLLY PEGS RETROSPOT', '36 PENCILS TUBE SKULLS', '4 TRADITIONAL SPINNING TOPS', 'AREA PATROLLED METAL SIGN', 'ASSORTED COLOUR BIRD ORNAMENT', 'ASSTD RASTA KEYCHAINS', 'BEWARE OF THE CAT METAL SIGN ', 'BLUE DRAWER KNOB ACRYLIC EDWARDIAN', 'BLUE HARMONICA IN BOX ', 'BLUE STRIPE CERAMIC DRAWER KNOB', 'BOX OF 6 MINI 50S CRACKERS', 'BREAD BIN DINER STYLE IVORY', 'BROCANTE SHELF WITH HOOKS', 'BULL DOG BOTTLE TOP WALL CLOCK', 'BUTTERFLIES STICKERS', 'CARD HOLDER LOVE BIRD SMALL', 'CAT BOWL VINTAGE CREAM', 'CHOCOLATE THIS WAY METAL SIGN', 'CINAMMON AND ORANGE WREATH', 'CLOTHES PEGS RETROSPOT PACK 24 ', 'COFFEE MUG CAT  BIRD DESIGN', 'COFFEE MUG DOG  BALL DESIGN', 'CORDIAL GLASS JUG', 'DOG BOWL VINTAGE CREAM', 'DOLLY GIRL CHILDRENS BOWL', 'DOLLY GIRL CHILDRENS CUP', 'DRAWER KNOB CERAMIC IVORY', 'DRAWER KNOB CERAMIC RED', 'DRAWER KNOB VINTAGE GLASS BALL', 'DRAWER KNOB VINTAGE GLASS HEXAGON', 'DRAWER KNOB VINTAGE GLASS STAR', 'EGG FRYING PAN RED ', 'ENAMEL BLUE RIM COFFEE CONTAINER', 'ENCHANTED BIRD COATHANGER 5 HOOK', 'ENGLISH ROSE HOT WATER BOTTLE', 'FRYING PAN RED RETROSPOT', 'FRYING PAN UNION FLAG', 'GIN  TONIC DIET METAL SIGN', 'GIRAFFE WOODEN RULER', 'GLAMOROUS  MUG', 'HANGING  BUTTERFLY TLIGHT HOLDER', 'HEART SHAPED HOLLY WREATH', 'HEARTS  STICKERS', 'HOT BATHS METAL SIGN', 'ICON MUG REVOLUTIONARY', 'IVORY DINER WALL CLOCK', 'IVORY KITCHEN SCALES', 'JOY WOODEN BLOCK LETTERS', 'JUMBO BAG DOLLY GIRL DESIGN', 'JUMBO BAG RED RETROSPOT', 'JUMBO BAG VINTAGE DOILY ', 'JUMBO STORAGE BAG SUKI', 'KEY RING BASEBALL BOOT UNION JACK', 'KNITTED UNION FLAG HOT WATER BOTTLE', 'MEMO BOARD COTTAGE DESIGN', 'MEMO BOARD RETROSPOT  DESIGN', 'MILK PAN RED RETROSPOT', 'MINT KITCHEN SCALES', 'OFFICE MUG WARMER BLACKSILVER ', 'PENCIL CASE LIFE IS BEAUTIFUL', 'PLAYING CARDS JUBILEE UNION JACK', 'POPPY FIELDS CHOPPING BOARD', 'PURPLE DRAWERKNOB ACRYLIC EDWARDIAN', 'RABBIT NIGHT LIGHT', 'RASTA IN BATH W SPLIFF ASHTRAY', 'RATTLE SNAKE EGGS', 'RED APPLES CHOPPING BOARD   ', 'RED DINER WALL CLOCK', 'RED DRAWER KNOB ACRYLIC EDWARDIAN', 'RED FLOWER CROCHET FOOD COVER', 'RED GINGHAM ROSE JEWELLERY BOX', 'RED HANGING HEART TLIGHT HOLDER', 'RED KITCHEN SCALES', 'RED REFECTORY CLOCK ', 'RED RETROSPOT BOWL', 'RED RETROSPOT SMALL MILK JUG', 'RED RETROSPOT SUGAR JAM BOWL', 'RED SPOT CERAMIC DRAWER KNOB', 'RED WOOLLY HOTTIE WHITE HEART.', 'RETROSPOT HEART HOT WATER BOTTLE', 'REVOLVER WOODEN RULER ', 'ROTATING SILVER ANGELS TLIGHT HLDR', 'ROUND CAKE TIN VINTAGE GREEN', 'ROUND CAKE TIN VINTAGE RED', 'SAVE THE PLANET MUG', 'SET 12 KIDS  WHITE CHALK STICKS', 'SET 12 KIDS COLOUR  CHALK STICKS', 'SET 3 WICKER STORAGE BASKETS ', 'SET OF 2 TEA TOWELS APPLE AND PEARS', 'SET OF 4 KNICK KNACK TINS DOILY ', 'SET OF 6 TLIGHTS SANTA', 'SET OF 6 TLIGHTS SNOWMEN', 'SET3 BOOK BOX GREEN GINGHAM FLOWER ', 'SET3 RED GINGHAM ROSE STORAGE BOX', 'SET5 RED RETROSPOT LID GLASS BOWLS', 'SINGLE ANTIQUE ROSE HOOK IVORY', 'SKULLS  STICKERS', 'SMALL WHITE RETROSPOT MUG IN BOX ', 'SPACEBOY CHILDRENS BOWL', 'SPACEBOY CHILDRENS CUP', 'STORAGE TIN VINTAGE DOILY ', 'TOADSTOOL BEDSIDE LIGHT ', 'TRADITIONAL PICK UP STICKS GAME ', 'TRIPLE HOOK ANTIQUE IVORY ROSE', 'TUSCAN VILLA BIRD FEEDER', 'VEGETABLE GARDEN CHOPPING BOARD', 'VICTORIAN GLASS HANGING TLIGHT', 'VICTORIAN SEWING BOX MEDIUM', 'VICTORIAN SEWING BOX SMALL ', 'VINTAGE CREAM CAT FOOD CONTAINER', 'VINTAGE CREAM DOG FOOD CONTAINER', 'VINTAGE DOILY JUMBO BAG RED ', 'VINTAGE GLASS TLIGHT HOLDER', 'VINTAGE UNION JACK MEMOBOARD', 'WAKE UP COCKEREL CALENDAR SIGN ', 'WHITE HANGING HEART TLIGHT HOLDER', 'WHITE SPOT RED CERAMIC DRAWER KNOB', 'WOODEN BOX OF DOMINOES', 'WOODEN CROQUET GARDEN SET', 'WOODEN REGATTA BUNTING', 'WOODEN UNION JACK BUNTING', 'YELLOW GIANT GARDEN THERMOMETER', 'Segment_Corporate', 'Region_Northeast']"
578698,"['A PRETTY THANK YOU CARD', 'BILI NUT AND WOOD NECKLACE', 'BOTANICAL LILY GREETING CARD', 'BOX OF 6 MINI 50S CRACKERS', 'BOX OF 6 MINI VINTAGE CRACKERS', 'BROWN KUKUI COCONUT SEED NECKLACE', 'BUNNY WOODEN PAINTED WITH BIRD ', 'CARD CHRISTMAS VILLAGE', 'CARD DOLLY GIRL ', 'CARD MOTORBIKE SANTA', 'CARD PARTY GAMES ', 'CHILDRENS CUTLERY POLKADOT GREEN ', 'CHRISTMAS CARD SCREEN PRINT ', 'CHRISTMAS GINGHAM STAR', 'CHRISTMAS RETROSPOT TREE WOOD', 'COFFEE MUG CAT  BIRD DESIGN', 'GINGHAM HEART DECORATION', 'HENRIETTA HEN MUG ', 'LUNCH BAG APPLE DESIGN', 'LUNCH BAG RED RETROSPOT', 'LUNCH BAG SUKI DESIGN ', 'PACK OF 6 BIRDY GIFT TAGS', 'PENNY FARTHING BIRTHDAY CARD', 'RABBIT NIGHT LIGHT', 'RED KUKUI COCONUT SEED NECKLACE', 'RETROSPOT HEART HOT WATER BOTTLE', 'ROBOT BIRTHDAY CARD', 'SET OF 6 RIBBONS VINTAGE CHRISTMAS', 'SPACEBOY BIRTHDAY CARD', 'VINTAGE CHRISTMAS STOCKING ', 'WOODEN HEART CHRISTMAS SCANDINAVIAN', 'WOODEN STAR CHRISTMAS SCANDINAVIAN', 'WORLD WAR 2 GLIDERS ASSTD DESIGNS', 'ZINC METAL HEART DECORATION', 'Segment_Corporate', 'Region_Northeast']"
578736,"['BLACK RECORD COVER FRAME', 'GUMBALL COAT RACK', 'ICE CREAM BUBBLES', 'MOCK LOBSTER FRIDGE MAGNET', 'OPEN CLOSED METAL SIGN', 'RABBIT NIGHT LIGHT', 'RED RETROSPOT CHARLOTTE BAG', 'RED RETROSPOT MINI CASES', 'ROBOT BIRTHDAY CARD', 'SET OF 5 LUCKY CAT MAGNETS ', 'SET OF 5 MINI GROCERY MAGNETS', 'TRADITIONAL PICK UP STICKS GAME ', 'VINTAGE DOILY TRAVEL SEWING KIT', 'VINTAGE LEAF MAGNETIC NOTEPAD', 'Segment_Consumer', 'Region_Southeast']"
578835,"['FELTCRAFT PRINCESS CHARLOTTE DOLL', 'FELTCRAFT PRINCESS LOLA DOLL', 'RABBIT NIGHT LIGHT', 'RED TOADSTOOL LED NIGHT LIGHT', 'Segment_Consumer', 'Region_Southeast']"
579127,"['ROUND SNACK BOXES SET OF4 WOODLAND ', 'Segment_Corporate', 'Region_Northeast']"
579153,"['BIRDS MOBILE VINTAGE DESIGN', 'BLUE SCOTTIE DOG W FLOWER PATTERN', 'DELUXE SEWING KIT ', 'GINGERBREAD MAN COOKIE CUTTER', 'MAKE YOUR OWN MONSOON CARD KIT', 'MEASURING TAPE BABUSHKA BLUE', 'MINI PAINT SET VINTAGE ', 'PINK OWL SOFT TOY', 'PLASTERS IN TIN CIRCUS PARADE ', 'PLASTERS IN TIN STRONGMAN', 'PLASTERS IN TIN WOODLAND ANIMALS', 'SET OF 20 KIDS COOKIE CUTTERS', 'Segment_Corporate', 'Region_Northeast']"
579190,"['BOX OF 6 MINI VINTAGE CRACKERS', 'CARD CHRISTMAS VILLAGE', 'GIANT 50S CHRISTMAS CRACKER', 'KINGS CHOICE BISCUIT TIN', 'REGENCY CAKESTAND 3 TIER', 'SET 2 TEA TOWELS I LOVE LONDON ', 'SET OF 6 TLIGHTS SANTA', 'WRAP CHRISTMAS VILLAGE', 'Segment_Corporate', 'Region_Northeast']"
579192,"['BOX OF 6 MINI VINTAGE CRACKERS', 'CARD CHRISTMAS VILLAGE', 'GIANT 50S CHRISTMAS CRACKER', 'KINGS CHOICE BISCUIT TIN', 'REGENCY CAKESTAND 3 TIER', 'SET 2 TEA TOWELS I LOVE LONDON ', 'SET OF 6 TLIGHTS SANTA', 'WRAP CHRISTMAS VILLAGE', 'Segment_Consumer', 'Region_Northeast']"
579193,"['BOX OF 6 MINI VINTAGE CRACKERS', 'CARD CHRISTMAS VILLAGE', 'GIANT 50S CHRISTMAS CRACKER', 'KINGS CHOICE BISCUIT TIN', 'REGENCY CAKESTAND 3 TIER', 'SET 2 TEA TOWELS I LOVE LONDON ', 'SET OF 6 TLIGHTS SANTA', 'WRAP CHRISTMAS VILLAGE', 'Segment_Corporate', 'Region_Southeast']"
579345,"['ALARM CLOCK BAKELIKE IVORY', 'ALARM CLOCK BAKELIKE PINK', 'ALARM CLOCK BAKELIKE RED ', 'ASSORTED COLOUR MINI CASES', 'BAKING SET 9 PIECE RETROSPOT ', 'BAKING SET SPACEBOY DESIGN', 'CARTOON  PENCIL SHARPENERS', 'FAIRY TALE COTTAGE NIGHT LIGHT', 'GREEN METAL BOX ARMY SUPPLIES', 'ICE CREAM BUBBLES', 'LUNCH BOX I LOVE LONDON', 'MAGIC DRAWING SLATE DOLLY GIRL ', 'MAGIC DRAWING SLATE SPACEBOY ', 'MINI PAINT SET VINTAGE ', 'PLASTERS IN TIN CIRCUS PARADE ', 'PLASTERS IN TIN SKULLS', 'PLASTERS IN TIN VINTAGE PAISLEY ', 'RABBIT NIGHT LIGHT', 'RED METAL BOX TOP SECRET', 'RETROSPOT TEA SET CERAMIC 11 PC ', 'STRAWBERRY LUNCH BOX WITH CUTLERY', 'WOODLAND BUNNIES LOLLY MAKERS', 'Segment_Corporate', 'Region_Northeast']"
579492,"['COFFEE MUG APPLES DESIGN', 'COFFEE MUG PEARS  DESIGN', 'GINGERBREAD MAN COOKIE CUTTER', 'MINI LIGHTS WOODLAND MUSHROOMS', 'PLASTERS IN TIN CIRCUS PARADE ', 'PLASTERS IN TIN STRONGMAN', 'RABBIT NIGHT LIGHT', 'RED APPLES CHOPPING BOARD   ', 'RED TOADSTOOL LED NIGHT LIGHT', 'ROLL WRAP 50S CHRISTMAS', 'ROLL WRAP 50S RED CHRISTMAS ', 'ROLL WRAP VINTAGE CHRISTMAS', 'ROUND SNACK BOXES SET OF 4 FRUITS ', 'Segment_Consumer', 'Region_Northeast']"
579529,"['36 PENCILS TUBE RED RETROSPOT', 'ASSORTED COLOUR MINI CASES', 'BAKING SET 9 PIECE RETROSPOT ', 'BLUE SCOTTIE DOG W FLOWER PATTERN', 'CERAMIC CHERRY CAKE MONEY BANK', 'CHILDRENS APRON DOLLY GIRL ', 'COLOURING PENCILS BROWN TUBE', 'GIRAFFE WOODEN RULER', 'MAKE YOUR OWN FLOWERPOWER CARD KIT', 'PINK FAIRY CAKE CHILDRENS APRON', 'PINK OWL SOFT TOY', 'PINK SCOTTIE DOG W FLOWER PATTERN', 'POPPYS PLAYHOUSE KITCHEN', 'RABBIT NIGHT LIGHT', 'RED RETROSPOT MINI CASES', 'RED RETROSPOT PICNIC BAG', 'RETROSPOT CHILDRENS APRON', 'RETROSPOT TEA SET CERAMIC 11 PC ', 'REVOLVER WOODEN RULER ', 'SET 12 COLOUR PENCILS LOVE LONDON', 'SET 36 COLOUR PENCILS DOLLY GIRL', 'SET 36 COLOUR PENCILS SPACEBOY ', 'SET 36 COLOURING PENCILS DOILY', 'SET OF 20 KIDS COOKIE CUTTERS', 'SMALL RED BABUSHKA NOTEBOOK ', 'SMALL YELLOW BABUSHKA NOTEBOOK ', 'Segment_Corporate', 'Region_Southeast']"
579532,"['NOVELTY BISCUITS CAKE STAND 3 TIER', 'Segment_Corporate', 'Region_Southeast']"
579562,"['RABBIT NIGHT LIGHT', 'RED TOADSTOOL LED NIGHT LIGHT', 'Segment_Corporate', 'Region_Southeast']"
579634,"['60 TEATIME FAIRY CAKE CASES', 'FAIRY CAKES NOTEBOOK A6 SIZE', 'PACK OF 72 RETROSPOT CAKE CASES', 'REGENCY CAKESTAND 3 TIER', 'SET OF 60 VINTAGE LEAF CAKE CASES ', 'SET OF 72 RETROSPOT PAPER  DOILIES', 'SNACK TRAY PAISLEY PARK', 'SNACK TRAY RED GINGHAM', 'SNACK TRAY RED VINTAGE DOILY', 'VINTAGE DOILY TRAVEL SEWING KIT', 'VINTAGE LEAF MAGNETIC NOTEPAD', 'Segment_Corporate', 'Region_Southeast']"
579708,"['6 GIFT TAGS VINTAGE CHRISTMAS ', 'DOILY THANK YOU CARD', 'EDWARDIAN PARASOL NATURAL', 'JAM MAKING SET PRINTED', 'JUMBO BAG 50S CHRISTMAS ', 'JUMBO BAG VINTAGE CHRISTMAS ', 'LUNCH BAG RED RETROSPOT', 'LUNCH BAG RED VINTAGE DOILY', 'LUNCH BAG VINTAGE DOILY ', 'LUNCH BAG VINTAGE LEAF DESIGN', 'MINI LIGHTS WOODLAND MUSHROOMS', 'PAPER CHAIN KIT 50S CHRISTMAS ', 'RABBIT NIGHT LIGHT', 'RED TOADSTOOL LED NIGHT LIGHT', 'RIBBON REEL CHRISTMAS SOCK BAUBLE', 'SET OF 4 KNICK KNACK TINS DOILY ', 'SET OF 4 KNICK KNACK TINS LEAF', 'TEA PARTY BIRTHDAY CARD', 'Segment_Consumer', 'Region_Southeast']"
579792,"['12 COLOURED PARTY BALLOONS', 'BAKING SET 9 PIECE RETROSPOT ', 'BAKING SET SPACEBOY DESIGN', 'BLUE HARMONICA IN BOX ', 'BLUE POLKADOT BOWL', 'BOX OF 6 CHRISTMAS CAKE DECORATIONS', 'CARD CHRISTMAS VILLAGE', 'CARD MOTORBIKE SANTA', 'CHILDRENS APRON DOLLY GIRL ', 'CHILDRENS CUTLERY CIRCUS PARADE', 'CHILDRENS CUTLERY DOLLY GIRL ', 'CHILDRENS CUTLERY POLKADOT PINK', 'CHILDRENS CUTLERY SPACEBOY ', 'CHILDS BREAKFAST SET DOLLY GIRL ', 'CHILDS BREAKFAST SET SPACEBOY ', 'CHRISTMAS GINGHAM STAR', 'CHRISTMAS GINGHAM TREE', 'CHRISTMAS RETROSPOT ANGEL WOOD', 'CHRISTMAS RETROSPOT TREE WOOD', 'CLOTHES PEGS RETROSPOT PACK 24 ', 'EDWARDIAN PARASOL BLACK', 'EDWARDIAN PARASOL RED', 'ENGLISH ROSE HOT WATER BOTTLE', 'FAWN BLUE HOT WATER BOTTLE', 'GINGHAM HEART DECORATION', 'GREY HEART HOT WATER BOTTLE', 'HEART WOODEN CHRISTMAS DECORATION', 'LARGE PURPLE BABUSHKA NOTEBOOK  ', 'LARGE RED BABUSHKA NOTEBOOK ', 'LARGE YELLOW BABUSHKA NOTEBOOK ', 'LUNCH BAG DOLLY GIRL DESIGN', 'LUNCH BAG PAISLEY PARK  ', 'LUNCH BAG RED VINTAGE DOILY', 'LUNCH BAG VINTAGE DOILY ', 'MAGNETS PACK OF 4 HOME SWEET HOME', 'MAGNETS PACK OF 4 RETRO PHOTO', 'MAGNETS PACK OF 4 SWALLOWS', 'MAGNETS PACK OF 4 VINTAGE COLLAGE', 'MAGNETS PACK OF 4 VINTAGE LABELS ', 'MINI PLAYING CARDS BUFFALO BILL ', 'MINI PLAYING CARDS GYMKHANA', 'PINK POLKADOT BOWL', 'RABBIT NIGHT LIGHT', 'RED RETROSPOT BOWL', 'RED ROCKING HORSE HAND PAINTED', 'RETROSPOT WOODEN HEART DECORATION', 'ROCKING HORSE RED CHRISTMAS ', 'ROUND SNACK BOXES SET OF 4 FRUITS ', 'ROUND SNACK BOXES SET OF4 WOODLAND ', 'SET 7 BABUSHKA NESTING BOXES', 'SET OF 3 WOODEN SLEIGH DECORATIONS', 'SET OF 9 BLACK SKULL BALLOONS', 'SMALL HANGING IVORYRED WOOD BIRD', 'SMALL PURPLE BABUSHKA NOTEBOOK ', 'SMALL RED BABUSHKA NOTEBOOK ', 'SMALL YELLOW BABUSHKA NOTEBOOK ', 'SWALLOW WOODEN CHRISTMAS DECORATION', 'TEA BAG PLATE RED RETROSPOT', 'VINTAGE CHRISTMAS STOCKING ', 'WHITE ROCKING HORSE HAND PAINTED', 'WOODEN STAR CHRISTMAS SCANDINAVIAN', 'WOODLAND LARGE BLUE FELT HEART', 'WOODLAND LARGE PINK FELT HEART', 'WOODLAND LARGE RED FELT HEART', 'WOODLAND SMALL BLUE FELT HEART', 'WOODLAND SMALL PINK FELT HEART', 'WOODLAND SMALL RED FELT HEART', 'Segment_Consumer', 'Region_Southeast']"
579870,"['CHERRY BLOSSOM  DECORATIVE FLASK', 'CHILDS BREAKFAST SET CIRCUS PARADE', 'CHILDS BREAKFAST SET SPACEBOY ', 'DOORMAT FANCY FONT HOME SWEET HOME', 'DOORMAT VINTAGE LEAF', 'HOMEMADE JAM SCENTED CANDLES', 'JAM MAKING SET WITH JARS', 'PLASTERS IN TIN SPACEBOY', 'PLASTERS IN TIN WOODLAND ANIMALS', 'RABBIT NIGHT LIGHT', 'RED TOADSTOOL LED NIGHT LIGHT', 'REGENCY CAKESTAND 3 TIER', 'SAVE THE PLANET COTTON TOTE BAG', 'Segment_Consumer', 'Region_Southeast']"
580120,"['CHARLOTTE BAG SUKI DESIGN', 'DOLLY GIRL MINI BACKPACK', 'FEATHER PEN,LIGHT PINK', 'JUMBO BAG RED RETROSPOT', 'JUMBO BAG SPACEBOY DESIGN', 'LIPSTICK PEN RED', 'RABBIT NIGHT LIGHT', 'RED TOADSTOOL LED NIGHT LIGHT', 'SET OF 9 HEART SHAPED BALLOONS', 'Segment_Consumer', 'Region_Southeast']"
580126,"[' 50S CHRISTMAS GIFT BAG LARGE', '6 GIFT TAGS 50S CHRISTMAS ', 'ALARM CLOCK BAKELIKE GREEN', 'ALARM CLOCK BAKELIKE PINK', 'ALARM CLOCK BAKELIKE RED ', 'BOX OF 6 MINI 50S CRACKERS', 'BOX OF 6 MINI VINTAGE CRACKERS', 'CHILDRENS DOLLY GIRL MUG', 'CHILDRENS SPACEBOY MUG', 'COFFEE MUG CAT  BIRD DESIGN', 'GIFT BAG PSYCHEDELIC APPLES', 'ICE CREAM SUNDAE LIP GLOSS', 'LONDON BUS COFFEE MUG', 'LUNCH BAG DOLLY GIRL DESIGN', 'LUNCH BAG WOODLAND', 'RABBIT NIGHT LIGHT', 'ROLL WRAP VINTAGE CHRISTMAS', 'SET 7 BABUSHKA NESTING BOXES', 'VINTAGE DOILY DELUXE SEWING KIT ', 'VINTAGE DOILY TRAVEL SEWING KIT', 'WRAP RED VINTAGE DOILY', 'Segment_Corporate', 'Region_Southeast']"
580144,"['4 TRADITIONAL SPINNING TOPS', 'ALARM CLOCK BAKELIKE PINK', 'PLASTERS IN TIN CIRCUS PARADE ', 'PLASTERS IN TIN SKULLS', 'PLASTERS IN TIN VINTAGE PAISLEY ', 'Segment_Consumer', 'Region_Southeast']"
580160,"[' DOLLY GIRL BEAKER', 'ALARM CLOCK BAKELIKE CHOCOLATE', 'ALARM CLOCK BAKELIKE GREEN', 'ALARM CLOCK BAKELIKE IVORY', 'ALARM CLOCK BAKELIKE PINK', 'ALARM CLOCK BAKELIKE RED ', 'BLUE HARMONICA IN BOX ', 'BUNDLE OF 3 ALPHABET EXERCISE BOOKS', 'BUNDLE OF 3 RETRO NOTE BOOKS', 'CERAMIC STRAWBERRY CAKE MONEY BANK', 'CHARLOTTE BAG DOLLY GIRL DESIGN', 'CHARLOTTE BAG SUKI DESIGN', 'CHILDRENS APRON APPLES DESIGN', 'CHILDS BREAKFAST SET CIRCUS PARADE', 'CHILDS BREAKFAST SET DOLLY GIRL ', 'COFFEE MUG APPLES DESIGN', 'COFFEE MUG CAT  BIRD DESIGN', 'COFFEE MUG PEARS  DESIGN', 'DINOSAUR LUNCH BOX WITH CUTLERY', 'JUMBO BAG 50S CHRISTMAS ', 'JUMBO BAG STRAWBERRY', 'JUMBO BAG VINTAGE CHRISTMAS ', 'LUNCH BOX WITH CUTLERY RETROSPOT ', 'MAGNETS PACK OF 4 CHILDHOOD MEMORY', 'MAGNETS PACK OF 4 HOME SWEET HOME', 'MAGNETS PACK OF 4 RETRO PHOTO', 'MAGNETS PACK OF 4 SWALLOWS', 'MAGNETS PACK OF 4 VINTAGE COLLAGE', 'MINI LIGHTS WOODLAND MUSHROOMS', 'MINI PLAYING CARDS DOLLY GIRL ', 'PANTRY MAGNETIC  SHOPPING LIST', 'PARTY BUNTING', 'PIG KEYRING WITH LIGHT AND SOUND ', 'PLASTERS IN TIN CIRCUS PARADE ', 'PLASTERS IN TIN SKULLS', 'PLASTERS IN TIN SPACEBOY', 'PLASTERS IN TIN STRONGMAN', 'PLASTERS IN TIN VINTAGE PAISLEY ', 'PLASTERS IN TIN WOODLAND ANIMALS', 'RABBIT NIGHT LIGHT', 'RECYCLING BAG RETROSPOT ', 'RED RETROSPOT CHARLOTTE BAG', 'RED TOADSTOOL LED NIGHT LIGHT', 'RETROSPOT CHILDRENS APRON', 'ROUND STORAGE TIN VINTAGE LEAF', 'SILVER MUG BONE CHINA TREE OF LIFE', 'SKULL LUNCH BOX WITH CUTLERY ', 'SKULLS  WATER TRANSFER TATTOOS ', 'SPACEBOY CHILDRENS BOWL', 'SPOTTY BUNTING', 'STORAGE TIN VINTAGE LEAF', 'STRAWBERRY CHARLOTTE BAG', 'STRAWBERRY LUNCH BOX WITH CUTLERY', 'TRADITIONAL NAUGHTS AND CROSSES', 'VINTAGE DOILY JUMBO BAG RED ', 'WOODEN SCHOOL COLOURING SET', 'Segment_Consumer', 'Region_Northeast']"
580263,"['CACTI TLIGHT CANDLES', 'DANISH ROSE DECORATIVE PLATE', 'DANISH ROSE DELUXE COASTER', 'DANISH ROSE ROUND SEWING BOX', 'GLAMOROUS  MUG', 'HI TEC ALPINE HAND WARMER', 'JIGSAW TOADSTOOLS 3 PIECE', 'SET OF 6 HALLOWEEN GHOST TLIGHTS', 'SKULL SHOULDER BAG', 'Segment_Corporate', 'Region_Southeast']"
580285,"['DOORMAT KEEP CALM AND COME IN', 'KINGS CHOICE BISCUIT TIN', 'MINT GREEN ROSE TOWEL', 'Segment_Consumer', 'Region_Southeast']"
580509,"['60 CAKE CASES DOLLY GIRL DESIGN', 'AIRLINE BAG VINTAGE JET SET WHITE', 'BAKING SET 9 PIECE RETROSPOT ', 'BLACK ENAMEL FLOWER RING', 'BLUE HARMONICA IN BOX ', 'DOUGHNUT LIP GLOSS ', 'ENGLISH ROSE SMALL SCENTED FLOWER', 'LANDMARK FRAME COVENT GARDEN ', 'LOVE HOT WATER BOTTLE', 'MOUSE TOY WITH PINK TSHIRT', 'PICTURE DOMINOES', 'PLAYING CARDS JUBILEE UNION JACK', 'SCOTTIE DOG HOT WATER BOTTLE', 'SET 12 COLOUR PENCILS DOLLY GIRL ', 'SET 12 COLOUR PENCILS SPACEBOY ', 'SET 12 COLOURING PENCILS DOILY', 'TRADITIONAL WOODEN CATCH CUP GAME ', 'VINTAGE HEADS AND TAILS CARD GAME ', 'VINTAGE SNAP CARDS', 'VINTAGE UNION JACK MEMOBOARD', 'Segment_Corporate', 'Region_Southeast']"
580534,"['JUMBO  BAG BAROQUE BLACK WHITE', 'JUMBO BAG APPLES', 'JUMBO BAG SPACEBOY DESIGN', 'JUMBO BAG WOODLAND ANIMALS', 'MINI LIGHTS WOODLAND MUSHROOMS', 'RABBIT NIGHT LIGHT', 'TRADTIONAL ALPHABET STAMP SET', 'Segment_Corporate', 'Region_Northeast']"
580536,"['CHARLOTTE BAG APPLES DESIGN', 'CHARLOTTE BAG PINK POLKADOT', 'CHILDRENS APRON APPLES DESIGN', 'COFFEE MUG PEARS  DESIGN', 'CUTE CATS TAPE', 'GINGERBREAD MAN COOKIE CUTTER', 'JUMBO BAG 50S CHRISTMAS ', 'JUMBO BAG APPLES', 'JUMBO BAG VINTAGE DOILY ', 'JUMBO BAG VINTAGE LEAF', 'PAPER BUNTING RETROSPOT', 'PICNIC BOXES SET OF 3 RETROSPOT ', 'RECYCLING BAG RETROSPOT ', 'RED APPLES CHOPPING BOARD   ', 'RED RETROSPOT CHARLOTTE BAG', 'RED RETROSPOT CHILDRENS UMBRELLA', 'RED RETROSPOT TAPE', 'RED TOADSTOOL LED NIGHT LIGHT', 'RETROSPOT CHILDRENS APRON', 'RETROSPOT TEA SET CERAMIC 11 PC ', 'SET OF 6 SOLDIER SKITTLES', 'TOY TIDY PINK POLKADOT', 'WOODLAND CHARLOTTE BAG', 'WRAP 50S  CHRISTMAS', 'WRAP RED APPLES ', 'Segment_Consumer', 'Region_Northeast']"
580705,"['BLACK KITCHEN SCALES', 'CARD MOTORBIKE SANTA', 'CHILDRENS CIRCUS PARADE MUG', 'CHILDRENS CUTLERY POLKADOT BLUE', 'CHILDRENS CUTLERY POLKADOT PINK', 'CHILDRENS CUTLERY RETROSPOT RED ', 'CHILDRENS SPACEBOY MUG', 'COFFEE MUG APPLES DESIGN', 'IVORY KITCHEN SCALES', 'MINT KITCHEN SCALES', 'PACK OF 20 SKULL PAPER NAPKINS', 'PACK OF 6 SKULL PAPER CUPS', 'PACK OF 6 SKULL PAPER PLATES', 'PAPER BUNTING RETROSPOT', 'RED KITCHEN SCALES', 'RED RETROSPOT OVEN GLOVE ', 'ROLL WRAP 50S CHRISTMAS', 'ROLL WRAP VINTAGE CHRISTMAS', 'ROUND SNACK BOXES SET OF 4 FRUITS ', 'SET OF 12 FAIRY CAKE BAKING CASES', 'SET OF 12 MINI LOAF BAKING CASES', 'SET OF 2 TEA TOWELS APPLE AND PEARS', 'SET OF 3 REGENCY CAKE TINS', 'SET OF 5 MINI GROCERY MAGNETS', 'SET OF 9 BLACK SKULL BALLOONS', 'SET OF 9 HEART SHAPED BALLOONS', 'SET2 RED RETROSPOT TEA TOWELS ', 'SET20 RED RETROSPOT PAPER NAPKINS ', 'SET6 RED SPOTTY PAPER CUPS', 'SET6 RED SPOTTY PAPER PLATES', 'STORAGE TIN VINTAGE DOILY ', 'VINTAGE RED TRIM ENAMEL BOWL ', 'WRAP  VINTAGE DOILY ', 'Segment_Consumer', 'Region_Northeast']"
580736,"['CHILDRENS APRON SPACEBOY DESIGN', 'CHILDS BREAKFAST SET CIRCUS PARADE', 'COFFEE MUG APPLES DESIGN', 'COFFEE MUG CAT  BIRD DESIGN', 'COFFEE MUG PEARS  DESIGN', 'FOLDING UMBRELLA BLACKBLUE POLKADOT', 'FOLDING UMBRELLA REDWHITE POLKADOT', 'FRIDGE MAGNETS LA VIE EN ROSE', 'FRIDGE MAGNETS LES ENFANTS ASSORTED', 'PARTY BUNTING', 'PENS ASSORTED FUNNY FACE', 'PLAYING CARDS I LOVE LONDON ', 'RED APPLES CHOPPING BOARD   ', 'RED ENCHANTED FOREST PLACEMAT', 'RED RETROSPOT BOWL', 'RETRO PLASTIC ELEPHANT TRAY', 'ROUND SNACK BOXES SET OF 4 FRUITS ', 'ROUND SNACK BOXES SET OF4 WOODLAND ', 'SET OF 3 REGENCY CAKE TINS', 'SET OF 9 BLACK SKULL BALLOONS', 'SNACK TRAY HAPPY FOREST  ', 'TRADITIONAL PICK UP STICKS GAME ', 'WATERING CAN BLUE ELEPHANT', 'Segment_Consumer', 'Region_Southeast']"
580753,"['BAKING SET 9 PIECE RETROSPOT ', 'BLUE POLKADOT CUP', 'BUNDLE OF 3 ALPHABET EXERCISE BOOKS', 'CHRISTMAS STAR WISH LIST CHALKBOARD', 'DOORMAT FAIRY CAKE', 'GINGERBREAD MAN COOKIE CUTTER', 'GLASS  SONGBIRD STORAGE JAR', 'GUMBALL COAT RACK', 'JUMBO BAG RED RETROSPOT', 'JUMBO STORAGE BAG SUKI', 'NATURAL SLATE CHALKBOARD LARGE ', 'OPEN CLOSED METAL SIGN', 'PACK OF 60 PINK PAISLEY CAKE CASES', 'PACK OF 72 RETROSPOT CAKE CASES', 'PAPER LANTERN 9 POINT SNOW STAR ', 'PARTY BUNTING', 'PINK  POLKADOT CUP', 'PINK POLKADOT PLATE ', 'PLASTERS IN TIN CIRCUS PARADE ', 'PLASTERS IN TIN SPACEBOY', 'PLASTERS IN TIN STRONGMAN', 'RABBIT NIGHT LIGHT', 'RED RETROSPOT MINI CASES', 'RED RETROSPOT PLATE ', 'REGENCY CAKESTAND 3 TIER', 'REGENCY SUGAR TONGS', 'RETROSPOT TEA SET CERAMIC 11 PC ', 'SET OF 20 KIDS COOKIE CUTTERS', 'SET OF 3 HEART COOKIE CUTTERS', 'Segment_Corporate', 'Region_Southeast']"
580756,"['4 IVORY DINNER CANDLES SILVER FLOCK', 'CHILDRENS CUTLERY CIRCUS PARADE', 'CHILDRENS CUTLERY DOLLY GIRL ', 'CHILDRENS CUTLERY SPACEBOY ', 'Segment_Consumer', 'Region_Northeast']"
580986,"['CARD I LOVE LONDON ', 'CHARLOTTE BAG SUKI DESIGN', 'LARGE PURPLE BABUSHKA NOTEBOOK  ', 'LARGE RED BABUSHKA NOTEBOOK ', 'LARGE YELLOW BABUSHKA NOTEBOOK ', 'PAPERWEIGHT CHILDHOOD MEMORIES', 'RAINY LADIES BIRTHDAY CARD', 'ROBOT BIRTHDAY CARD', 'ROUND SNACK BOXES SET OF 4 SKULLS', 'SET 7 BABUSHKA NESTING BOXES', 'SKULLS STORAGE BOX LARGE', 'SKULLS STORAGE BOX SMALL', 'SMALL PURPLE BABUSHKA NOTEBOOK ', 'SMALL RED BABUSHKA NOTEBOOK ', 'SMALL YELLOW BABUSHKA NOTEBOOK ', 'SNACK TRAY I LOVE LONDON', 'SPACEBOY BIRTHDAY CARD', 'SUKI  SHOULDER BAG', 'TEA PARTY BIRTHDAY CARD', 'Segment_Corporate', 'Region_Southeast']"
581001,"['ALARM CLOCK BAKELIKE GREEN', 'ALARM CLOCK BAKELIKE PINK', 'BAKING SET SPACEBOY DESIGN', 'CHILDRENS APRON SPACEBOY DESIGN', 'EMBROIDERED RIBBON REEL DAISY ', 'LUNCH BOX WITH CUTLERY RETROSPOT ', 'MINI JIGSAW CIRCUS PARADE ', 'MINI JIGSAW SPACEBOY', 'MINI LIGHTS WOODLAND MUSHROOMS', 'PACK OF 20 SPACEBOY NAPKINS', 'RABBIT NIGHT LIGHT', 'RETROSPOT CHILDRENS APRON', 'ROUND SNACK BOXES SET OF4 WOODLAND ', 'SET OF 20 VINTAGE CHRISTMAS NAPKINS', 'SET OF 6 RIBBONS PERFECTLY PRETTY  ', 'SPOTTY BUNTING', 'STRAWBERRY LUNCH BOX WITH CUTLERY', 'WOODLAND MINI BACKPACK', 'Segment_Corporate', 'Region_Northeast']"
581171,"['4 TRADITIONAL SPINNING TOPS', 'BLUE HARMONICA IN BOX ', 'COWBOYS AND INDIANS BIRTHDAY CARD ', 'FAWN BLUE HOT WATER BOTTLE', 'GINGERBREAD MAN COOKIE CUTTER', 'PARISIENNE JEWELLERY DRAWER ', 'PENNY FARTHING BIRTHDAY CARD', 'RABBIT NIGHT LIGHT', 'RED RETROSPOT CHILDRENS UMBRELLA', 'RED RETROSPOT MINI CASES', 'RED RETROSPOT UMBRELLA', 'SET OF 4 JAM JAR MAGNETS', 'SPACEBOY BIRTHDAY CARD', 'TEA PARTY BIRTHDAY CARD', 'TRADITIONAL PICK UP STICKS GAME ', 'TRADITIONAL WOODEN SKIPPING ROPE', 'VICTORIAN SEWING BOX LARGE', 'WOODEN BOX OF DOMINOES', 'WORLD WAR 2 GLIDERS ASSTD DESIGNS', 'Segment_Corporate', 'Region_Northeast']"
581279,"['CAKE STAND WHITE TWO TIER LACE', 'REGENCY CAKESTAND 3 TIER', 'Segment_Consumer', 'Region_Southeast']"
581316,"['GLASS  SONGBIRD STORAGE JAR', 'RED RETROSPOT SUGAR JAM BOWL', 'REGENCY SUGAR BOWL GREEN', 'Segment_Consumer', 'Region_Southeast']"
581587,"['ALARM CLOCK BAKELIKE GREEN', 'ALARM CLOCK BAKELIKE IVORY', 'ALARM CLOCK BAKELIKE PINK', 'ALARM CLOCK BAKELIKE RED ', 'BAKING SET 9 PIECE RETROSPOT ', 'CHILDRENS APRON DOLLY GIRL ', 'CHILDRENS APRON SPACEBOY DESIGN', 'CHILDRENS CUTLERY CIRCUS PARADE', 'CHILDRENS CUTLERY DOLLY GIRL ', 'CHILDRENS CUTLERY SPACEBOY ', 'CIRCUS PARADE LUNCH BOX ', 'PACK OF 20 SPACEBOY NAPKINS', 'PLASTERS IN TIN CIRCUS PARADE ', 'PLASTERS IN TIN STRONGMAN', 'SPACEBOY LUNCH BOX ', 'Segment_Corporate', 'Region_Southeast']"
